// Validating benchmarks:
// ***** BenchmarkRunner: Start   *****
// ***** Found 42 benchmark(s) in total *****
// ***** Building 1 exe(s) in Parallel: Start   *****
// start dotnet  restore /p:UseSharedCompilation=false /p:BuildInParallel=false /m:1 /p:Deterministic=true /p:Optimize=true /p:IntermediateOutputPath="C:\Users\Angel\RiderProjects\PlaxionMediator\benchmarks-comparison\src\Plaxion.BenchMarks.Comparison\bin\Release\net9.0\8a773897-42cb-4ccd-8a9e-ce6ce7c896af\obj\Release\net9.0/" /p:OutDir="C:\Users\Angel\RiderProjects\PlaxionMediator\benchmarks-comparison\src\Plaxion.BenchMarks.Comparison\bin\Release\net9.0\8a773897-42cb-4ccd-8a9e-ce6ce7c896af\bin\Release\net9.0/" /p:OutputPath="C:\Users\Angel\RiderProjects\PlaxionMediator\benchmarks-comparison\src\Plaxion.BenchMarks.Comparison\bin\Release\net9.0\8a773897-42cb-4ccd-8a9e-ce6ce7c896af\bin\Release\net9.0/" in C:\Users\Angel\RiderProjects\PlaxionMediator\benchmarks-comparison\src\Plaxion.BenchMarks.Comparison\bin\Release\net9.0\8a773897-42cb-4ccd-8a9e-ce6ce7c896af
// command took 1.12 sec and exited with 0
// start dotnet  build -c Release --no-restore /p:UseSharedCompilation=false /p:BuildInParallel=false /m:1 /p:Deterministic=true /p:Optimize=true /p:IntermediateOutputPath="C:\Users\Angel\RiderProjects\PlaxionMediator\benchmarks-comparison\src\Plaxion.BenchMarks.Comparison\bin\Release\net9.0\8a773897-42cb-4ccd-8a9e-ce6ce7c896af\obj\Release\net9.0/" /p:OutDir="C:\Users\Angel\RiderProjects\PlaxionMediator\benchmarks-comparison\src\Plaxion.BenchMarks.Comparison\bin\Release\net9.0\8a773897-42cb-4ccd-8a9e-ce6ce7c896af\bin\Release\net9.0/" /p:OutputPath="C:\Users\Angel\RiderProjects\PlaxionMediator\benchmarks-comparison\src\Plaxion.BenchMarks.Comparison\bin\Release\net9.0\8a773897-42cb-4ccd-8a9e-ce6ce7c896af\bin\Release\net9.0/" --output "C:\Users\Angel\RiderProjects\PlaxionMediator\benchmarks-comparison\src\Plaxion.BenchMarks.Comparison\bin\Release\net9.0\8a773897-42cb-4ccd-8a9e-ce6ce7c896af\bin\Release\net9.0/" in C:\Users\Angel\RiderProjects\PlaxionMediator\benchmarks-comparison\src\Plaxion.BenchMarks.Comparison\bin\Release\net9.0\8a773897-42cb-4ccd-8a9e-ce6ce7c896af
// command took 18.53 sec and exited with 0
// ***** Done, took 00:00:19 (19.7 sec)   *****
// Found 12 benchmarks:
//   ConcurrencyBenchmarks.Concurrent_Plaxion_1: Job-ASUFOU(IterationCount=10, LaunchCount=1, WarmupCount=3)
//   ConcurrencyBenchmarks.Concurrent_Plaxion_8: Job-ASUFOU(IterationCount=10, LaunchCount=1, WarmupCount=3)
//   ConcurrencyBenchmarks.Concurrent_Plaxion_32: Job-ASUFOU(IterationCount=10, LaunchCount=1, WarmupCount=3)
//   ConcurrencyBenchmarks.Concurrent_Plaxion_128: Job-ASUFOU(IterationCount=10, LaunchCount=1, WarmupCount=3)
//   ConcurrencyBenchmarks.Concurrent_MediatR_1: Job-ASUFOU(IterationCount=10, LaunchCount=1, WarmupCount=3)
//   ConcurrencyBenchmarks.Concurrent_MediatR_8: Job-ASUFOU(IterationCount=10, LaunchCount=1, WarmupCount=3)
//   ConcurrencyBenchmarks.Concurrent_MediatR_32: Job-ASUFOU(IterationCount=10, LaunchCount=1, WarmupCount=3)
//   ConcurrencyBenchmarks.Concurrent_MediatR_128: Job-ASUFOU(IterationCount=10, LaunchCount=1, WarmupCount=3)
//   ConcurrencyBenchmarks.Concurrent_Mediator_1: Job-ASUFOU(IterationCount=10, LaunchCount=1, WarmupCount=3)
//   ConcurrencyBenchmarks.Concurrent_Mediator_8: Job-ASUFOU(IterationCount=10, LaunchCount=1, WarmupCount=3)
//   ConcurrencyBenchmarks.Concurrent_Mediator_32: Job-ASUFOU(IterationCount=10, LaunchCount=1, WarmupCount=3)
//   ConcurrencyBenchmarks.Concurrent_Mediator_128: Job-ASUFOU(IterationCount=10, LaunchCount=1, WarmupCount=3)

Setup power plan (GUID: 8c5e7fda-e8bf-4a96-9a85-a6e23a8c635c FriendlyName: High performance)
// **************************
// Benchmark: ConcurrencyBenchmarks.Concurrent_Plaxion_1: Job-ASUFOU(IterationCount=10, LaunchCount=1, WarmupCount=3)
// *** Execute ***
// Launch: 1 / 1
// Execute: dotnet 8a773897-42cb-4ccd-8a9e-ce6ce7c896af.dll --anonymousPipes 1440 1436 --benchmarkName Plaxion.BenchMarks.Comparison.ConcurrencyBenchmarks.Concurrent_Plaxion_1 --job "IterationCount=10, LaunchCount=1, WarmupCount=3" --benchmarkId 0 in C:\Users\Angel\RiderProjects\PlaxionMediator\benchmarks-comparison\src\Plaxion.BenchMarks.Comparison\bin\Release\net9.0\8a773897-42cb-4ccd-8a9e-ce6ce7c896af\bin\Release\net9.0
// BeforeAnythingElse

// Benchmark Process Environment Information:
// BenchmarkDotNet v0.14.0
// Runtime=.NET 9.0.7 (9.0.725.31616), X64 RyuJIT AVX2
// GC=Concurrent Workstation
// HardwareIntrinsics=AVX2,AES,BMI1,BMI2,FMA,LZCNT,PCLMUL,POPCNT,AvxVnni,SERIALIZE VectorSize=256
// Job: Job-MYEBTQ(IterationCount=10, LaunchCount=1, WarmupCount=3)

OverheadJitting  1: 1 op, 142400.00 ns, 142.4000 us/op
WorkloadJitting  1: 1 op, 3948000.00 ns, 3.9480 ms/op

OverheadJitting  2: 16 op, 136700.00 ns, 8.5438 us/op
WorkloadJitting  2: 16 op, 595200.00 ns, 37.2000 us/op

WorkloadPilot    1: 16 op, 16000.00 ns, 1.0000 us/op
WorkloadPilot    2: 32 op, 21700.00 ns, 678.1250 ns/op
WorkloadPilot    3: 64 op, 33100.00 ns, 517.1875 ns/op
WorkloadPilot    4: 128 op, 51900.00 ns, 405.4688 ns/op
WorkloadPilot    5: 256 op, 92500.00 ns, 361.3281 ns/op
WorkloadPilot    6: 512 op, 179500.00 ns, 350.5859 ns/op
WorkloadPilot    7: 1024 op, 350600.00 ns, 342.3828 ns/op
WorkloadPilot    8: 2048 op, 1214100.00 ns, 592.8223 ns/op
WorkloadPilot    9: 4096 op, 1353200.00 ns, 330.3711 ns/op
WorkloadPilot   10: 8192 op, 2785500.00 ns, 340.0269 ns/op
WorkloadPilot   11: 16384 op, 5128500.00 ns, 313.0188 ns/op
WorkloadPilot   12: 32768 op, 10824900.00 ns, 330.3497 ns/op
WorkloadPilot   13: 65536 op, 21653000.00 ns, 330.3986 ns/op
WorkloadPilot   14: 131072 op, 39608100.00 ns, 302.1858 ns/op
WorkloadPilot   15: 262144 op, 75034000.00 ns, 286.2320 ns/op
WorkloadPilot   16: 524288 op, 90005300.00 ns, 171.6715 ns/op
WorkloadPilot   17: 1048576 op, 84837100.00 ns, 80.9070 ns/op
WorkloadPilot   18: 2097152 op, 160134200.00 ns, 76.3579 ns/op
WorkloadPilot   19: 4194304 op, 326036900.00 ns, 77.7333 ns/op
WorkloadPilot   20: 8388608 op, 647313300.00 ns, 77.1658 ns/op

OverheadWarmup   1: 8388608 op, 13424000.00 ns, 1.6003 ns/op
OverheadWarmup   2: 8388608 op, 12906100.00 ns, 1.5385 ns/op
OverheadWarmup   3: 8388608 op, 12955200.00 ns, 1.5444 ns/op
OverheadWarmup   4: 8388608 op, 12972900.00 ns, 1.5465 ns/op
OverheadWarmup   5: 8388608 op, 12937900.00 ns, 1.5423 ns/op
OverheadWarmup   6: 8388608 op, 12667900.00 ns, 1.5101 ns/op
OverheadWarmup   7: 8388608 op, 12802000.00 ns, 1.5261 ns/op
OverheadWarmup   8: 8388608 op, 13193100.00 ns, 1.5727 ns/op
OverheadWarmup   9: 8388608 op, 12643300.00 ns, 1.5072 ns/op

OverheadActual   1: 8388608 op, 12771200.00 ns, 1.5224 ns/op
OverheadActual   2: 8388608 op, 12970700.00 ns, 1.5462 ns/op
OverheadActual   3: 8388608 op, 12865900.00 ns, 1.5337 ns/op
OverheadActual   4: 8388608 op, 12886800.00 ns, 1.5362 ns/op
OverheadActual   5: 8388608 op, 13102400.00 ns, 1.5619 ns/op
OverheadActual   6: 8388608 op, 12941800.00 ns, 1.5428 ns/op
OverheadActual   7: 8388608 op, 12956800.00 ns, 1.5446 ns/op
OverheadActual   8: 8388608 op, 13019800.00 ns, 1.5521 ns/op
OverheadActual   9: 8388608 op, 12907300.00 ns, 1.5387 ns/op
OverheadActual  10: 8388608 op, 12849300.00 ns, 1.5318 ns/op
OverheadActual  11: 8388608 op, 12839900.00 ns, 1.5306 ns/op
OverheadActual  12: 8388608 op, 12973100.00 ns, 1.5465 ns/op
OverheadActual  13: 8388608 op, 12935200.00 ns, 1.5420 ns/op
OverheadActual  14: 8388608 op, 13222900.00 ns, 1.5763 ns/op
OverheadActual  15: 8388608 op, 12303500.00 ns, 1.4667 ns/op

WorkloadWarmup   1: 8388608 op, 659970900.00 ns, 78.6747 ns/op
WorkloadWarmup   2: 8388608 op, 673352300.00 ns, 80.2698 ns/op
WorkloadWarmup   3: 8388608 op, 652356300.00 ns, 77.7669 ns/op

// BeforeActualRun
WorkloadActual   1: 8388608 op, 664407300.00 ns, 79.2035 ns/op
WorkloadActual   2: 8388608 op, 668114500.00 ns, 79.6455 ns/op
WorkloadActual   3: 8388608 op, 685976200.00 ns, 81.7747 ns/op
WorkloadActual   4: 8388608 op, 666898800.00 ns, 79.5005 ns/op
WorkloadActual   5: 8388608 op, 660786800.00 ns, 78.7719 ns/op
WorkloadActual   6: 8388608 op, 769966200.00 ns, 91.7871 ns/op
WorkloadActual   7: 8388608 op, 791053000.00 ns, 94.3009 ns/op
WorkloadActual   8: 8388608 op, 696486800.00 ns, 83.0277 ns/op
WorkloadActual   9: 8388608 op, 669243300.00 ns, 79.7800 ns/op
WorkloadActual  10: 8388608 op, 658266100.00 ns, 78.4714 ns/op

// AfterActualRun
WorkloadResult   1: 8388608 op, 651472100.00 ns, 77.6615 ns/op
WorkloadResult   2: 8388608 op, 655179300.00 ns, 78.1035 ns/op
WorkloadResult   3: 8388608 op, 673041000.00 ns, 80.2327 ns/op
WorkloadResult   4: 8388608 op, 653963600.00 ns, 77.9585 ns/op
WorkloadResult   5: 8388608 op, 647851600.00 ns, 77.2299 ns/op
WorkloadResult   6: 8388608 op, 683551600.00 ns, 81.4857 ns/op
WorkloadResult   7: 8388608 op, 656308100.00 ns, 78.2380 ns/op
WorkloadResult   8: 8388608 op, 645330900.00 ns, 76.9294 ns/op
// GC:  112 0 0 1476395744 8388608
// Threading:  0 0 8388608

// AfterAll
// Benchmark Process 53656 has exited with code 0.

Mean = 78.480 ns, StdErr = 0.554 ns (0.71%), N = 8, StdDev = 1.568 ns
Min = 76.929 ns, Q1 = 77.554 ns, Median = 78.031 ns, Q3 = 78.737 ns, Max = 81.486 ns
IQR = 1.183 ns, LowerFence = 75.779 ns, UpperFence = 80.511 ns
ConfidenceInterval = [75.482 ns; 81.478 ns] (CI 99.9%), Margin = 2.998 ns (3.82% of Mean)
Skewness = 0.85, Kurtosis = 2.06, MValue = 2

// ** Remained 41 (97.6%) benchmark(s) to run. Estimated finish 2026-08-03 12:27 (0h 8m from now) **
Setup power plan (GUID: 8c5e7fda-e8bf-4a96-9a85-a6e23a8c635c FriendlyName: High performance)
// **************************
// Benchmark: ConcurrencyBenchmarks.Concurrent_Plaxion_8: Job-ASUFOU(IterationCount=10, LaunchCount=1, WarmupCount=3)
// *** Execute ***
// Launch: 1 / 1
// Execute: dotnet 8a773897-42cb-4ccd-8a9e-ce6ce7c896af.dll --anonymousPipes 1396 1472 --benchmarkName Plaxion.BenchMarks.Comparison.ConcurrencyBenchmarks.Concurrent_Plaxion_8 --job "IterationCount=10, LaunchCount=1, WarmupCount=3" --benchmarkId 1 in C:\Users\Angel\RiderProjects\PlaxionMediator\benchmarks-comparison\src\Plaxion.BenchMarks.Comparison\bin\Release\net9.0\8a773897-42cb-4ccd-8a9e-ce6ce7c896af\bin\Release\net9.0
// BeforeAnythingElse

// Benchmark Process Environment Information:
// BenchmarkDotNet v0.14.0
// Runtime=.NET 9.0.7 (9.0.725.31616), X64 RyuJIT AVX2
// GC=Concurrent Workstation
// HardwareIntrinsics=AVX2,AES,BMI1,BMI2,FMA,LZCNT,PCLMUL,POPCNT,AvxVnni,SERIALIZE VectorSize=256
// Job: Job-YCUIXW(IterationCount=10, LaunchCount=1, WarmupCount=3)

OverheadJitting  1: 1 op, 141500.00 ns, 141.5000 us/op
WorkloadJitting  1: 1 op, 4334800.00 ns, 4.3348 ms/op

OverheadJitting  2: 16 op, 125100.00 ns, 7.8188 us/op
WorkloadJitting  2: 16 op, 190000.00 ns, 11.8750 us/op

WorkloadPilot    1: 16 op, 46200.00 ns, 2.8875 us/op
WorkloadPilot    2: 32 op, 81200.00 ns, 2.5375 us/op
WorkloadPilot    3: 64 op, 658100.00 ns, 10.2828 us/op
WorkloadPilot    4: 128 op, 290000.00 ns, 2.2656 us/op
WorkloadPilot    5: 256 op, 530200.00 ns, 2.0711 us/op
WorkloadPilot    6: 512 op, 1108900.00 ns, 2.1658 us/op
WorkloadPilot    7: 1024 op, 2316100.00 ns, 2.2618 us/op
WorkloadPilot    8: 2048 op, 4562600.00 ns, 2.2278 us/op
WorkloadPilot    9: 4096 op, 8866300.00 ns, 2.1646 us/op
WorkloadPilot   10: 8192 op, 18226700.00 ns, 2.2249 us/op
WorkloadPilot   11: 16384 op, 35621300.00 ns, 2.1742 us/op
WorkloadPilot   12: 32768 op, 69108500.00 ns, 2.1090 us/op
WorkloadPilot   13: 65536 op, 103898300.00 ns, 1.5854 us/op
WorkloadPilot   14: 131072 op, 66359000.00 ns, 506.2790 ns/op
WorkloadPilot   15: 262144 op, 134942600.00 ns, 514.7652 ns/op
WorkloadPilot   16: 524288 op, 266193700.00 ns, 507.7242 ns/op
WorkloadPilot   17: 1048576 op, 532672000.00 ns, 507.9956 ns/op

OverheadWarmup   1: 1048576 op, 1603500.00 ns, 1.5292 ns/op
OverheadWarmup   2: 1048576 op, 1602400.00 ns, 1.5282 ns/op
OverheadWarmup   3: 1048576 op, 1602200.00 ns, 1.5280 ns/op
OverheadWarmup   4: 1048576 op, 1602500.00 ns, 1.5283 ns/op
OverheadWarmup   5: 1048576 op, 1602400.00 ns, 1.5282 ns/op
OverheadWarmup   6: 1048576 op, 1612300.00 ns, 1.5376 ns/op
OverheadWarmup   7: 1048576 op, 1607800.00 ns, 1.5333 ns/op

OverheadActual   1: 1048576 op, 1602500.00 ns, 1.5283 ns/op
OverheadActual   2: 1048576 op, 1602400.00 ns, 1.5282 ns/op
OverheadActual   3: 1048576 op, 1611600.00 ns, 1.5369 ns/op
OverheadActual   4: 1048576 op, 1612000.00 ns, 1.5373 ns/op
OverheadActual   5: 1048576 op, 1602500.00 ns, 1.5283 ns/op
OverheadActual   6: 1048576 op, 1602300.00 ns, 1.5281 ns/op
OverheadActual   7: 1048576 op, 1611200.00 ns, 1.5366 ns/op
OverheadActual   8: 1048576 op, 1643900.00 ns, 1.5677 ns/op
OverheadActual   9: 1048576 op, 1619300.00 ns, 1.5443 ns/op
OverheadActual  10: 1048576 op, 1602800.00 ns, 1.5285 ns/op
OverheadActual  11: 1048576 op, 1612300.00 ns, 1.5376 ns/op
OverheadActual  12: 1048576 op, 1602500.00 ns, 1.5283 ns/op
OverheadActual  13: 1048576 op, 1605900.00 ns, 1.5315 ns/op
OverheadActual  14: 1048576 op, 1602700.00 ns, 1.5285 ns/op
OverheadActual  15: 1048576 op, 1613300.00 ns, 1.5386 ns/op

WorkloadWarmup   1: 1048576 op, 542001100.00 ns, 516.8925 ns/op
WorkloadWarmup   2: 1048576 op, 540895500.00 ns, 515.8381 ns/op
WorkloadWarmup   3: 1048576 op, 545899000.00 ns, 520.6099 ns/op

// BeforeActualRun
WorkloadActual   1: 1048576 op, 534403900.00 ns, 509.6473 ns/op
WorkloadActual   2: 1048576 op, 536580500.00 ns, 511.7230 ns/op
WorkloadActual   3: 1048576 op, 526833500.00 ns, 502.4276 ns/op
WorkloadActual   4: 1048576 op, 544651300.00 ns, 519.4200 ns/op
WorkloadActual   5: 1048576 op, 542160300.00 ns, 517.0444 ns/op
WorkloadActual   6: 1048576 op, 529062300.00 ns, 504.5531 ns/op
WorkloadActual   7: 1048576 op, 540952600.00 ns, 515.8926 ns/op
WorkloadActual   8: 1048576 op, 540022500.00 ns, 515.0056 ns/op
WorkloadActual   9: 1048576 op, 537177200.00 ns, 512.2921 ns/op
WorkloadActual  10: 1048576 op, 527766900.00 ns, 503.3177 ns/op

// AfterActualRun
WorkloadResult   1: 1048576 op, 532798000.00 ns, 508.1158 ns/op
WorkloadResult   2: 1048576 op, 534974600.00 ns, 510.1915 ns/op
WorkloadResult   3: 1048576 op, 525227600.00 ns, 500.8961 ns/op
WorkloadResult   4: 1048576 op, 543045400.00 ns, 517.8885 ns/op
WorkloadResult   5: 1048576 op, 540554400.00 ns, 515.5128 ns/op
WorkloadResult   6: 1048576 op, 527456400.00 ns, 503.0216 ns/op
WorkloadResult   7: 1048576 op, 539346700.00 ns, 514.3611 ns/op
WorkloadResult   8: 1048576 op, 538416600.00 ns, 513.4741 ns/op
WorkloadResult   9: 1048576 op, 535571300.00 ns, 510.7606 ns/op
WorkloadResult  10: 1048576 op, 526161000.00 ns, 501.7862 ns/op
// GC:  59 0 0 771752624 1048576
// Threading:  0 0 1048576

// AfterAll
// Benchmark Process 24588 has exited with code 0.

Mean = 509.601 ns, StdErr = 1.901 ns (0.37%), N = 10, StdDev = 6.012 ns
Min = 500.896 ns, Q1 = 504.295 ns, Median = 510.476 ns, Q3 = 514.139 ns, Max = 517.888 ns
IQR = 9.844 ns, LowerFence = 489.529 ns, UpperFence = 528.906 ns
ConfidenceInterval = [500.511 ns; 518.691 ns] (CI 99.9%), Margin = 9.090 ns (1.78% of Mean)
Skewness = -0.22, Kurtosis = 1.38, MValue = 2

// ** Remained 40 (95.2%) benchmark(s) to run. Estimated finish 2026-08-03 12:26 (0h 6m from now) **
Setup power plan (GUID: 8c5e7fda-e8bf-4a96-9a85-a6e23a8c635c FriendlyName: High performance)
// **************************
// Benchmark: ConcurrencyBenchmarks.Concurrent_Plaxion_32: Job-ASUFOU(IterationCount=10, LaunchCount=1, WarmupCount=3)
// *** Execute ***
// Launch: 1 / 1
// Execute: dotnet 8a773897-42cb-4ccd-8a9e-ce6ce7c896af.dll --anonymousPipes 608 624 --benchmarkName Plaxion.BenchMarks.Comparison.ConcurrencyBenchmarks.Concurrent_Plaxion_32 --job "IterationCount=10, LaunchCount=1, WarmupCount=3" --benchmarkId 2 in C:\Users\Angel\RiderProjects\PlaxionMediator\benchmarks-comparison\src\Plaxion.BenchMarks.Comparison\bin\Release\net9.0\8a773897-42cb-4ccd-8a9e-ce6ce7c896af\bin\Release\net9.0
// BeforeAnythingElse

// Benchmark Process Environment Information:
// BenchmarkDotNet v0.14.0
// Runtime=.NET 9.0.7 (9.0.725.31616), X64 RyuJIT AVX2
// GC=Concurrent Workstation
// HardwareIntrinsics=AVX2,AES,BMI1,BMI2,FMA,LZCNT,PCLMUL,POPCNT,AvxVnni,SERIALIZE VectorSize=256
// Job: Job-CBFXFJ(IterationCount=10, LaunchCount=1, WarmupCount=3)

OverheadJitting  1: 1 op, 125800.00 ns, 125.8000 us/op
WorkloadJitting  1: 1 op, 4287400.00 ns, 4.2874 ms/op

OverheadJitting  2: 16 op, 132100.00 ns, 8.2563 us/op
WorkloadJitting  2: 16 op, 310100.00 ns, 19.3813 us/op

WorkloadPilot    1: 16 op, 674400.00 ns, 42.1500 us/op
WorkloadPilot    2: 32 op, 332400.00 ns, 10.3875 us/op
WorkloadPilot    3: 64 op, 616600.00 ns, 9.6344 us/op
WorkloadPilot    4: 128 op, 1152100.00 ns, 9.0008 us/op
WorkloadPilot    5: 256 op, 2312300.00 ns, 9.0324 us/op
WorkloadPilot    6: 512 op, 4535600.00 ns, 8.8586 us/op
WorkloadPilot    7: 1024 op, 8845900.00 ns, 8.6386 us/op
WorkloadPilot    8: 2048 op, 17928200.00 ns, 8.7540 us/op
WorkloadPilot    9: 4096 op, 35773500.00 ns, 8.7338 us/op
WorkloadPilot   10: 8192 op, 67006200.00 ns, 8.1795 us/op
WorkloadPilot   11: 16384 op, 98790900.00 ns, 6.0297 us/op
WorkloadPilot   12: 32768 op, 65245800.00 ns, 1.9911 us/op
WorkloadPilot   13: 65536 op, 125786700.00 ns, 1.9194 us/op
WorkloadPilot   14: 131072 op, 261002700.00 ns, 1.9913 us/op
WorkloadPilot   15: 262144 op, 510274700.00 ns, 1.9465 us/op

OverheadWarmup   1: 262144 op, 401900.00 ns, 1.5331 ns/op
OverheadWarmup   2: 262144 op, 401200.00 ns, 1.5305 ns/op
OverheadWarmup   3: 262144 op, 401200.00 ns, 1.5305 ns/op
OverheadWarmup   4: 262144 op, 401100.00 ns, 1.5301 ns/op
OverheadWarmup   5: 262144 op, 401100.00 ns, 1.5301 ns/op
OverheadWarmup   6: 262144 op, 401200.00 ns, 1.5305 ns/op

OverheadActual   1: 262144 op, 401100.00 ns, 1.5301 ns/op
OverheadActual   2: 262144 op, 401200.00 ns, 1.5305 ns/op
OverheadActual   3: 262144 op, 401200.00 ns, 1.5305 ns/op
OverheadActual   4: 262144 op, 401100.00 ns, 1.5301 ns/op
OverheadActual   5: 262144 op, 401100.00 ns, 1.5301 ns/op
OverheadActual   6: 262144 op, 401200.00 ns, 1.5305 ns/op
OverheadActual   7: 262144 op, 401000.00 ns, 1.5297 ns/op
OverheadActual   8: 262144 op, 401300.00 ns, 1.5308 ns/op
OverheadActual   9: 262144 op, 401200.00 ns, 1.5305 ns/op
OverheadActual  10: 262144 op, 401100.00 ns, 1.5301 ns/op
OverheadActual  11: 262144 op, 401100.00 ns, 1.5301 ns/op
OverheadActual  12: 262144 op, 401000.00 ns, 1.5297 ns/op
OverheadActual  13: 262144 op, 401200.00 ns, 1.5305 ns/op
OverheadActual  14: 262144 op, 401500.00 ns, 1.5316 ns/op
OverheadActual  15: 262144 op, 401400.00 ns, 1.5312 ns/op

WorkloadWarmup   1: 262144 op, 513220600.00 ns, 1.9578 us/op
WorkloadWarmup   2: 262144 op, 511095500.00 ns, 1.9497 us/op
WorkloadWarmup   3: 262144 op, 507963300.00 ns, 1.9377 us/op

// BeforeActualRun
WorkloadActual   1: 262144 op, 508314900.00 ns, 1.9391 us/op
WorkloadActual   2: 262144 op, 500717600.00 ns, 1.9101 us/op
WorkloadActual   3: 262144 op, 510870300.00 ns, 1.9488 us/op
WorkloadActual   4: 262144 op, 496331200.00 ns, 1.8934 us/op
WorkloadActual   5: 262144 op, 498597100.00 ns, 1.9020 us/op
WorkloadActual   6: 262144 op, 498446100.00 ns, 1.9014 us/op
WorkloadActual   7: 262144 op, 509319600.00 ns, 1.9429 us/op
WorkloadActual   8: 262144 op, 494827000.00 ns, 1.8876 us/op
WorkloadActual   9: 262144 op, 497040300.00 ns, 1.8961 us/op
WorkloadActual  10: 262144 op, 503619100.00 ns, 1.9212 us/op

// AfterActualRun
WorkloadResult   1: 262144 op, 507913700.00 ns, 1.9375 us/op
WorkloadResult   2: 262144 op, 500316400.00 ns, 1.9086 us/op
WorkloadResult   3: 262144 op, 510469100.00 ns, 1.9473 us/op
WorkloadResult   4: 262144 op, 495930000.00 ns, 1.8918 us/op
WorkloadResult   5: 262144 op, 498195900.00 ns, 1.9005 us/op
WorkloadResult   6: 262144 op, 498044900.00 ns, 1.8999 us/op
WorkloadResult   7: 262144 op, 508918400.00 ns, 1.9414 us/op
WorkloadResult   8: 262144 op, 494425800.00 ns, 1.8861 us/op
WorkloadResult   9: 262144 op, 496639100.00 ns, 1.8945 us/op
WorkloadResult  10: 262144 op, 503217900.00 ns, 1.9196 us/op
// GC:  53 0 0 696254864 262144
// Threading:  0 0 262144

// AfterAll
// Benchmark Process 67108 has exited with code 0.

Mean = 1.913 μs, StdErr = 0.007 μs (0.37%), N = 10, StdDev = 0.022 μs
Min = 1.886 μs, Q1 = 1.896 μs, Median = 1.905 μs, Q3 = 1.933 μs, Max = 1.947 μs
IQR = 0.037 μs, LowerFence = 1.840 μs, UpperFence = 1.989 μs
ConfidenceInterval = [1.879 μs; 1.946 μs] (CI 99.9%), Margin = 0.034 μs (1.77% of Mean)
Skewness = 0.38, Kurtosis = 1.34, MValue = 2

// ** Remained 39 (92.9%) benchmark(s) to run. Estimated finish 2026-08-03 12:26 (0h 6m from now) **
Setup power plan (GUID: 8c5e7fda-e8bf-4a96-9a85-a6e23a8c635c FriendlyName: High performance)
// **************************
// Benchmark: ConcurrencyBenchmarks.Concurrent_Plaxion_128: Job-ASUFOU(IterationCount=10, LaunchCount=1, WarmupCount=3)
// *** Execute ***
// Launch: 1 / 1
// Execute: dotnet 8a773897-42cb-4ccd-8a9e-ce6ce7c896af.dll --anonymousPipes 1288 1352 --benchmarkName Plaxion.BenchMarks.Comparison.ConcurrencyBenchmarks.Concurrent_Plaxion_128 --job "IterationCount=10, LaunchCount=1, WarmupCount=3" --benchmarkId 3 in C:\Users\Angel\RiderProjects\PlaxionMediator\benchmarks-comparison\src\Plaxion.BenchMarks.Comparison\bin\Release\net9.0\8a773897-42cb-4ccd-8a9e-ce6ce7c896af\bin\Release\net9.0
// BeforeAnythingElse

// Benchmark Process Environment Information:
// BenchmarkDotNet v0.14.0
// Runtime=.NET 9.0.7 (9.0.725.31616), X64 RyuJIT AVX2
// GC=Concurrent Workstation
// HardwareIntrinsics=AVX2,AES,BMI1,BMI2,FMA,LZCNT,PCLMUL,POPCNT,AvxVnni,SERIALIZE VectorSize=256
// Job: Job-EDBEVX(IterationCount=10, LaunchCount=1, WarmupCount=3)

OverheadJitting  1: 1 op, 166600.00 ns, 166.6000 us/op
WorkloadJitting  1: 1 op, 5217300.00 ns, 5.2173 ms/op

OverheadJitting  2: 16 op, 140600.00 ns, 8.7875 us/op
WorkloadJitting  2: 16 op, 724600.00 ns, 45.2875 us/op

WorkloadPilot    1: 16 op, 1121000.00 ns, 70.0625 us/op
WorkloadPilot    2: 32 op, 1159000.00 ns, 36.2188 us/op
WorkloadPilot    3: 64 op, 2313000.00 ns, 36.1406 us/op
WorkloadPilot    4: 128 op, 4530900.00 ns, 35.3977 us/op
WorkloadPilot    5: 256 op, 9232000.00 ns, 36.0625 us/op
WorkloadPilot    6: 512 op, 17972000.00 ns, 35.1016 us/op
WorkloadPilot    7: 1024 op, 35912200.00 ns, 35.0705 us/op
WorkloadPilot    8: 2048 op, 66994500.00 ns, 32.7122 us/op
WorkloadPilot    9: 4096 op, 102110900.00 ns, 24.9294 us/op
WorkloadPilot   10: 8192 op, 64337300.00 ns, 7.8537 us/op
WorkloadPilot   11: 16384 op, 129560900.00 ns, 7.9078 us/op
WorkloadPilot   12: 32768 op, 252092500.00 ns, 7.6933 us/op
WorkloadPilot   13: 65536 op, 503580600.00 ns, 7.6840 us/op

OverheadWarmup   1: 65536 op, 99200.00 ns, 1.5137 ns/op
OverheadWarmup   2: 65536 op, 98700.00 ns, 1.5060 ns/op
OverheadWarmup   3: 65536 op, 98800.00 ns, 1.5076 ns/op
OverheadWarmup   4: 65536 op, 98800.00 ns, 1.5076 ns/op
OverheadWarmup   5: 65536 op, 98700.00 ns, 1.5060 ns/op
OverheadWarmup   6: 65536 op, 101200.00 ns, 1.5442 ns/op

OverheadActual   1: 65536 op, 101100.00 ns, 1.5427 ns/op
OverheadActual   2: 65536 op, 100800.00 ns, 1.5381 ns/op
OverheadActual   3: 65536 op, 100800.00 ns, 1.5381 ns/op
OverheadActual   4: 65536 op, 100700.00 ns, 1.5366 ns/op
OverheadActual   5: 65536 op, 100700.00 ns, 1.5366 ns/op
OverheadActual   6: 65536 op, 100800.00 ns, 1.5381 ns/op
OverheadActual   7: 65536 op, 100700.00 ns, 1.5366 ns/op
OverheadActual   8: 65536 op, 100500.00 ns, 1.5335 ns/op
OverheadActual   9: 65536 op, 100900.00 ns, 1.5396 ns/op
OverheadActual  10: 65536 op, 100900.00 ns, 1.5396 ns/op
OverheadActual  11: 65536 op, 100900.00 ns, 1.5396 ns/op
OverheadActual  12: 65536 op, 100900.00 ns, 1.5396 ns/op
OverheadActual  13: 65536 op, 100800.00 ns, 1.5381 ns/op
OverheadActual  14: 65536 op, 101000.00 ns, 1.5411 ns/op
OverheadActual  15: 65536 op, 100900.00 ns, 1.5396 ns/op

WorkloadWarmup   1: 65536 op, 507927100.00 ns, 7.7504 us/op
WorkloadWarmup   2: 65536 op, 507851300.00 ns, 7.7492 us/op
WorkloadWarmup   3: 65536 op, 501370500.00 ns, 7.6503 us/op

// BeforeActualRun
WorkloadActual   1: 65536 op, 513919500.00 ns, 7.8418 us/op
WorkloadActual   2: 65536 op, 535017100.00 ns, 8.1637 us/op
WorkloadActual   3: 65536 op, 519431600.00 ns, 7.9259 us/op
WorkloadActual   4: 65536 op, 525795600.00 ns, 8.0230 us/op
WorkloadActual   5: 65536 op, 520717400.00 ns, 7.9455 us/op
WorkloadActual   6: 65536 op, 516262800.00 ns, 7.8775 us/op
WorkloadActual   7: 65536 op, 524898300.00 ns, 8.0093 us/op
WorkloadActual   8: 65536 op, 511852500.00 ns, 7.8102 us/op
WorkloadActual   9: 65536 op, 516500200.00 ns, 7.8812 us/op
WorkloadActual  10: 65536 op, 519278500.00 ns, 7.9236 us/op

// AfterActualRun
WorkloadResult   1: 65536 op, 513818700.00 ns, 7.8403 us/op
WorkloadResult   2: 65536 op, 534916300.00 ns, 8.1622 us/op
WorkloadResult   3: 65536 op, 519330800.00 ns, 7.9244 us/op
WorkloadResult   4: 65536 op, 525694800.00 ns, 8.0215 us/op
WorkloadResult   5: 65536 op, 520616600.00 ns, 7.9440 us/op
WorkloadResult   6: 65536 op, 516162000.00 ns, 7.8760 us/op
WorkloadResult   7: 65536 op, 524797500.00 ns, 8.0078 us/op
WorkloadResult   8: 65536 op, 511751700.00 ns, 7.8087 us/op
WorkloadResult   9: 65536 op, 516399400.00 ns, 7.8796 us/op
WorkloadResult  10: 65536 op, 519177700.00 ns, 7.9220 us/op
// GC:  51 1 0 677380208 65536
// Threading:  0 0 65536

// AfterAll
// Benchmark Process 30412 has exited with code 0.

Mean = 7.939 μs, StdErr = 0.033 μs (0.41%), N = 10, StdDev = 0.103 μs
Min = 7.809 μs, Q1 = 7.877 μs, Median = 7.923 μs, Q3 = 7.992 μs, Max = 8.162 μs
IQR = 0.115 μs, LowerFence = 7.705 μs, UpperFence = 8.164 μs
ConfidenceInterval = [7.782 μs; 8.095 μs] (CI 99.9%), Margin = 0.156 μs (1.97% of Mean)
Skewness = 0.77, Kurtosis = 2.61, MValue = 2

// ** Remained 38 (90.5%) benchmark(s) to run. Estimated finish 2026-08-03 12:25 (0h 6m from now) **
Setup power plan (GUID: 8c5e7fda-e8bf-4a96-9a85-a6e23a8c635c FriendlyName: High performance)
// **************************
// Benchmark: ConcurrencyBenchmarks.Concurrent_MediatR_1: Job-ASUFOU(IterationCount=10, LaunchCount=1, WarmupCount=3)
// *** Execute ***
// Launch: 1 / 1
// Execute: dotnet 8a773897-42cb-4ccd-8a9e-ce6ce7c896af.dll --anonymousPipes 1520 1332 --benchmarkName Plaxion.BenchMarks.Comparison.ConcurrencyBenchmarks.Concurrent_MediatR_1 --job "IterationCount=10, LaunchCount=1, WarmupCount=3" --benchmarkId 4 in C:\Users\Angel\RiderProjects\PlaxionMediator\benchmarks-comparison\src\Plaxion.BenchMarks.Comparison\bin\Release\net9.0\8a773897-42cb-4ccd-8a9e-ce6ce7c896af\bin\Release\net9.0
// BeforeAnythingElse

// Benchmark Process Environment Information:
// BenchmarkDotNet v0.14.0
// Runtime=.NET 9.0.7 (9.0.725.31616), X64 RyuJIT AVX2
// GC=Concurrent Workstation
// HardwareIntrinsics=AVX2,AES,BMI1,BMI2,FMA,LZCNT,PCLMUL,POPCNT,AvxVnni,SERIALIZE VectorSize=256
// Job: Job-ELXUSS(IterationCount=10, LaunchCount=1, WarmupCount=3)

OverheadJitting  1: 1 op, 133600.00 ns, 133.6000 us/op
WorkloadJitting  1: 1 op, 2944500.00 ns, 2.9445 ms/op

OverheadJitting  2: 16 op, 130800.00 ns, 8.1750 us/op
WorkloadJitting  2: 16 op, 664400.00 ns, 41.5250 us/op

WorkloadPilot    1: 16 op, 17000.00 ns, 1.0625 us/op
WorkloadPilot    2: 32 op, 22400.00 ns, 700.0000 ns/op
WorkloadPilot    3: 64 op, 37600.00 ns, 587.5000 ns/op
WorkloadPilot    4: 128 op, 65800.00 ns, 514.0625 ns/op
WorkloadPilot    5: 256 op, 113800.00 ns, 444.5313 ns/op
WorkloadPilot    6: 512 op, 275000.00 ns, 537.1094 ns/op
WorkloadPilot    7: 1024 op, 323400.00 ns, 315.8203 ns/op
WorkloadPilot    8: 2048 op, 660300.00 ns, 322.4121 ns/op
WorkloadPilot    9: 4096 op, 1353300.00 ns, 330.3955 ns/op
WorkloadPilot   10: 8192 op, 2825400.00 ns, 344.8975 ns/op
WorkloadPilot   11: 16384 op, 4800500.00 ns, 292.9993 ns/op
WorkloadPilot   12: 32768 op, 11161700.00 ns, 340.6281 ns/op
WorkloadPilot   13: 65536 op, 17404000.00 ns, 265.5640 ns/op
WorkloadPilot   14: 131072 op, 31947500.00 ns, 243.7401 ns/op
WorkloadPilot   15: 262144 op, 61705300.00 ns, 235.3870 ns/op
WorkloadPilot   16: 524288 op, 92450600.00 ns, 176.3355 ns/op
WorkloadPilot   17: 1048576 op, 76868800.00 ns, 73.3078 ns/op
WorkloadPilot   18: 2097152 op, 149905000.00 ns, 71.4803 ns/op
WorkloadPilot   19: 4194304 op, 426203700.00 ns, 101.6149 ns/op
WorkloadPilot   20: 8388608 op, 803219800.00 ns, 95.7513 ns/op

OverheadWarmup   1: 8388608 op, 13092700.00 ns, 1.5608 ns/op
OverheadWarmup   2: 8388608 op, 12943200.00 ns, 1.5429 ns/op
OverheadWarmup   3: 8388608 op, 12736400.00 ns, 1.5183 ns/op
OverheadWarmup   4: 8388608 op, 12854700.00 ns, 1.5324 ns/op
OverheadWarmup   5: 8388608 op, 12883700.00 ns, 1.5359 ns/op
OverheadWarmup   6: 8388608 op, 12735000.00 ns, 1.5181 ns/op
OverheadWarmup   7: 8388608 op, 12732000.00 ns, 1.5178 ns/op
OverheadWarmup   8: 8388608 op, 13238300.00 ns, 1.5781 ns/op
OverheadWarmup   9: 8388608 op, 12919100.00 ns, 1.5401 ns/op

OverheadActual   1: 8388608 op, 12802400.00 ns, 1.5262 ns/op
OverheadActual   2: 8388608 op, 12872300.00 ns, 1.5345 ns/op
OverheadActual   3: 8388608 op, 13949000.00 ns, 1.6629 ns/op
OverheadActual   4: 8388608 op, 13417400.00 ns, 1.5995 ns/op
OverheadActual   5: 8388608 op, 12826300.00 ns, 1.5290 ns/op
OverheadActual   6: 8388608 op, 13338500.00 ns, 1.5901 ns/op
OverheadActual   7: 8388608 op, 12915700.00 ns, 1.5397 ns/op
OverheadActual   8: 8388608 op, 12788700.00 ns, 1.5245 ns/op
OverheadActual   9: 8388608 op, 12909500.00 ns, 1.5389 ns/op
OverheadActual  10: 8388608 op, 12747800.00 ns, 1.5197 ns/op
OverheadActual  11: 8388608 op, 12754100.00 ns, 1.5204 ns/op
OverheadActual  12: 8388608 op, 12748100.00 ns, 1.5197 ns/op
OverheadActual  13: 8388608 op, 12821600.00 ns, 1.5285 ns/op
OverheadActual  14: 8388608 op, 12799200.00 ns, 1.5258 ns/op
OverheadActual  15: 8388608 op, 12373100.00 ns, 1.4750 ns/op

WorkloadWarmup   1: 8388608 op, 656321700.00 ns, 78.2396 ns/op
WorkloadWarmup   2: 8388608 op, 639462900.00 ns, 76.2299 ns/op
WorkloadWarmup   3: 8388608 op, 641746600.00 ns, 76.5022 ns/op

// BeforeActualRun
WorkloadActual   1: 8388608 op, 659092500.00 ns, 78.5699 ns/op
WorkloadActual   2: 8388608 op, 635600100.00 ns, 75.7694 ns/op
WorkloadActual   3: 8388608 op, 631077300.00 ns, 75.2303 ns/op
WorkloadActual   4: 8388608 op, 650827600.00 ns, 77.5847 ns/op
WorkloadActual   5: 8388608 op, 639747000.00 ns, 76.2638 ns/op
WorkloadActual   6: 8388608 op, 623679400.00 ns, 74.3484 ns/op
WorkloadActual   7: 8388608 op, 624940900.00 ns, 74.4988 ns/op
WorkloadActual   8: 8388608 op, 645430600.00 ns, 76.9413 ns/op
WorkloadActual   9: 8388608 op, 638216200.00 ns, 76.0813 ns/op
WorkloadActual  10: 8388608 op, 651804900.00 ns, 77.7012 ns/op

// AfterActualRun
WorkloadResult   1: 8388608 op, 646270900.00 ns, 77.0415 ns/op
WorkloadResult   2: 8388608 op, 622778500.00 ns, 74.2410 ns/op
WorkloadResult   3: 8388608 op, 618255700.00 ns, 73.7018 ns/op
WorkloadResult   4: 8388608 op, 638006000.00 ns, 76.0562 ns/op
WorkloadResult   5: 8388608 op, 626925400.00 ns, 74.7353 ns/op
WorkloadResult   6: 8388608 op, 610857800.00 ns, 72.8199 ns/op
WorkloadResult   7: 8388608 op, 612119300.00 ns, 72.9703 ns/op
WorkloadResult   8: 8388608 op, 632609000.00 ns, 75.4129 ns/op
WorkloadResult   9: 8388608 op, 625394600.00 ns, 74.5528 ns/op
WorkloadResult  10: 8388608 op, 638983300.00 ns, 76.1727 ns/op
// GC:  236 0 0 3087008480 8388608
// Threading:  0 0 8388608

// AfterAll
// Benchmark Process 12976 has exited with code 0.

Mean = 74.770 ns, StdErr = 0.444 ns (0.59%), N = 10, StdDev = 1.403 ns
Min = 72.820 ns, Q1 = 73.837 ns, Median = 74.644 ns, Q3 = 75.895 ns, Max = 77.041 ns
IQR = 2.059 ns, LowerFence = 70.748 ns, UpperFence = 78.984 ns
ConfidenceInterval = [72.650 ns; 76.891 ns] (CI 99.9%), Margin = 2.121 ns (2.84% of Mean)
Skewness = 0.08, Kurtosis = 1.54, MValue = 2

// ** Remained 37 (88.1%) benchmark(s) to run. Estimated finish 2026-08-03 12:26 (0h 6m from now) **
Setup power plan (GUID: 8c5e7fda-e8bf-4a96-9a85-a6e23a8c635c FriendlyName: High performance)
// **************************
// Benchmark: ConcurrencyBenchmarks.Concurrent_MediatR_8: Job-ASUFOU(IterationCount=10, LaunchCount=1, WarmupCount=3)
// *** Execute ***
// Launch: 1 / 1
// Execute: dotnet 8a773897-42cb-4ccd-8a9e-ce6ce7c896af.dll --anonymousPipes 1444 1328 --benchmarkName Plaxion.BenchMarks.Comparison.ConcurrencyBenchmarks.Concurrent_MediatR_8 --job "IterationCount=10, LaunchCount=1, WarmupCount=3" --benchmarkId 5 in C:\Users\Angel\RiderProjects\PlaxionMediator\benchmarks-comparison\src\Plaxion.BenchMarks.Comparison\bin\Release\net9.0\8a773897-42cb-4ccd-8a9e-ce6ce7c896af\bin\Release\net9.0
// BeforeAnythingElse

// Benchmark Process Environment Information:
// BenchmarkDotNet v0.14.0
// Runtime=.NET 9.0.7 (9.0.725.31616), X64 RyuJIT AVX2
// GC=Concurrent Workstation
// HardwareIntrinsics=AVX2,AES,BMI1,BMI2,FMA,LZCNT,PCLMUL,POPCNT,AvxVnni,SERIALIZE VectorSize=256
// Job: Job-JRYIEA(IterationCount=10, LaunchCount=1, WarmupCount=3)

OverheadJitting  1: 1 op, 139900.00 ns, 139.9000 us/op
WorkloadJitting  1: 1 op, 3668700.00 ns, 3.6687 ms/op

OverheadJitting  2: 16 op, 148500.00 ns, 9.2813 us/op
WorkloadJitting  2: 16 op, 225900.00 ns, 14.1188 us/op

WorkloadPilot    1: 16 op, 132800.00 ns, 8.3000 us/op
WorkloadPilot    2: 32 op, 86400.00 ns, 2.7000 us/op
WorkloadPilot    3: 64 op, 169800.00 ns, 2.6531 us/op
WorkloadPilot    4: 128 op, 271900.00 ns, 2.1242 us/op
WorkloadPilot    5: 256 op, 590600.00 ns, 2.3070 us/op
WorkloadPilot    6: 512 op, 1214700.00 ns, 2.3725 us/op
WorkloadPilot    7: 1024 op, 2393300.00 ns, 2.3372 us/op
WorkloadPilot    8: 2048 op, 4661300.00 ns, 2.2760 us/op
WorkloadPilot    9: 4096 op, 9752200.00 ns, 2.3809 us/op
WorkloadPilot   10: 8192 op, 16718200.00 ns, 2.0408 us/op
WorkloadPilot   11: 16384 op, 29439400.00 ns, 1.7968 us/op
WorkloadPilot   12: 32768 op, 60067800.00 ns, 1.8331 us/op
WorkloadPilot   13: 65536 op, 97488300.00 ns, 1.4876 us/op
WorkloadPilot   14: 131072 op, 74705900.00 ns, 569.9608 ns/op
WorkloadPilot   15: 262144 op, 166784600.00 ns, 636.2328 ns/op
WorkloadPilot   16: 524288 op, 329447400.00 ns, 628.3710 ns/op
WorkloadPilot   17: 1048576 op, 614596000.00 ns, 586.1244 ns/op

OverheadWarmup   1: 1048576 op, 1589400.00 ns, 1.5158 ns/op
OverheadWarmup   2: 1048576 op, 1602200.00 ns, 1.5280 ns/op
OverheadWarmup   3: 1048576 op, 1588900.00 ns, 1.5153 ns/op
OverheadWarmup   4: 1048576 op, 1588600.00 ns, 1.5150 ns/op
OverheadWarmup   5: 1048576 op, 1600100.00 ns, 1.5260 ns/op
OverheadWarmup   6: 1048576 op, 1589100.00 ns, 1.5155 ns/op

OverheadActual   1: 1048576 op, 1611000.00 ns, 1.5364 ns/op
OverheadActual   2: 1048576 op, 1589700.00 ns, 1.5161 ns/op
OverheadActual   3: 1048576 op, 1589100.00 ns, 1.5155 ns/op
OverheadActual   4: 1048576 op, 1588800.00 ns, 1.5152 ns/op
OverheadActual   5: 1048576 op, 1600500.00 ns, 1.5264 ns/op
OverheadActual   6: 1048576 op, 1593800.00 ns, 1.5200 ns/op
OverheadActual   7: 1048576 op, 1604600.00 ns, 1.5303 ns/op
OverheadActual   8: 1048576 op, 1750300.00 ns, 1.6692 ns/op
OverheadActual   9: 1048576 op, 1605700.00 ns, 1.5313 ns/op
OverheadActual  10: 1048576 op, 1593900.00 ns, 1.5201 ns/op
OverheadActual  11: 1048576 op, 1594900.00 ns, 1.5210 ns/op
OverheadActual  12: 1048576 op, 1607900.00 ns, 1.5334 ns/op
OverheadActual  13: 1048576 op, 1596700.00 ns, 1.5227 ns/op
OverheadActual  14: 1048576 op, 1593800.00 ns, 1.5200 ns/op
OverheadActual  15: 1048576 op, 1604400.00 ns, 1.5301 ns/op

WorkloadWarmup   1: 1048576 op, 630759400.00 ns, 601.5390 ns/op
WorkloadWarmup   2: 1048576 op, 647434900.00 ns, 617.4420 ns/op
WorkloadWarmup   3: 1048576 op, 591067200.00 ns, 563.6856 ns/op

// BeforeActualRun
WorkloadActual   1: 1048576 op, 598643400.00 ns, 570.9108 ns/op
WorkloadActual   2: 1048576 op, 589632400.00 ns, 562.3173 ns/op
WorkloadActual   3: 1048576 op, 600903100.00 ns, 573.0659 ns/op
WorkloadActual   4: 1048576 op, 593006900.00 ns, 565.5354 ns/op
WorkloadActual   5: 1048576 op, 603014600.00 ns, 575.0795 ns/op
WorkloadActual   6: 1048576 op, 585193800.00 ns, 558.0843 ns/op
WorkloadActual   7: 1048576 op, 582250600.00 ns, 555.2774 ns/op
WorkloadActual   8: 1048576 op, 582368400.00 ns, 555.3898 ns/op
WorkloadActual   9: 1048576 op, 581955800.00 ns, 554.9963 ns/op
WorkloadActual  10: 1048576 op, 578150100.00 ns, 551.3669 ns/op

// AfterActualRun
WorkloadResult   1: 1048576 op, 597046700.00 ns, 569.3881 ns/op
WorkloadResult   2: 1048576 op, 588035700.00 ns, 560.7945 ns/op
WorkloadResult   3: 1048576 op, 599306400.00 ns, 571.5431 ns/op
WorkloadResult   4: 1048576 op, 591410200.00 ns, 564.0127 ns/op
WorkloadResult   5: 1048576 op, 601417900.00 ns, 573.5568 ns/op
WorkloadResult   6: 1048576 op, 583597100.00 ns, 556.5616 ns/op
WorkloadResult   7: 1048576 op, 580653900.00 ns, 553.7547 ns/op
WorkloadResult   8: 1048576 op, 580771700.00 ns, 553.8671 ns/op
WorkloadResult   9: 1048576 op, 580359100.00 ns, 553.4736 ns/op
WorkloadResult  10: 1048576 op, 576553400.00 ns, 549.8442 ns/op
// GC:  182 0 0 2382365408 1048576
// Threading:  0 0 1048576

// AfterAll
// Benchmark Process 47376 has exited with code 0.

Mean = 560.680 ns, StdErr = 2.690 ns (0.48%), N = 10, StdDev = 8.508 ns
Min = 549.844 ns, Q1 = 553.783 ns, Median = 558.678 ns, Q3 = 568.044 ns, Max = 573.557 ns
IQR = 14.261 ns, LowerFence = 532.391 ns, UpperFence = 589.436 ns
ConfidenceInterval = [547.817 ns; 573.542 ns] (CI 99.9%), Margin = 12.863 ns (2.29% of Mean)
Skewness = 0.28, Kurtosis = 1.31, MValue = 2

// ** Remained 36 (85.7%) benchmark(s) to run. Estimated finish 2026-08-03 12:26 (0h 5m from now) **
Setup power plan (GUID: 8c5e7fda-e8bf-4a96-9a85-a6e23a8c635c FriendlyName: High performance)
// **************************
// Benchmark: ConcurrencyBenchmarks.Concurrent_MediatR_32: Job-ASUFOU(IterationCount=10, LaunchCount=1, WarmupCount=3)
// *** Execute ***
// Launch: 1 / 1
// Execute: dotnet 8a773897-42cb-4ccd-8a9e-ce6ce7c896af.dll --anonymousPipes 1548 1544 --benchmarkName Plaxion.BenchMarks.Comparison.ConcurrencyBenchmarks.Concurrent_MediatR_32 --job "IterationCount=10, LaunchCount=1, WarmupCount=3" --benchmarkId 6 in C:\Users\Angel\RiderProjects\PlaxionMediator\benchmarks-comparison\src\Plaxion.BenchMarks.Comparison\bin\Release\net9.0\8a773897-42cb-4ccd-8a9e-ce6ce7c896af\bin\Release\net9.0
// BeforeAnythingElse

// Benchmark Process Environment Information:
// BenchmarkDotNet v0.14.0
// Runtime=.NET 9.0.7 (9.0.725.31616), X64 RyuJIT AVX2
// GC=Concurrent Workstation
// HardwareIntrinsics=AVX2,AES,BMI1,BMI2,FMA,LZCNT,PCLMUL,POPCNT,AvxVnni,SERIALIZE VectorSize=256
// Job: Job-HPFKJS(IterationCount=10, LaunchCount=1, WarmupCount=3)

OverheadJitting  1: 1 op, 138500.00 ns, 138.5000 us/op
WorkloadJitting  1: 1 op, 3541200.00 ns, 3.5412 ms/op

OverheadJitting  2: 16 op, 136300.00 ns, 8.5188 us/op
WorkloadJitting  2: 16 op, 319400.00 ns, 19.9625 us/op

WorkloadPilot    1: 16 op, 185000.00 ns, 11.5625 us/op
WorkloadPilot    2: 32 op, 260600.00 ns, 8.1438 us/op
WorkloadPilot    3: 64 op, 558900.00 ns, 8.7328 us/op
WorkloadPilot    4: 128 op, 1153300.00 ns, 9.0102 us/op
WorkloadPilot    5: 256 op, 2317300.00 ns, 9.0520 us/op
WorkloadPilot    6: 512 op, 4596600.00 ns, 8.9777 us/op
WorkloadPilot    7: 1024 op, 9320700.00 ns, 9.1022 us/op
WorkloadPilot    8: 2048 op, 16151700.00 ns, 7.8866 us/op
WorkloadPilot    9: 4096 op, 27939500.00 ns, 6.8212 us/op
WorkloadPilot   10: 8192 op, 55680700.00 ns, 6.7970 us/op
WorkloadPilot   11: 16384 op, 105779300.00 ns, 6.4563 us/op
WorkloadPilot   12: 32768 op, 68209100.00 ns, 2.0816 us/op
WorkloadPilot   13: 65536 op, 142028100.00 ns, 2.1672 us/op
WorkloadPilot   14: 131072 op, 303693200.00 ns, 2.3170 us/op
WorkloadPilot   15: 262144 op, 587979100.00 ns, 2.2430 us/op

OverheadWarmup   1: 262144 op, 398900.00 ns, 1.5217 ns/op
OverheadWarmup   2: 262144 op, 397900.00 ns, 1.5179 ns/op
OverheadWarmup   3: 262144 op, 399200.00 ns, 1.5228 ns/op
OverheadWarmup   4: 262144 op, 399000.00 ns, 1.5221 ns/op
OverheadWarmup   5: 262144 op, 398900.00 ns, 1.5217 ns/op
OverheadWarmup   6: 262144 op, 398900.00 ns, 1.5217 ns/op
OverheadWarmup   7: 262144 op, 398700.00 ns, 1.5209 ns/op

OverheadActual   1: 262144 op, 397800.00 ns, 1.5175 ns/op
OverheadActual   2: 262144 op, 408800.00 ns, 1.5594 ns/op
OverheadActual   3: 262144 op, 398000.00 ns, 1.5182 ns/op
OverheadActual   4: 262144 op, 397500.00 ns, 1.5163 ns/op
OverheadActual   5: 262144 op, 397900.00 ns, 1.5179 ns/op
OverheadActual   6: 262144 op, 399000.00 ns, 1.5221 ns/op
OverheadActual   7: 262144 op, 398900.00 ns, 1.5217 ns/op
OverheadActual   8: 262144 op, 397900.00 ns, 1.5179 ns/op
OverheadActual   9: 262144 op, 531800.00 ns, 2.0287 ns/op
OverheadActual  10: 262144 op, 399100.00 ns, 1.5224 ns/op
OverheadActual  11: 262144 op, 398900.00 ns, 1.5217 ns/op
OverheadActual  12: 262144 op, 399000.00 ns, 1.5221 ns/op
OverheadActual  13: 262144 op, 399000.00 ns, 1.5221 ns/op
OverheadActual  14: 262144 op, 399100.00 ns, 1.5224 ns/op
OverheadActual  15: 262144 op, 399100.00 ns, 1.5224 ns/op

WorkloadWarmup   1: 262144 op, 544437500.00 ns, 2.0769 us/op
WorkloadWarmup   2: 262144 op, 536046400.00 ns, 2.0449 us/op
WorkloadWarmup   3: 262144 op, 539741100.00 ns, 2.0589 us/op

// BeforeActualRun
WorkloadActual   1: 262144 op, 536396600.00 ns, 2.0462 us/op
WorkloadActual   2: 262144 op, 550275400.00 ns, 2.0991 us/op
WorkloadActual   3: 262144 op, 549121900.00 ns, 2.0947 us/op
WorkloadActual   4: 262144 op, 540653100.00 ns, 2.0624 us/op
WorkloadActual   5: 262144 op, 556049700.00 ns, 2.1212 us/op
WorkloadActual   6: 262144 op, 541327500.00 ns, 2.0650 us/op
WorkloadActual   7: 262144 op, 550709500.00 ns, 2.1008 us/op
WorkloadActual   8: 262144 op, 542338900.00 ns, 2.0689 us/op
WorkloadActual   9: 262144 op, 554767600.00 ns, 2.1163 us/op
WorkloadActual  10: 262144 op, 551353700.00 ns, 2.1032 us/op

// AfterActualRun
WorkloadResult   1: 262144 op, 535997600.00 ns, 2.0447 us/op
WorkloadResult   2: 262144 op, 549876400.00 ns, 2.0976 us/op
WorkloadResult   3: 262144 op, 548722900.00 ns, 2.0932 us/op
WorkloadResult   4: 262144 op, 540254100.00 ns, 2.0609 us/op
WorkloadResult   5: 262144 op, 555650700.00 ns, 2.1196 us/op
WorkloadResult   6: 262144 op, 540928500.00 ns, 2.0635 us/op
WorkloadResult   7: 262144 op, 550310500.00 ns, 2.0993 us/op
WorkloadResult   8: 262144 op, 541939900.00 ns, 2.0673 us/op
WorkloadResult   9: 262144 op, 554368600.00 ns, 2.1147 us/op
WorkloadResult  10: 262144 op, 550954700.00 ns, 2.1017 us/op
// GC:  176 1 0 2306867648 262144
// Threading:  0 0 262144

// AfterAll
// Benchmark Process 38948 has exited with code 0.

Mean = 2.086 μs, StdErr = 0.008 μs (0.38%), N = 10, StdDev = 0.025 μs
Min = 2.045 μs, Q1 = 2.064 μs, Median = 2.095 μs, Q3 = 2.101 μs, Max = 2.120 μs
IQR = 0.037 μs, LowerFence = 2.009 μs, UpperFence = 2.156 μs
ConfidenceInterval = [2.048 μs; 2.125 μs] (CI 99.9%), Margin = 0.038 μs (1.83% of Mean)
Skewness = -0.24, Kurtosis = 1.42, MValue = 2

// ** Remained 35 (83.3%) benchmark(s) to run. Estimated finish 2026-08-03 12:26 (0h 5m from now) **
Setup power plan (GUID: 8c5e7fda-e8bf-4a96-9a85-a6e23a8c635c FriendlyName: High performance)
// **************************
// Benchmark: ConcurrencyBenchmarks.Concurrent_MediatR_128: Job-ASUFOU(IterationCount=10, LaunchCount=1, WarmupCount=3)
// *** Execute ***
// Launch: 1 / 1
// Execute: dotnet 8a773897-42cb-4ccd-8a9e-ce6ce7c896af.dll --anonymousPipes 1328 1444 --benchmarkName Plaxion.BenchMarks.Comparison.ConcurrencyBenchmarks.Concurrent_MediatR_128 --job "IterationCount=10, LaunchCount=1, WarmupCount=3" --benchmarkId 7 in C:\Users\Angel\RiderProjects\PlaxionMediator\benchmarks-comparison\src\Plaxion.BenchMarks.Comparison\bin\Release\net9.0\8a773897-42cb-4ccd-8a9e-ce6ce7c896af\bin\Release\net9.0
// BeforeAnythingElse

// Benchmark Process Environment Information:
// BenchmarkDotNet v0.14.0
// Runtime=.NET 9.0.7 (9.0.725.31616), X64 RyuJIT AVX2
// GC=Concurrent Workstation
// HardwareIntrinsics=AVX2,AES,BMI1,BMI2,FMA,LZCNT,PCLMUL,POPCNT,AvxVnni,SERIALIZE VectorSize=256
// Job: Job-ZSKRKH(IterationCount=10, LaunchCount=1, WarmupCount=3)

OverheadJitting  1: 1 op, 131200.00 ns, 131.2000 us/op
WorkloadJitting  1: 1 op, 3825600.00 ns, 3.8256 ms/op

OverheadJitting  2: 16 op, 151200.00 ns, 9.4500 us/op
WorkloadJitting  2: 16 op, 900900.00 ns, 56.3063 us/op

WorkloadPilot    1: 16 op, 634100.00 ns, 39.6313 us/op
WorkloadPilot    2: 32 op, 1069700.00 ns, 33.4281 us/op
WorkloadPilot    3: 64 op, 2292200.00 ns, 35.8156 us/op
WorkloadPilot    4: 128 op, 4419500.00 ns, 34.5273 us/op
WorkloadPilot    5: 256 op, 8852300.00 ns, 34.5793 us/op
WorkloadPilot    6: 512 op, 16267100.00 ns, 31.7717 us/op
WorkloadPilot    7: 1024 op, 29003100.00 ns, 28.3233 us/op
WorkloadPilot    8: 2048 op, 57783900.00 ns, 28.2148 us/op
WorkloadPilot    9: 4096 op, 107384000.00 ns, 26.2168 us/op
WorkloadPilot   10: 8192 op, 70061100.00 ns, 8.5524 us/op
WorkloadPilot   11: 16384 op, 141786500.00 ns, 8.6540 us/op
WorkloadPilot   12: 32768 op, 271836700.00 ns, 8.2958 us/op
WorkloadPilot   13: 65536 op, 539706100.00 ns, 8.2353 us/op

OverheadWarmup   1: 65536 op, 100500.00 ns, 1.5335 ns/op
OverheadWarmup   2: 65536 op, 100000.00 ns, 1.5259 ns/op
OverheadWarmup   3: 65536 op, 99800.00 ns, 1.5228 ns/op
OverheadWarmup   4: 65536 op, 99800.00 ns, 1.5228 ns/op
OverheadWarmup   5: 65536 op, 100000.00 ns, 1.5259 ns/op
OverheadWarmup   6: 65536 op, 100300.00 ns, 1.5305 ns/op
OverheadWarmup   7: 65536 op, 100300.00 ns, 1.5305 ns/op
OverheadWarmup   8: 65536 op, 100400.00 ns, 1.5320 ns/op

OverheadActual   1: 65536 op, 100300.00 ns, 1.5305 ns/op
OverheadActual   2: 65536 op, 100100.00 ns, 1.5274 ns/op
OverheadActual   3: 65536 op, 99800.00 ns, 1.5228 ns/op
OverheadActual   4: 65536 op, 100000.00 ns, 1.5259 ns/op
OverheadActual   5: 65536 op, 100300.00 ns, 1.5305 ns/op
OverheadActual   6: 65536 op, 99900.00 ns, 1.5244 ns/op
OverheadActual   7: 65536 op, 100400.00 ns, 1.5320 ns/op
OverheadActual   8: 65536 op, 100400.00 ns, 1.5320 ns/op
OverheadActual   9: 65536 op, 100200.00 ns, 1.5289 ns/op
OverheadActual  10: 65536 op, 100100.00 ns, 1.5274 ns/op
OverheadActual  11: 65536 op, 99900.00 ns, 1.5244 ns/op
OverheadActual  12: 65536 op, 99900.00 ns, 1.5244 ns/op
OverheadActual  13: 65536 op, 99900.00 ns, 1.5244 ns/op
OverheadActual  14: 65536 op, 100000.00 ns, 1.5259 ns/op
OverheadActual  15: 65536 op, 100300.00 ns, 1.5305 ns/op

WorkloadWarmup   1: 65536 op, 567368600.00 ns, 8.6574 us/op
WorkloadWarmup   2: 65536 op, 559932900.00 ns, 8.5439 us/op
WorkloadWarmup   3: 65536 op, 542986100.00 ns, 8.2853 us/op

// BeforeActualRun
WorkloadActual   1: 65536 op, 526716300.00 ns, 8.0371 us/op
WorkloadActual   2: 65536 op, 546007000.00 ns, 8.3314 us/op
WorkloadActual   3: 65536 op, 546939400.00 ns, 8.3456 us/op
WorkloadActual   4: 65536 op, 555390400.00 ns, 8.4746 us/op
WorkloadActual   5: 65536 op, 575879200.00 ns, 8.7872 us/op
WorkloadActual   6: 65536 op, 551246500.00 ns, 8.4114 us/op
WorkloadActual   7: 65536 op, 568153700.00 ns, 8.6693 us/op
WorkloadActual   8: 65536 op, 555259200.00 ns, 8.4726 us/op
WorkloadActual   9: 65536 op, 551468100.00 ns, 8.4147 us/op
WorkloadActual  10: 65536 op, 574709700.00 ns, 8.7694 us/op

// AfterActualRun
WorkloadResult   1: 65536 op, 526616200.00 ns, 8.0355 us/op
WorkloadResult   2: 65536 op, 545906900.00 ns, 8.3299 us/op
WorkloadResult   3: 65536 op, 546839300.00 ns, 8.3441 us/op
WorkloadResult   4: 65536 op, 555290300.00 ns, 8.4731 us/op
WorkloadResult   5: 65536 op, 575779100.00 ns, 8.7857 us/op
WorkloadResult   6: 65536 op, 551146400.00 ns, 8.4098 us/op
WorkloadResult   7: 65536 op, 568053600.00 ns, 8.6678 us/op
WorkloadResult   8: 65536 op, 555159100.00 ns, 8.4711 us/op
WorkloadResult   9: 65536 op, 551368000.00 ns, 8.4132 us/op
WorkloadResult  10: 65536 op, 574609600.00 ns, 8.7678 us/op
// GC:  175 6 0 2287993232 65536
// Threading:  0 0 65536

// AfterAll
// Benchmark Process 59916 has exited with code 0.

Mean = 8.470 μs, StdErr = 0.071 μs (0.84%), N = 10, StdDev = 0.226 μs
Min = 8.036 μs, Q1 = 8.361 μs, Median = 8.442 μs, Q3 = 8.619 μs, Max = 8.786 μs
IQR = 0.259 μs, LowerFence = 7.973 μs, UpperFence = 9.007 μs
ConfidenceInterval = [8.129 μs; 8.811 μs] (CI 99.9%), Margin = 0.341 μs (4.03% of Mean)
Skewness = -0.18, Kurtosis = 2.14, MValue = 2

// ** Remained 34 (81.0%) benchmark(s) to run. Estimated finish 2026-08-03 12:25 (0h 5m from now) **
Setup power plan (GUID: 8c5e7fda-e8bf-4a96-9a85-a6e23a8c635c FriendlyName: High performance)
// **************************
// Benchmark: ConcurrencyBenchmarks.Concurrent_Mediator_1: Job-ASUFOU(IterationCount=10, LaunchCount=1, WarmupCount=3)
// *** Execute ***
// Launch: 1 / 1
// Execute: dotnet 8a773897-42cb-4ccd-8a9e-ce6ce7c896af.dll --anonymousPipes 1468 1592 --benchmarkName Plaxion.BenchMarks.Comparison.ConcurrencyBenchmarks.Concurrent_Mediator_1 --job "IterationCount=10, LaunchCount=1, WarmupCount=3" --benchmarkId 8 in C:\Users\Angel\RiderProjects\PlaxionMediator\benchmarks-comparison\src\Plaxion.BenchMarks.Comparison\bin\Release\net9.0\8a773897-42cb-4ccd-8a9e-ce6ce7c896af\bin\Release\net9.0
// BeforeAnythingElse

// Benchmark Process Environment Information:
// BenchmarkDotNet v0.14.0
// Runtime=.NET 9.0.7 (9.0.725.31616), X64 RyuJIT AVX2
// GC=Concurrent Workstation
// HardwareIntrinsics=AVX2,AES,BMI1,BMI2,FMA,LZCNT,PCLMUL,POPCNT,AvxVnni,SERIALIZE VectorSize=256
// Job: Job-TPRBCT(IterationCount=10, LaunchCount=1, WarmupCount=3)

OverheadJitting  1: 1 op, 134400.00 ns, 134.4000 us/op
WorkloadJitting  1: 1 op, 10299500.00 ns, 10.2995 ms/op

OverheadJitting  2: 16 op, 160000.00 ns, 10.0000 us/op
WorkloadJitting  2: 16 op, 154800.00 ns, 9.6750 us/op

WorkloadPilot    1: 16 op, 9100.00 ns, 568.7500 ns/op
WorkloadPilot    2: 32 op, 11600.00 ns, 362.5000 ns/op
WorkloadPilot    3: 64 op, 13700.00 ns, 214.0625 ns/op
WorkloadPilot    4: 128 op, 26500.00 ns, 207.0313 ns/op
WorkloadPilot    5: 256 op, 40400.00 ns, 157.8125 ns/op
WorkloadPilot    6: 512 op, 71700.00 ns, 140.0391 ns/op
WorkloadPilot    7: 1024 op, 140000.00 ns, 136.7188 ns/op
WorkloadPilot    8: 2048 op, 228900.00 ns, 111.7676 ns/op
WorkloadPilot    9: 4096 op, 434700.00 ns, 106.1279 ns/op
WorkloadPilot   10: 8192 op, 1301600.00 ns, 158.8867 ns/op
WorkloadPilot   11: 16384 op, 1888400.00 ns, 115.2588 ns/op
WorkloadPilot   12: 32768 op, 4568100.00 ns, 139.4073 ns/op
WorkloadPilot   13: 65536 op, 8033000.00 ns, 122.5739 ns/op
WorkloadPilot   14: 131072 op, 13411700.00 ns, 102.3232 ns/op
WorkloadPilot   15: 262144 op, 24852400.00 ns, 94.8044 ns/op
WorkloadPilot   16: 524288 op, 46346700.00 ns, 88.3993 ns/op
WorkloadPilot   17: 1048576 op, 90681300.00 ns, 86.4804 ns/op
WorkloadPilot   18: 2097152 op, 88194900.00 ns, 42.0546 ns/op
WorkloadPilot   19: 4194304 op, 174911400.00 ns, 41.7021 ns/op
WorkloadPilot   20: 8388608 op, 345917500.00 ns, 41.2366 ns/op
WorkloadPilot   21: 16777216 op, 697254700.00 ns, 41.5596 ns/op

OverheadWarmup   1: 16777216 op, 25599000.00 ns, 1.5258 ns/op
OverheadWarmup   2: 16777216 op, 25685500.00 ns, 1.5310 ns/op
OverheadWarmup   3: 16777216 op, 25535300.00 ns, 1.5220 ns/op
OverheadWarmup   4: 16777216 op, 25595900.00 ns, 1.5256 ns/op
OverheadWarmup   5: 16777216 op, 25750500.00 ns, 1.5348 ns/op
OverheadWarmup   6: 16777216 op, 25711200.00 ns, 1.5325 ns/op

OverheadActual   1: 16777216 op, 25964400.00 ns, 1.5476 ns/op
OverheadActual   2: 16777216 op, 25598300.00 ns, 1.5258 ns/op
OverheadActual   3: 16777216 op, 25340200.00 ns, 1.5104 ns/op
OverheadActual   4: 16777216 op, 25142400.00 ns, 1.4986 ns/op
OverheadActual   5: 16777216 op, 25092000.00 ns, 1.4956 ns/op
OverheadActual   6: 16777216 op, 25566100.00 ns, 1.5239 ns/op
OverheadActual   7: 16777216 op, 25490100.00 ns, 1.5193 ns/op
OverheadActual   8: 16777216 op, 25578400.00 ns, 1.5246 ns/op
OverheadActual   9: 16777216 op, 25524000.00 ns, 1.5213 ns/op
OverheadActual  10: 16777216 op, 25682200.00 ns, 1.5308 ns/op
OverheadActual  11: 16777216 op, 21170100.00 ns, 1.2618 ns/op
OverheadActual  12: 16777216 op, 20203200.00 ns, 1.2042 ns/op
OverheadActual  13: 16777216 op, 20232900.00 ns, 1.2060 ns/op
OverheadActual  14: 16777216 op, 20363500.00 ns, 1.2138 ns/op
OverheadActual  15: 16777216 op, 19993600.00 ns, 1.1917 ns/op
OverheadActual  16: 16777216 op, 20820800.00 ns, 1.2410 ns/op
OverheadActual  17: 16777216 op, 20194100.00 ns, 1.2037 ns/op
OverheadActual  18: 16777216 op, 20240600.00 ns, 1.2064 ns/op
OverheadActual  19: 16777216 op, 20182600.00 ns, 1.2030 ns/op
OverheadActual  20: 16777216 op, 20231100.00 ns, 1.2059 ns/op

WorkloadWarmup   1: 16777216 op, 717000700.00 ns, 42.7366 ns/op
WorkloadWarmup   2: 16777216 op, 724971300.00 ns, 43.2117 ns/op
WorkloadWarmup   3: 16777216 op, 700683300.00 ns, 41.7640 ns/op

// BeforeActualRun
WorkloadActual   1: 16777216 op, 688357500.00 ns, 41.0293 ns/op
WorkloadActual   2: 16777216 op, 687587700.00 ns, 40.9834 ns/op
WorkloadActual   3: 16777216 op, 697423400.00 ns, 41.5697 ns/op
WorkloadActual   4: 16777216 op, 694814300.00 ns, 41.4142 ns/op
WorkloadActual   5: 16777216 op, 711432400.00 ns, 42.4047 ns/op
WorkloadActual   6: 16777216 op, 724092200.00 ns, 43.1593 ns/op
WorkloadActual   7: 16777216 op, 708673600.00 ns, 42.2402 ns/op
WorkloadActual   8: 16777216 op, 715712600.00 ns, 42.6598 ns/op
WorkloadActual   9: 16777216 op, 698627500.00 ns, 41.6414 ns/op
WorkloadActual  10: 16777216 op, 715301000.00 ns, 42.6353 ns/op

// AfterActualRun
WorkloadResult   1: 16777216 op, 665226450.00 ns, 39.6506 ns/op
WorkloadResult   2: 16777216 op, 664456650.00 ns, 39.6047 ns/op
WorkloadResult   3: 16777216 op, 674292350.00 ns, 40.1910 ns/op
WorkloadResult   4: 16777216 op, 671683250.00 ns, 40.0354 ns/op
WorkloadResult   5: 16777216 op, 688301350.00 ns, 41.0260 ns/op
WorkloadResult   6: 16777216 op, 700961150.00 ns, 41.7805 ns/op
WorkloadResult   7: 16777216 op, 685542550.00 ns, 40.8615 ns/op
WorkloadResult   8: 16777216 op, 692581550.00 ns, 41.2811 ns/op
WorkloadResult   9: 16777216 op, 675496450.00 ns, 40.2627 ns/op
WorkloadResult  10: 16777216 op, 692169950.00 ns, 41.2565 ns/op
// GC:  225 0 0 2952790752 16777216
// Threading:  0 0 16777216

// AfterAll
// Benchmark Process 59084 has exited with code 0.

Mean = 40.595 ns, StdErr = 0.236 ns (0.58%), N = 10, StdDev = 0.748 ns
Min = 39.605 ns, Q1 = 40.074 ns, Median = 40.562 ns, Q3 = 41.199 ns, Max = 41.781 ns
IQR = 1.125 ns, LowerFence = 38.387 ns, UpperFence = 42.886 ns
ConfidenceInterval = [39.465 ns; 41.725 ns] (CI 99.9%), Margin = 1.130 ns (2.78% of Mean)
Skewness = 0.07, Kurtosis = 1.38, MValue = 2

// ** Remained 33 (78.6%) benchmark(s) to run. Estimated finish 2026-08-03 12:26 (0h 5m from now) **
Setup power plan (GUID: 8c5e7fda-e8bf-4a96-9a85-a6e23a8c635c FriendlyName: High performance)
// **************************
// Benchmark: ConcurrencyBenchmarks.Concurrent_Mediator_8: Job-ASUFOU(IterationCount=10, LaunchCount=1, WarmupCount=3)
// *** Execute ***
// Launch: 1 / 1
// Execute: dotnet 8a773897-42cb-4ccd-8a9e-ce6ce7c896af.dll --anonymousPipes 1288 1500 --benchmarkName Plaxion.BenchMarks.Comparison.ConcurrencyBenchmarks.Concurrent_Mediator_8 --job "IterationCount=10, LaunchCount=1, WarmupCount=3" --benchmarkId 9 in C:\Users\Angel\RiderProjects\PlaxionMediator\benchmarks-comparison\src\Plaxion.BenchMarks.Comparison\bin\Release\net9.0\8a773897-42cb-4ccd-8a9e-ce6ce7c896af\bin\Release\net9.0
// BeforeAnythingElse

// Benchmark Process Environment Information:
// BenchmarkDotNet v0.14.0
// Runtime=.NET 9.0.7 (9.0.725.31616), X64 RyuJIT AVX2
// GC=Concurrent Workstation
// HardwareIntrinsics=AVX2,AES,BMI1,BMI2,FMA,LZCNT,PCLMUL,POPCNT,AvxVnni,SERIALIZE VectorSize=256
// Job: Job-MBJVNW(IterationCount=10, LaunchCount=1, WarmupCount=3)

OverheadJitting  1: 1 op, 132100.00 ns, 132.1000 us/op
WorkloadJitting  1: 1 op, 9825300.00 ns, 9.8253 ms/op

OverheadJitting  2: 16 op, 141200.00 ns, 8.8250 us/op
WorkloadJitting  2: 16 op, 149600.00 ns, 9.3500 us/op

WorkloadPilot    1: 16 op, 18600.00 ns, 1.1625 us/op
WorkloadPilot    2: 32 op, 29900.00 ns, 934.3750 ns/op
WorkloadPilot    3: 64 op, 57300.00 ns, 895.3125 ns/op
WorkloadPilot    4: 128 op, 138500.00 ns, 1.0820 us/op
WorkloadPilot    5: 256 op, 191700.00 ns, 748.8281 ns/op
WorkloadPilot    6: 512 op, 330800.00 ns, 646.0938 ns/op
WorkloadPilot    7: 1024 op, 696800.00 ns, 680.4688 ns/op
WorkloadPilot    8: 2048 op, 1425000.00 ns, 695.8008 ns/op
WorkloadPilot    9: 4096 op, 2823700.00 ns, 689.3799 ns/op
WorkloadPilot   10: 8192 op, 5807600.00 ns, 708.9355 ns/op
WorkloadPilot   11: 16384 op, 10298500.00 ns, 628.5706 ns/op
WorkloadPilot   12: 32768 op, 20905200.00 ns, 637.9761 ns/op
WorkloadPilot   13: 65536 op, 37470200.00 ns, 571.7499 ns/op
WorkloadPilot   14: 131072 op, 71863300.00 ns, 548.2735 ns/op
WorkloadPilot   15: 262144 op, 95268800.00 ns, 363.4216 ns/op
WorkloadPilot   16: 524288 op, 132339700.00 ns, 252.4179 ns/op
WorkloadPilot   17: 1048576 op, 254847700.00 ns, 243.0417 ns/op
WorkloadPilot   18: 2097152 op, 501244800.00 ns, 239.0121 ns/op

OverheadWarmup   1: 2097152 op, 3238500.00 ns, 1.5442 ns/op
OverheadWarmup   2: 2097152 op, 3223900.00 ns, 1.5373 ns/op
OverheadWarmup   3: 2097152 op, 3215600.00 ns, 1.5333 ns/op
OverheadWarmup   4: 2097152 op, 3211700.00 ns, 1.5315 ns/op
OverheadWarmup   5: 2097152 op, 3226300.00 ns, 1.5384 ns/op
OverheadWarmup   6: 2097152 op, 3219300.00 ns, 1.5351 ns/op
OverheadWarmup   7: 2097152 op, 3248000.00 ns, 1.5488 ns/op
OverheadWarmup   8: 2097152 op, 3254700.00 ns, 1.5520 ns/op
OverheadWarmup   9: 2097152 op, 3227500.00 ns, 1.5390 ns/op

OverheadActual   1: 2097152 op, 3339600.00 ns, 1.5924 ns/op
OverheadActual   2: 2097152 op, 3147800.00 ns, 1.5010 ns/op
OverheadActual   3: 2097152 op, 3150000.00 ns, 1.5020 ns/op
OverheadActual   4: 2097152 op, 3226400.00 ns, 1.5385 ns/op
OverheadActual   5: 2097152 op, 3214900.00 ns, 1.5330 ns/op
OverheadActual   6: 2097152 op, 3193100.00 ns, 1.5226 ns/op
OverheadActual   7: 2097152 op, 3209800.00 ns, 1.5306 ns/op
OverheadActual   8: 2097152 op, 3202300.00 ns, 1.5270 ns/op
OverheadActual   9: 2097152 op, 3204100.00 ns, 1.5278 ns/op
OverheadActual  10: 2097152 op, 3201300.00 ns, 1.5265 ns/op
OverheadActual  11: 2097152 op, 3289300.00 ns, 1.5685 ns/op
OverheadActual  12: 2097152 op, 3221400.00 ns, 1.5361 ns/op
OverheadActual  13: 2097152 op, 3204000.00 ns, 1.5278 ns/op
OverheadActual  14: 2097152 op, 3210800.00 ns, 1.5310 ns/op
OverheadActual  15: 2097152 op, 3191100.00 ns, 1.5216 ns/op

WorkloadWarmup   1: 2097152 op, 529385200.00 ns, 252.4305 ns/op
WorkloadWarmup   2: 2097152 op, 519307800.00 ns, 247.6253 ns/op
WorkloadWarmup   3: 2097152 op, 503427800.00 ns, 240.0531 ns/op

// BeforeActualRun
WorkloadActual   1: 2097152 op, 498061000.00 ns, 237.4940 ns/op
WorkloadActual   2: 2097152 op, 521352400.00 ns, 248.6002 ns/op
WorkloadActual   3: 2097152 op, 506891100.00 ns, 241.7045 ns/op
WorkloadActual   4: 2097152 op, 511398900.00 ns, 243.8540 ns/op
WorkloadActual   5: 2097152 op, 511304300.00 ns, 243.8089 ns/op
WorkloadActual   6: 2097152 op, 538683900.00 ns, 256.8645 ns/op
WorkloadActual   7: 2097152 op, 520116800.00 ns, 248.0110 ns/op
WorkloadActual   8: 2097152 op, 526993000.00 ns, 251.2898 ns/op
WorkloadActual   9: 2097152 op, 523930700.00 ns, 249.8296 ns/op
WorkloadActual  10: 2097152 op, 520741700.00 ns, 248.3090 ns/op

// AfterActualRun
WorkloadResult   1: 2097152 op, 494856900.00 ns, 235.9662 ns/op
WorkloadResult   2: 2097152 op, 518148300.00 ns, 247.0724 ns/op
WorkloadResult   3: 2097152 op, 503687000.00 ns, 240.1767 ns/op
WorkloadResult   4: 2097152 op, 508194800.00 ns, 242.3262 ns/op
WorkloadResult   5: 2097152 op, 508100200.00 ns, 242.2811 ns/op
WorkloadResult   6: 2097152 op, 535479800.00 ns, 255.3367 ns/op
WorkloadResult   7: 2097152 op, 516912700.00 ns, 246.4832 ns/op
WorkloadResult   8: 2097152 op, 523788900.00 ns, 249.7620 ns/op
WorkloadResult   9: 2097152 op, 520726600.00 ns, 248.3018 ns/op
WorkloadResult  10: 2097152 op, 517537600.00 ns, 246.7812 ns/op
// GC:  118 0 0 1543504320 2097152
// Threading:  0 0 2097152

// AfterAll
// Benchmark Process 18188 has exited with code 0.

Mean = 245.449 ns, StdErr = 1.724 ns (0.70%), N = 10, StdDev = 5.452 ns
Min = 235.966 ns, Q1 = 242.292 ns, Median = 246.632 ns, Q3 = 247.994 ns, Max = 255.337 ns
IQR = 5.702 ns, LowerFence = 233.739 ns, UpperFence = 256.548 ns
ConfidenceInterval = [237.206 ns; 253.691 ns] (CI 99.9%), Margin = 8.242 ns (3.36% of Mean)
Skewness = 0.01, Kurtosis = 2.15, MValue = 2

// ** Remained 32 (76.2%) benchmark(s) to run. Estimated finish 2026-08-03 12:26 (0h 5m from now) **
Setup power plan (GUID: 8c5e7fda-e8bf-4a96-9a85-a6e23a8c635c FriendlyName: High performance)
// **************************
// Benchmark: ConcurrencyBenchmarks.Concurrent_Mediator_32: Job-ASUFOU(IterationCount=10, LaunchCount=1, WarmupCount=3)
// *** Execute ***
// Launch: 1 / 1
// Execute: dotnet 8a773897-42cb-4ccd-8a9e-ce6ce7c896af.dll --anonymousPipes 1344 1524 --benchmarkName Plaxion.BenchMarks.Comparison.ConcurrencyBenchmarks.Concurrent_Mediator_32 --job "IterationCount=10, LaunchCount=1, WarmupCount=3" --benchmarkId 10 in C:\Users\Angel\RiderProjects\PlaxionMediator\benchmarks-comparison\src\Plaxion.BenchMarks.Comparison\bin\Release\net9.0\8a773897-42cb-4ccd-8a9e-ce6ce7c896af\bin\Release\net9.0
// BeforeAnythingElse

// Benchmark Process Environment Information:
// BenchmarkDotNet v0.14.0
// Runtime=.NET 9.0.7 (9.0.725.31616), X64 RyuJIT AVX2
// GC=Concurrent Workstation
// HardwareIntrinsics=AVX2,AES,BMI1,BMI2,FMA,LZCNT,PCLMUL,POPCNT,AvxVnni,SERIALIZE VectorSize=256
// Job: Job-HWMIBU(IterationCount=10, LaunchCount=1, WarmupCount=3)

OverheadJitting  1: 1 op, 133000.00 ns, 133.0000 us/op
WorkloadJitting  1: 1 op, 10151400.00 ns, 10.1514 ms/op

OverheadJitting  2: 16 op, 152600.00 ns, 9.5375 us/op
WorkloadJitting  2: 16 op, 176100.00 ns, 11.0063 us/op

WorkloadPilot    1: 16 op, 51800.00 ns, 3.2375 us/op
WorkloadPilot    2: 32 op, 93500.00 ns, 2.9219 us/op
WorkloadPilot    3: 64 op, 178300.00 ns, 2.7859 us/op
WorkloadPilot    4: 128 op, 314300.00 ns, 2.4555 us/op
WorkloadPilot    5: 256 op, 629300.00 ns, 2.4582 us/op
WorkloadPilot    6: 512 op, 1303300.00 ns, 2.5455 us/op
WorkloadPilot    7: 1024 op, 2825900.00 ns, 2.7597 us/op
WorkloadPilot    8: 2048 op, 5585700.00 ns, 2.7274 us/op
WorkloadPilot    9: 4096 op, 10313900.00 ns, 2.5180 us/op
WorkloadPilot   10: 8192 op, 18021200.00 ns, 2.1999 us/op
WorkloadPilot   11: 16384 op, 34009100.00 ns, 2.0758 us/op
WorkloadPilot   12: 32768 op, 68278000.00 ns, 2.0837 us/op
WorkloadPilot   13: 65536 op, 83590100.00 ns, 1.2755 us/op
WorkloadPilot   14: 131072 op, 128872900.00 ns, 983.2222 ns/op
WorkloadPilot   15: 262144 op, 255933700.00 ns, 976.3096 ns/op
WorkloadPilot   16: 524288 op, 521061500.00 ns, 993.8459 ns/op

OverheadWarmup   1: 524288 op, 795400.00 ns, 1.5171 ns/op
OverheadWarmup   2: 524288 op, 795100.00 ns, 1.5165 ns/op
OverheadWarmup   3: 524288 op, 797900.00 ns, 1.5219 ns/op
OverheadWarmup   4: 524288 op, 794700.00 ns, 1.5158 ns/op
OverheadWarmup   5: 524288 op, 794800.00 ns, 1.5160 ns/op
OverheadWarmup   6: 524288 op, 794700.00 ns, 1.5158 ns/op

OverheadActual   1: 524288 op, 812400.00 ns, 1.5495 ns/op
OverheadActual   2: 524288 op, 795600.00 ns, 1.5175 ns/op
OverheadActual   3: 524288 op, 797800.00 ns, 1.5217 ns/op
OverheadActual   4: 524288 op, 807500.00 ns, 1.5402 ns/op
OverheadActual   5: 524288 op, 795000.00 ns, 1.5163 ns/op
OverheadActual   6: 524288 op, 794600.00 ns, 1.5156 ns/op
OverheadActual   7: 524288 op, 794700.00 ns, 1.5158 ns/op
OverheadActual   8: 524288 op, 794800.00 ns, 1.5160 ns/op
OverheadActual   9: 524288 op, 797700.00 ns, 1.5215 ns/op
OverheadActual  10: 524288 op, 809000.00 ns, 1.5430 ns/op
OverheadActual  11: 524288 op, 804500.00 ns, 1.5345 ns/op
OverheadActual  12: 524288 op, 795000.00 ns, 1.5163 ns/op
OverheadActual  13: 524288 op, 794700.00 ns, 1.5158 ns/op
OverheadActual  14: 524288 op, 794800.00 ns, 1.5160 ns/op
OverheadActual  15: 524288 op, 794700.00 ns, 1.5158 ns/op

WorkloadWarmup   1: 524288 op, 535807800.00 ns, 1.0220 us/op
WorkloadWarmup   2: 524288 op, 505921600.00 ns, 964.9689 ns/op
WorkloadWarmup   3: 524288 op, 492962900.00 ns, 940.2521 ns/op

// BeforeActualRun
WorkloadActual   1: 524288 op, 506817000.00 ns, 966.6767 ns/op
WorkloadActual   2: 524288 op, 519483100.00 ns, 990.8354 ns/op
WorkloadActual   3: 524288 op, 519043200.00 ns, 989.9963 ns/op
WorkloadActual   4: 524288 op, 511872600.00 ns, 976.3195 ns/op
WorkloadActual   5: 524288 op, 506634600.00 ns, 966.3288 ns/op
WorkloadActual   6: 524288 op, 504410500.00 ns, 962.0867 ns/op
WorkloadActual   7: 524288 op, 508202300.00 ns, 969.3190 ns/op
WorkloadActual   8: 524288 op, 503789500.00 ns, 960.9022 ns/op
WorkloadActual   9: 524288 op, 503066300.00 ns, 959.5228 ns/op
WorkloadActual  10: 524288 op, 506435100.00 ns, 965.9483 ns/op

// AfterActualRun
WorkloadResult   1: 524288 op, 506022000.00 ns, 965.1604 ns/op
WorkloadResult   2: 524288 op, 518688100.00 ns, 989.3190 ns/op
WorkloadResult   3: 524288 op, 518248200.00 ns, 988.4800 ns/op
WorkloadResult   4: 524288 op, 511077600.00 ns, 974.8032 ns/op
WorkloadResult   5: 524288 op, 505839600.00 ns, 964.8125 ns/op
WorkloadResult   6: 524288 op, 503615500.00 ns, 960.5703 ns/op
WorkloadResult   7: 524288 op, 507407300.00 ns, 967.8026 ns/op
WorkloadResult   8: 524288 op, 502994500.00 ns, 959.3859 ns/op
WorkloadResult   9: 524288 op, 502271300.00 ns, 958.0065 ns/op
WorkloadResult  10: 524288 op, 505640100.00 ns, 964.4320 ns/op
// GC:  106 1 0 1392509712 524288
// Threading:  0 0 524288

// AfterAll
// Benchmark Process 41236 has exited with code 0.

Mean = 969.277 ns, StdErr = 3.597 ns (0.37%), N = 10, StdDev = 11.373 ns
Min = 958.006 ns, Q1 = 961.536 ns, Median = 964.986 ns, Q3 = 973.053 ns, Max = 989.319 ns
IQR = 11.517 ns, LowerFence = 944.260 ns, UpperFence = 990.329 ns
ConfidenceInterval = [952.082 ns; 986.472 ns] (CI 99.9%), Margin = 17.195 ns (1.77% of Mean)
Skewness = 0.81, Kurtosis = 1.98, MValue = 2

// ** Remained 31 (73.8%) benchmark(s) to run. Estimated finish 2026-08-03 12:26 (0h 5m from now) **
Setup power plan (GUID: 8c5e7fda-e8bf-4a96-9a85-a6e23a8c635c FriendlyName: High performance)
// **************************
// Benchmark: ConcurrencyBenchmarks.Concurrent_Mediator_128: Job-ASUFOU(IterationCount=10, LaunchCount=1, WarmupCount=3)
// *** Execute ***
// Launch: 1 / 1
// Execute: dotnet 8a773897-42cb-4ccd-8a9e-ce6ce7c896af.dll --anonymousPipes 1352 1480 --benchmarkName Plaxion.BenchMarks.Comparison.ConcurrencyBenchmarks.Concurrent_Mediator_128 --job "IterationCount=10, LaunchCount=1, WarmupCount=3" --benchmarkId 11 in C:\Users\Angel\RiderProjects\PlaxionMediator\benchmarks-comparison\src\Plaxion.BenchMarks.Comparison\bin\Release\net9.0\8a773897-42cb-4ccd-8a9e-ce6ce7c896af\bin\Release\net9.0
// BeforeAnythingElse

// Benchmark Process Environment Information:
// BenchmarkDotNet v0.14.0
// Runtime=.NET 9.0.7 (9.0.725.31616), X64 RyuJIT AVX2
// GC=Concurrent Workstation
// HardwareIntrinsics=AVX2,AES,BMI1,BMI2,FMA,LZCNT,PCLMUL,POPCNT,AvxVnni,SERIALIZE VectorSize=256
// Job: Job-XJMTGO(IterationCount=10, LaunchCount=1, WarmupCount=3)

OverheadJitting  1: 1 op, 137400.00 ns, 137.4000 us/op
WorkloadJitting  1: 1 op, 11019500.00 ns, 11.0195 ms/op

OverheadJitting  2: 16 op, 165500.00 ns, 10.3438 us/op
WorkloadJitting  2: 16 op, 331200.00 ns, 20.7000 us/op

WorkloadPilot    1: 16 op, 187800.00 ns, 11.7375 us/op
WorkloadPilot    2: 32 op, 320900.00 ns, 10.0281 us/op
WorkloadPilot    3: 64 op, 649900.00 ns, 10.1547 us/op
WorkloadPilot    4: 128 op, 1381700.00 ns, 10.7945 us/op
WorkloadPilot    5: 256 op, 2802100.00 ns, 10.9457 us/op
WorkloadPilot    6: 512 op, 5342900.00 ns, 10.4354 us/op
WorkloadPilot    7: 1024 op, 10691200.00 ns, 10.4406 us/op
WorkloadPilot    8: 2048 op, 19170000.00 ns, 9.3604 us/op
WorkloadPilot    9: 4096 op, 34246400.00 ns, 8.3609 us/op
WorkloadPilot   10: 8192 op, 70769700.00 ns, 8.6389 us/op
WorkloadPilot   11: 16384 op, 89050600.00 ns, 5.4352 us/op
WorkloadPilot   12: 32768 op, 124030700.00 ns, 3.7851 us/op
WorkloadPilot   13: 65536 op, 260254800.00 ns, 3.9712 us/op
WorkloadPilot   14: 131072 op, 496533700.00 ns, 3.7883 us/op
WorkloadPilot   15: 262144 op, 1002056600.00 ns, 3.8225 us/op

OverheadWarmup   1: 262144 op, 400200.00 ns, 1.5266 ns/op
OverheadWarmup   2: 262144 op, 399300.00 ns, 1.5232 ns/op
OverheadWarmup   3: 262144 op, 399200.00 ns, 1.5228 ns/op
OverheadWarmup   4: 262144 op, 399100.00 ns, 1.5224 ns/op
OverheadWarmup   5: 262144 op, 397900.00 ns, 1.5179 ns/op
OverheadWarmup   6: 262144 op, 397800.00 ns, 1.5175 ns/op
OverheadWarmup   7: 262144 op, 398100.00 ns, 1.5186 ns/op
OverheadWarmup   8: 262144 op, 397800.00 ns, 1.5175 ns/op
OverheadWarmup   9: 262144 op, 397800.00 ns, 1.5175 ns/op
OverheadWarmup  10: 262144 op, 397800.00 ns, 1.5175 ns/op

OverheadActual   1: 262144 op, 407700.00 ns, 1.5553 ns/op
OverheadActual   2: 262144 op, 400200.00 ns, 1.5266 ns/op
OverheadActual   3: 262144 op, 399500.00 ns, 1.5240 ns/op
OverheadActual   4: 262144 op, 399100.00 ns, 1.5224 ns/op
OverheadActual   5: 262144 op, 409100.00 ns, 1.5606 ns/op
OverheadActual   6: 262144 op, 399100.00 ns, 1.5224 ns/op
OverheadActual   7: 262144 op, 399200.00 ns, 1.5228 ns/op
OverheadActual   8: 262144 op, 408800.00 ns, 1.5594 ns/op
OverheadActual   9: 262144 op, 399000.00 ns, 1.5221 ns/op
OverheadActual  10: 262144 op, 399100.00 ns, 1.5224 ns/op
OverheadActual  11: 262144 op, 398900.00 ns, 1.5217 ns/op
OverheadActual  12: 262144 op, 398900.00 ns, 1.5217 ns/op
OverheadActual  13: 262144 op, 413800.00 ns, 1.5785 ns/op
OverheadActual  14: 262144 op, 399400.00 ns, 1.5236 ns/op
OverheadActual  15: 262144 op, 399800.00 ns, 1.5251 ns/op

WorkloadWarmup   1: 262144 op, 1017913300.00 ns, 3.8830 us/op
WorkloadWarmup   2: 262144 op, 1022441300.00 ns, 3.9003 us/op
WorkloadWarmup   3: 262144 op, 1008995800.00 ns, 3.8490 us/op

// BeforeActualRun
WorkloadActual   1: 262144 op, 1006976200.00 ns, 3.8413 us/op
WorkloadActual   2: 262144 op, 1046514500.00 ns, 3.9921 us/op
WorkloadActual   3: 262144 op, 1013820200.00 ns, 3.8674 us/op
WorkloadActual   4: 262144 op, 1009466700.00 ns, 3.8508 us/op
WorkloadActual   5: 262144 op, 1002762100.00 ns, 3.8252 us/op
WorkloadActual   6: 262144 op, 1008500100.00 ns, 3.8471 us/op
WorkloadActual   7: 262144 op, 979986300.00 ns, 3.7384 us/op
WorkloadActual   8: 262144 op, 1001340400.00 ns, 3.8198 us/op
WorkloadActual   9: 262144 op, 990520100.00 ns, 3.7785 us/op
WorkloadActual  10: 262144 op, 969947200.00 ns, 3.7001 us/op

// AfterActualRun
WorkloadResult   1: 262144 op, 1006576800.00 ns, 3.8398 us/op
WorkloadResult   2: 262144 op, 1013420800.00 ns, 3.8659 us/op
WorkloadResult   3: 262144 op, 1009067300.00 ns, 3.8493 us/op
WorkloadResult   4: 262144 op, 1002362700.00 ns, 3.8237 us/op
WorkloadResult   5: 262144 op, 1008100700.00 ns, 3.8456 us/op
WorkloadResult   6: 262144 op, 979586900.00 ns, 3.7368 us/op
WorkloadResult   7: 262144 op, 1000941000.00 ns, 3.8183 us/op
WorkloadResult   8: 262144 op, 990120700.00 ns, 3.7770 us/op
WorkloadResult   9: 262144 op, 969547800.00 ns, 3.6985 us/op
// GC:  207 6 0 2709520448 262144
// Threading:  0 0 262144

// AfterAll
// Benchmark Process 73008 has exited with code 0.

Mean = 3.806 μs, StdErr = 0.019 μs (0.50%), N = 9, StdDev = 0.057 μs
Min = 3.699 μs, Q1 = 3.777 μs, Median = 3.824 μs, Q3 = 3.846 μs, Max = 3.866 μs
IQR = 0.069 μs, LowerFence = 3.674 μs, UpperFence = 3.948 μs
ConfidenceInterval = [3.711 μs; 3.902 μs] (CI 99.9%), Margin = 0.095 μs (2.51% of Mean)
Skewness = -0.73, Kurtosis = 1.9, MValue = 2

// ** Remained 30 (71.4%) benchmark(s) to run. Estimated finish 2026-08-03 12:26 (0h 5m from now) **
Successfully reverted power plan (GUID: 381b4222-f694-41f0-9685-ff5bb260df2e FriendlyName: Balanced)
// ***** BenchmarkRunner: Finish  *****

// * Export *
  BenchmarkDotNet.Artifacts\results\Plaxion.BenchMarks.Comparison.ConcurrencyBenchmarks-report-full.json
  BenchmarkDotNet.Artifacts\results\Plaxion.BenchMarks.Comparison.ConcurrencyBenchmarks-report.csv
  BenchmarkDotNet.Artifacts\results\Plaxion.BenchMarks.Comparison.ConcurrencyBenchmarks-report-github.md

// * Detailed results *
ConcurrencyBenchmarks.Concurrent_Mediator_1: Job-ASUFOU(IterationCount=10, LaunchCount=1, WarmupCount=3)
Runtime = .NET 9.0.7 (9.0.725.31616), X64 RyuJIT AVX2; GC = Concurrent Workstation
Mean = 40.595 ns, StdErr = 0.236 ns (0.58%), N = 10, StdDev = 0.748 ns
Min = 39.605 ns, Q1 = 40.074 ns, Median = 40.562 ns, Q3 = 41.199 ns, Max = 41.781 ns
IQR = 1.125 ns, LowerFence = 38.387 ns, UpperFence = 42.886 ns
ConfidenceInterval = [39.465 ns; 41.725 ns] (CI 99.9%), Margin = 1.130 ns (2.78% of Mean)
Skewness = 0.07, Kurtosis = 1.38, MValue = 2
-------------------- Histogram --------------------
[39.478 ns ; 40.616 ns) | @@@@@
[40.616 ns ; 42.236 ns) | @@@@@
---------------------------------------------------

ConcurrencyBenchmarks.Concurrent_MediatR_1: Job-ASUFOU(IterationCount=10, LaunchCount=1, WarmupCount=3)
Runtime = .NET 9.0.7 (9.0.725.31616), X64 RyuJIT AVX2; GC = Concurrent Workstation
Mean = 74.770 ns, StdErr = 0.444 ns (0.59%), N = 10, StdDev = 1.403 ns
Min = 72.820 ns, Q1 = 73.837 ns, Median = 74.644 ns, Q3 = 75.895 ns, Max = 77.041 ns
IQR = 2.059 ns, LowerFence = 70.748 ns, UpperFence = 78.984 ns
ConfidenceInterval = [72.650 ns; 76.891 ns] (CI 99.9%), Margin = 2.121 ns (2.84% of Mean)
Skewness = 0.08, Kurtosis = 1.54, MValue = 2
-------------------- Histogram --------------------
[72.676 ns ; 74.508 ns) | @@@@
[74.508 ns ; 76.217 ns) | @@@@@
[76.217 ns ; 77.896 ns) | @
---------------------------------------------------

ConcurrencyBenchmarks.Concurrent_Plaxion_1: Job-ASUFOU(IterationCount=10, LaunchCount=1, WarmupCount=3)
Runtime = .NET 9.0.7 (9.0.725.31616), X64 RyuJIT AVX2; GC = Concurrent Workstation
Mean = 78.480 ns, StdErr = 0.554 ns (0.71%), N = 8, StdDev = 1.568 ns
Min = 76.929 ns, Q1 = 77.554 ns, Median = 78.031 ns, Q3 = 78.737 ns, Max = 81.486 ns
IQR = 1.183 ns, LowerFence = 75.779 ns, UpperFence = 80.511 ns
ConfidenceInterval = [75.482 ns; 81.478 ns] (CI 99.9%), Margin = 2.998 ns (3.82% of Mean)
Skewness = 0.85, Kurtosis = 2.06, MValue = 2
-------------------- Histogram --------------------
[76.555 ns ; 78.613 ns) | @@@@@@
[78.613 ns ; 81.888 ns) | @@
---------------------------------------------------

ConcurrencyBenchmarks.Concurrent_Mediator_8: Job-ASUFOU(IterationCount=10, LaunchCount=1, WarmupCount=3)
Runtime = .NET 9.0.7 (9.0.725.31616), X64 RyuJIT AVX2; GC = Concurrent Workstation
Mean = 245.449 ns, StdErr = 1.724 ns (0.70%), N = 10, StdDev = 5.452 ns
Min = 235.966 ns, Q1 = 242.292 ns, Median = 246.632 ns, Q3 = 247.994 ns, Max = 255.337 ns
IQR = 5.702 ns, LowerFence = 233.739 ns, UpperFence = 256.548 ns
ConfidenceInterval = [237.206 ns; 253.691 ns] (CI 99.9%), Margin = 8.242 ns (3.36% of Mean)
Skewness = 0.01, Kurtosis = 2.15, MValue = 2
-------------------- Histogram --------------------
[234.750 ns ; 241.970 ns) | @@
[241.970 ns ; 248.613 ns) | @@@@@@
[248.613 ns ; 255.871 ns) | @@
---------------------------------------------------

ConcurrencyBenchmarks.Concurrent_Plaxion_8: Job-ASUFOU(IterationCount=10, LaunchCount=1, WarmupCount=3)
Runtime = .NET 9.0.7 (9.0.725.31616), X64 RyuJIT AVX2; GC = Concurrent Workstation
Mean = 509.601 ns, StdErr = 1.901 ns (0.37%), N = 10, StdDev = 6.012 ns
Min = 500.896 ns, Q1 = 504.295 ns, Median = 510.476 ns, Q3 = 514.139 ns, Max = 517.888 ns
IQR = 9.844 ns, LowerFence = 489.529 ns, UpperFence = 528.906 ns
ConfidenceInterval = [500.511 ns; 518.691 ns] (CI 99.9%), Margin = 9.090 ns (1.78% of Mean)
Skewness = -0.22, Kurtosis = 1.38, MValue = 2
-------------------- Histogram --------------------
[497.233 ns ; 517.981 ns) | @@@@@@@@@@
---------------------------------------------------

ConcurrencyBenchmarks.Concurrent_MediatR_8: Job-ASUFOU(IterationCount=10, LaunchCount=1, WarmupCount=3)
Runtime = .NET 9.0.7 (9.0.725.31616), X64 RyuJIT AVX2; GC = Concurrent Workstation
Mean = 560.680 ns, StdErr = 2.690 ns (0.48%), N = 10, StdDev = 8.508 ns
Min = 549.844 ns, Q1 = 553.783 ns, Median = 558.678 ns, Q3 = 568.044 ns, Max = 573.557 ns
IQR = 14.261 ns, LowerFence = 532.391 ns, UpperFence = 589.436 ns
ConfidenceInterval = [547.817 ns; 573.542 ns] (CI 99.9%), Margin = 12.863 ns (2.29% of Mean)
Skewness = 0.28, Kurtosis = 1.31, MValue = 2
-------------------- Histogram --------------------
[547.671 ns ; 574.473 ns) | @@@@@@@@@@
---------------------------------------------------

ConcurrencyBenchmarks.Concurrent_Mediator_32: Job-ASUFOU(IterationCount=10, LaunchCount=1, WarmupCount=3)
Runtime = .NET 9.0.7 (9.0.725.31616), X64 RyuJIT AVX2; GC = Concurrent Workstation
Mean = 969.277 ns, StdErr = 3.597 ns (0.37%), N = 10, StdDev = 11.373 ns
Min = 958.006 ns, Q1 = 961.536 ns, Median = 964.986 ns, Q3 = 973.053 ns, Max = 989.319 ns
IQR = 11.517 ns, LowerFence = 944.260 ns, UpperFence = 990.329 ns
ConfidenceInterval = [952.082 ns; 986.472 ns] (CI 99.9%), Margin = 17.195 ns (1.77% of Mean)
Skewness = 0.81, Kurtosis = 1.98, MValue = 2
-------------------- Histogram --------------------
[953.276 ns ; 996.248 ns) | @@@@@@@@@@
---------------------------------------------------

ConcurrencyBenchmarks.Concurrent_Plaxion_32: Job-ASUFOU(IterationCount=10, LaunchCount=1, WarmupCount=3)
Runtime = .NET 9.0.7 (9.0.725.31616), X64 RyuJIT AVX2; GC = Concurrent Workstation
Mean = 1.913 μs, StdErr = 0.007 μs (0.37%), N = 10, StdDev = 0.022 μs
Min = 1.886 μs, Q1 = 1.896 μs, Median = 1.905 μs, Q3 = 1.933 μs, Max = 1.947 μs
IQR = 0.037 μs, LowerFence = 1.840 μs, UpperFence = 1.989 μs
ConfidenceInterval = [1.879 μs; 1.946 μs] (CI 99.9%), Margin = 0.034 μs (1.77% of Mean)
Skewness = 0.38, Kurtosis = 1.34, MValue = 2
-------------------- Histogram --------------------
[1.878 μs ; 1.961 μs) | @@@@@@@@@@
---------------------------------------------------

ConcurrencyBenchmarks.Concurrent_MediatR_32: Job-ASUFOU(IterationCount=10, LaunchCount=1, WarmupCount=3)
Runtime = .NET 9.0.7 (9.0.725.31616), X64 RyuJIT AVX2; GC = Concurrent Workstation
Mean = 2.086 μs, StdErr = 0.008 μs (0.38%), N = 10, StdDev = 0.025 μs
Min = 2.045 μs, Q1 = 2.064 μs, Median = 2.095 μs, Q3 = 2.101 μs, Max = 2.120 μs
IQR = 0.037 μs, LowerFence = 2.009 μs, UpperFence = 2.156 μs
ConfidenceInterval = [2.048 μs; 2.125 μs] (CI 99.9%), Margin = 0.038 μs (1.83% of Mean)
Skewness = -0.24, Kurtosis = 1.42, MValue = 2
-------------------- Histogram --------------------
[2.035 μs ; 2.127 μs) | @@@@@@@@@@
---------------------------------------------------

ConcurrencyBenchmarks.Concurrent_Mediator_128: Job-ASUFOU(IterationCount=10, LaunchCount=1, WarmupCount=3)
Runtime = .NET 9.0.7 (9.0.725.31616), X64 RyuJIT AVX2; GC = Concurrent Workstation
Mean = 3.806 μs, StdErr = 0.019 μs (0.50%), N = 9, StdDev = 0.057 μs
Min = 3.699 μs, Q1 = 3.777 μs, Median = 3.824 μs, Q3 = 3.846 μs, Max = 3.866 μs
IQR = 0.069 μs, LowerFence = 3.674 μs, UpperFence = 3.948 μs
ConfidenceInterval = [3.711 μs; 3.902 μs] (CI 99.9%), Margin = 0.095 μs (2.51% of Mean)
Skewness = -0.73, Kurtosis = 1.9, MValue = 2
-------------------- Histogram --------------------
[3.681 μs ; 3.881 μs) | @@@@@@@@@
---------------------------------------------------

ConcurrencyBenchmarks.Concurrent_Plaxion_128: Job-ASUFOU(IterationCount=10, LaunchCount=1, WarmupCount=3)
Runtime = .NET 9.0.7 (9.0.725.31616), X64 RyuJIT AVX2; GC = Concurrent Workstation
Mean = 7.939 μs, StdErr = 0.033 μs (0.41%), N = 10, StdDev = 0.103 μs
Min = 7.809 μs, Q1 = 7.877 μs, Median = 7.923 μs, Q3 = 7.992 μs, Max = 8.162 μs
IQR = 0.115 μs, LowerFence = 7.705 μs, UpperFence = 8.164 μs
ConfidenceInterval = [7.782 μs; 8.095 μs] (CI 99.9%), Margin = 0.156 μs (1.97% of Mean)
Skewness = 0.77, Kurtosis = 2.61, MValue = 2
-------------------- Histogram --------------------
[7.746 μs ; 7.971 μs) | @@@@@@@
[7.971 μs ; 8.225 μs) | @@@
---------------------------------------------------

ConcurrencyBenchmarks.Concurrent_MediatR_128: Job-ASUFOU(IterationCount=10, LaunchCount=1, WarmupCount=3)
Runtime = .NET 9.0.7 (9.0.725.31616), X64 RyuJIT AVX2; GC = Concurrent Workstation
Mean = 8.470 μs, StdErr = 0.071 μs (0.84%), N = 10, StdDev = 0.226 μs
Min = 8.036 μs, Q1 = 8.361 μs, Median = 8.442 μs, Q3 = 8.619 μs, Max = 8.786 μs
IQR = 0.259 μs, LowerFence = 7.973 μs, UpperFence = 9.007 μs
ConfidenceInterval = [8.129 μs; 8.811 μs] (CI 99.9%), Margin = 0.341 μs (4.03% of Mean)
Skewness = -0.18, Kurtosis = 2.14, MValue = 2
-------------------- Histogram --------------------
[7.898 μs ; 8.173 μs) | @
[8.173 μs ; 8.539 μs) | @@@@@@
[8.539 μs ; 8.864 μs) | @@@
---------------------------------------------------

// * Summary *

BenchmarkDotNet v0.14.0, Windows 11 (10.0.26200.8875)
12th Gen Intel Core i7-12700K, 1 CPU, 20 logical and 12 physical cores
.NET SDK 9.0.202
  [Host]     : .NET 9.0.7 (9.0.725.31616), X64 RyuJIT AVX2
  Job-ASUFOU : .NET 9.0.7 (9.0.725.31616), X64 RyuJIT AVX2

IterationCount=10  LaunchCount=1  WarmupCount=3  

| Method                  | Mean        | Error      | StdDev     | Ratio  | RatioSD | Rank | Gen0   | Completed Work Items | Lock Contentions | Gen1   | Allocated | Alloc Ratio |
|------------------------ |------------:|-----------:|-----------:|-------:|--------:|-----:|-------:|---------------------:|-----------------:|-------:|----------:|------------:|
| Concurrent_Mediator_1   |    40.60 ns |   1.130 ns |   0.748 ns |   0.52 |    0.01 |    1 | 0.0134 |                    - |                - |      - |     176 B |        1.00 |
| Concurrent_MediatR_1    |    74.77 ns |   2.121 ns |   1.403 ns |   0.95 |    0.02 |    2 | 0.0281 |                    - |                - |      - |     368 B |        2.09 |
| Concurrent_Plaxion_1    |    78.48 ns |   2.998 ns |   1.568 ns |   1.00 |    0.03 |    2 | 0.0134 |                    - |                - |      - |     176 B |        1.00 |
| Concurrent_Mediator_8   |   245.45 ns |   8.242 ns |   5.452 ns |   3.13 |    0.09 |    3 | 0.0563 |                    - |                - |      - |     736 B |        4.18 |
| Concurrent_Plaxion_8    |   509.60 ns |   9.090 ns |   6.012 ns |   6.50 |    0.14 |    4 | 0.0563 |                    - |                - |      - |     736 B |        4.18 |
| Concurrent_MediatR_8    |   560.68 ns |  12.863 ns |   8.508 ns |   7.15 |    0.17 |    5 | 0.1736 |                    - |                - |      - |    2272 B |       12.91 |
| Concurrent_Mediator_32  |   969.28 ns |  17.195 ns |  11.373 ns |  12.35 |    0.27 |    6 | 0.2022 |                    - |                - | 0.0019 |    2656 B |       15.09 |
| Concurrent_Plaxion_32   | 1,912.72 ns |  33.762 ns |  22.332 ns |  24.38 |    0.53 |    7 | 0.2022 |                    - |                - |      - |    2656 B |       15.09 |
| Concurrent_MediatR_32   | 2,086.26 ns |  38.251 ns |  25.301 ns |  26.59 |    0.58 |    8 | 0.6714 |                    - |                - | 0.0038 |    8800 B |       50.00 |
| Concurrent_Mediator_128 | 3,806.10 ns |  95.448 ns |  56.800 ns |  48.51 |    1.13 |    9 | 0.7896 |                    - |                - | 0.0229 |   10336 B |       58.73 |
| Concurrent_Plaxion_128  | 7,938.64 ns | 156.212 ns | 103.324 ns | 101.19 |    2.25 |   10 | 0.7782 |                    - |                - | 0.0153 |   10336 B |       58.73 |
| Concurrent_MediatR_128  | 8,469.80 ns | 341.281 ns | 225.736 ns | 107.96 |    3.39 |   10 | 2.6703 |                    - |                - | 0.0916 |   34912 B |      198.36 |

// * Legends *
  Mean                 : Arithmetic mean of all measurements
  Error                : Half of 99.9% confidence interval
  StdDev               : Standard deviation of all measurements
  Ratio                : Mean of the ratio distribution ([Current]/[Baseline])
  RatioSD              : Standard deviation of the ratio distribution ([Current]/[Baseline])
  Rank                 : Relative position of current benchmark mean among all benchmarks (Arabic style)
  Gen0                 : GC Generation 0 collects per 1000 operations
  Completed Work Items : The number of work items that have been processed in ThreadPool (per single operation)
  Lock Contentions     : The number of times there was contention upon trying to take a Monitor's lock (per single operation)
  Gen1                 : GC Generation 1 collects per 1000 operations
  Allocated            : Allocated memory per single operation (managed only, inclusive, 1KB = 1024B)
  Alloc Ratio          : Allocated memory ratio distribution ([Current]/[Baseline])
  1 ns                 : 1 Nanosecond (0.000000001 sec)

// * Diagnostic Output - MemoryDiagnoser *

// * Diagnostic Output - ThreadingDiagnoser *


// ***** BenchmarkRunner: End *****
Run time: 00:02:04 (124.86 sec), executed benchmarks: 12

// Found 12 benchmarks:
//   NotificationFanOutBenchmarks.Publish_Plaxion_1Handler: Job-ASUFOU(IterationCount=10, LaunchCount=1, WarmupCount=3)
//   NotificationFanOutBenchmarks.Publish_Plaxion_10Handlers: Job-ASUFOU(IterationCount=10, LaunchCount=1, WarmupCount=3)
//   NotificationFanOutBenchmarks.Publish_Plaxion_50Handlers: Job-ASUFOU(IterationCount=10, LaunchCount=1, WarmupCount=3)
//   NotificationFanOutBenchmarks.Publish_Plaxion_100Handlers: Job-ASUFOU(IterationCount=10, LaunchCount=1, WarmupCount=3)
//   NotificationFanOutBenchmarks.Publish_MediatR_1Handler: Job-ASUFOU(IterationCount=10, LaunchCount=1, WarmupCount=3)
//   NotificationFanOutBenchmarks.Publish_MediatR_10Handlers: Job-ASUFOU(IterationCount=10, LaunchCount=1, WarmupCount=3)
//   NotificationFanOutBenchmarks.Publish_MediatR_50Handlers: Job-ASUFOU(IterationCount=10, LaunchCount=1, WarmupCount=3)
//   NotificationFanOutBenchmarks.Publish_MediatR_100Handlers: Job-ASUFOU(IterationCount=10, LaunchCount=1, WarmupCount=3)
//   NotificationFanOutBenchmarks.Publish_Mediator_1Handler: Job-ASUFOU(IterationCount=10, LaunchCount=1, WarmupCount=3)
//   NotificationFanOutBenchmarks.Publish_Mediator_10Handlers: Job-ASUFOU(IterationCount=10, LaunchCount=1, WarmupCount=3)
//   NotificationFanOutBenchmarks.Publish_Mediator_50Handlers: Job-ASUFOU(IterationCount=10, LaunchCount=1, WarmupCount=3)
//   NotificationFanOutBenchmarks.Publish_Mediator_100Handlers: Job-ASUFOU(IterationCount=10, LaunchCount=1, WarmupCount=3)

Setup power plan (GUID: 8c5e7fda-e8bf-4a96-9a85-a6e23a8c635c FriendlyName: High performance)
// **************************
// Benchmark: NotificationFanOutBenchmarks.Publish_Plaxion_1Handler: Job-ASUFOU(IterationCount=10, LaunchCount=1, WarmupCount=3)
// *** Execute ***
// Launch: 1 / 1
// Execute: dotnet 8a773897-42cb-4ccd-8a9e-ce6ce7c896af.dll --anonymousPipes 1556 1528 --benchmarkName Plaxion.BenchMarks.Comparison.NotificationFanOutBenchmarks.Publish_Plaxion_1Handler --job "IterationCount=10, LaunchCount=1, WarmupCount=3" --benchmarkId 12 in C:\Users\Angel\RiderProjects\PlaxionMediator\benchmarks-comparison\src\Plaxion.BenchMarks.Comparison\bin\Release\net9.0\8a773897-42cb-4ccd-8a9e-ce6ce7c896af\bin\Release\net9.0
// BeforeAnythingElse

// Benchmark Process Environment Information:
// BenchmarkDotNet v0.14.0
// Runtime=.NET 9.0.7 (9.0.725.31616), X64 RyuJIT AVX2
// GC=Concurrent Workstation
// HardwareIntrinsics=AVX2,AES,BMI1,BMI2,FMA,LZCNT,PCLMUL,POPCNT,AvxVnni,SERIALIZE VectorSize=256
// Job: Job-OJQVNE(IterationCount=10, LaunchCount=1, WarmupCount=3)

OverheadJitting  1: 1 op, 139600.00 ns, 139.6000 us/op
WorkloadJitting  1: 1 op, 3649000.00 ns, 3.6490 ms/op

OverheadJitting  2: 16 op, 141800.00 ns, 8.8625 us/op
WorkloadJitting  2: 16 op, 600100.00 ns, 37.5063 us/op

WorkloadPilot    1: 16 op, 22900.00 ns, 1.4313 us/op
WorkloadPilot    2: 32 op, 31000.00 ns, 968.7500 ns/op
WorkloadPilot    3: 64 op, 48800.00 ns, 762.5000 ns/op
WorkloadPilot    4: 128 op, 80000.00 ns, 625.0000 ns/op
WorkloadPilot    5: 256 op, 144000.00 ns, 562.5000 ns/op
WorkloadPilot    6: 512 op, 292200.00 ns, 570.7031 ns/op
WorkloadPilot    7: 1024 op, 557800.00 ns, 544.7266 ns/op
WorkloadPilot    8: 2048 op, 1666500.00 ns, 813.7207 ns/op
WorkloadPilot    9: 4096 op, 1882300.00 ns, 459.5459 ns/op
WorkloadPilot   10: 8192 op, 3930000.00 ns, 479.7363 ns/op
WorkloadPilot   11: 16384 op, 7753900.00 ns, 473.2605 ns/op
WorkloadPilot   12: 32768 op, 14743700.00 ns, 449.9420 ns/op
WorkloadPilot   13: 65536 op, 29367800.00 ns, 448.1171 ns/op
WorkloadPilot   14: 131072 op, 55020700.00 ns, 419.7746 ns/op
WorkloadPilot   15: 262144 op, 116023800.00 ns, 442.5957 ns/op
WorkloadPilot   16: 524288 op, 127666100.00 ns, 243.5038 ns/op
WorkloadPilot   17: 1048576 op, 94149900.00 ns, 89.7883 ns/op
WorkloadPilot   18: 2097152 op, 193563100.00 ns, 92.2981 ns/op
WorkloadPilot   19: 4194304 op, 381116500.00 ns, 90.8653 ns/op
WorkloadPilot   20: 8388608 op, 764890100.00 ns, 91.1820 ns/op

OverheadWarmup   1: 8388608 op, 13074100.00 ns, 1.5586 ns/op
OverheadWarmup   2: 8388608 op, 13097600.00 ns, 1.5614 ns/op
OverheadWarmup   3: 8388608 op, 13143700.00 ns, 1.5669 ns/op
OverheadWarmup   4: 8388608 op, 13093000.00 ns, 1.5608 ns/op
OverheadWarmup   5: 8388608 op, 13014600.00 ns, 1.5515 ns/op
OverheadWarmup   6: 8388608 op, 13029400.00 ns, 1.5532 ns/op
OverheadWarmup   7: 8388608 op, 12913800.00 ns, 1.5394 ns/op

OverheadActual   1: 8388608 op, 13973900.00 ns, 1.6658 ns/op
OverheadActual   2: 8388608 op, 13200200.00 ns, 1.5736 ns/op
OverheadActual   3: 8388608 op, 13100800.00 ns, 1.5617 ns/op
OverheadActual   4: 8388608 op, 13098900.00 ns, 1.5615 ns/op
OverheadActual   5: 8388608 op, 13268000.00 ns, 1.5817 ns/op
OverheadActual   6: 8388608 op, 13087200.00 ns, 1.5601 ns/op
OverheadActual   7: 8388608 op, 13079100.00 ns, 1.5592 ns/op
OverheadActual   8: 8388608 op, 13103500.00 ns, 1.5621 ns/op
OverheadActual   9: 8388608 op, 13153700.00 ns, 1.5680 ns/op
OverheadActual  10: 8388608 op, 13575100.00 ns, 1.6183 ns/op
OverheadActual  11: 8388608 op, 13095100.00 ns, 1.5611 ns/op
OverheadActual  12: 8388608 op, 13107400.00 ns, 1.5625 ns/op
OverheadActual  13: 8388608 op, 13057400.00 ns, 1.5566 ns/op
OverheadActual  14: 8388608 op, 13095800.00 ns, 1.5611 ns/op
OverheadActual  15: 8388608 op, 13137600.00 ns, 1.5661 ns/op

WorkloadWarmup   1: 8388608 op, 749247100.00 ns, 89.3172 ns/op
WorkloadWarmup   2: 8388608 op, 761431400.00 ns, 90.7697 ns/op
WorkloadWarmup   3: 8388608 op, 765785000.00 ns, 91.2887 ns/op

// BeforeActualRun
WorkloadActual   1: 8388608 op, 751309400.00 ns, 89.5631 ns/op
WorkloadActual   2: 8388608 op, 756830300.00 ns, 90.2212 ns/op
WorkloadActual   3: 8388608 op, 754300700.00 ns, 89.9197 ns/op
WorkloadActual   4: 8388608 op, 756642700.00 ns, 90.1988 ns/op
WorkloadActual   5: 8388608 op, 751418600.00 ns, 89.5761 ns/op
WorkloadActual   6: 8388608 op, 755325200.00 ns, 90.0418 ns/op
WorkloadActual   7: 8388608 op, 754062800.00 ns, 89.8913 ns/op
WorkloadActual   8: 8388608 op, 752447000.00 ns, 89.6987 ns/op
WorkloadActual   9: 8388608 op, 751845600.00 ns, 89.6270 ns/op
WorkloadActual  10: 8388608 op, 757302400.00 ns, 90.2775 ns/op

// AfterActualRun
WorkloadResult   1: 8388608 op, 738205900.00 ns, 88.0010 ns/op
WorkloadResult   2: 8388608 op, 743726800.00 ns, 88.6591 ns/op
WorkloadResult   3: 8388608 op, 741197200.00 ns, 88.3576 ns/op
WorkloadResult   4: 8388608 op, 743539200.00 ns, 88.6368 ns/op
WorkloadResult   5: 8388608 op, 738315100.00 ns, 88.0140 ns/op
WorkloadResult   6: 8388608 op, 742221700.00 ns, 88.4797 ns/op
WorkloadResult   7: 8388608 op, 740959300.00 ns, 88.3292 ns/op
WorkloadResult   8: 8388608 op, 739343500.00 ns, 88.1366 ns/op
WorkloadResult   9: 8388608 op, 738742100.00 ns, 88.0649 ns/op
WorkloadResult  10: 8388608 op, 744198900.00 ns, 88.7154 ns/op
// GC:  97 0 0 1275069440 8388608
// Threading:  0 0 8388608

// AfterAll
// Benchmark Process 58268 has exited with code 0.

Mean = 88.339 ns, StdErr = 0.087 ns (0.10%), N = 10, StdDev = 0.277 ns
Min = 88.001 ns, Q1 = 88.083 ns, Median = 88.343 ns, Q3 = 88.598 ns, Max = 88.715 ns
IQR = 0.515 ns, LowerFence = 87.311 ns, UpperFence = 89.370 ns
ConfidenceInterval = [87.921 ns; 88.758 ns] (CI 99.9%), Margin = 0.418 ns (0.47% of Mean)
Skewness = 0.06, Kurtosis = 1.2, MValue = 2

// ** Remained 29 (69.0%) benchmark(s) to run. Estimated finish 2026-08-03 12:26 (0h 5m from now) **
Setup power plan (GUID: 8c5e7fda-e8bf-4a96-9a85-a6e23a8c635c FriendlyName: High performance)
// **************************
// Benchmark: NotificationFanOutBenchmarks.Publish_Plaxion_10Handlers: Job-ASUFOU(IterationCount=10, LaunchCount=1, WarmupCount=3)
// *** Execute ***
// Launch: 1 / 1
// Execute: dotnet 8a773897-42cb-4ccd-8a9e-ce6ce7c896af.dll --anonymousPipes 1056 908 --benchmarkName Plaxion.BenchMarks.Comparison.NotificationFanOutBenchmarks.Publish_Plaxion_10Handlers --job "IterationCount=10, LaunchCount=1, WarmupCount=3" --benchmarkId 13 in C:\Users\Angel\RiderProjects\PlaxionMediator\benchmarks-comparison\src\Plaxion.BenchMarks.Comparison\bin\Release\net9.0\8a773897-42cb-4ccd-8a9e-ce6ce7c896af\bin\Release\net9.0
// BeforeAnythingElse

// Benchmark Process Environment Information:
// BenchmarkDotNet v0.14.0
// Runtime=.NET 9.0.7 (9.0.725.31616), X64 RyuJIT AVX2
// GC=Concurrent Workstation
// HardwareIntrinsics=AVX2,AES,BMI1,BMI2,FMA,LZCNT,PCLMUL,POPCNT,AvxVnni,SERIALIZE VectorSize=256
// Job: Job-JZEBCQ(IterationCount=10, LaunchCount=1, WarmupCount=3)

OverheadJitting  1: 1 op, 128100.00 ns, 128.1000 us/op
WorkloadJitting  1: 1 op, 4021100.00 ns, 4.0211 ms/op

OverheadJitting  2: 16 op, 146800.00 ns, 9.1750 us/op
WorkloadJitting  2: 16 op, 658500.00 ns, 41.1563 us/op

WorkloadPilot    1: 16 op, 64600.00 ns, 4.0375 us/op
WorkloadPilot    2: 32 op, 116700.00 ns, 3.6469 us/op
WorkloadPilot    3: 64 op, 309100.00 ns, 4.8297 us/op
WorkloadPilot    4: 128 op, 466300.00 ns, 3.6430 us/op
WorkloadPilot    5: 256 op, 802900.00 ns, 3.1363 us/op
WorkloadPilot    6: 512 op, 2176700.00 ns, 4.2514 us/op
WorkloadPilot    7: 1024 op, 3066400.00 ns, 2.9945 us/op
WorkloadPilot    8: 2048 op, 5675500.00 ns, 2.7712 us/op
WorkloadPilot    9: 4096 op, 10989400.00 ns, 2.6830 us/op
WorkloadPilot   10: 8192 op, 21411100.00 ns, 2.6137 us/op
WorkloadPilot   11: 16384 op, 38866200.00 ns, 2.3722 us/op
WorkloadPilot   12: 32768 op, 78199700.00 ns, 2.3865 us/op
WorkloadPilot   13: 65536 op, 137518600.00 ns, 2.0984 us/op
WorkloadPilot   14: 131072 op, 107383300.00 ns, 819.2696 ns/op
WorkloadPilot   15: 262144 op, 170976800.00 ns, 652.2247 ns/op
WorkloadPilot   16: 524288 op, 309041100.00 ns, 589.4491 ns/op
WorkloadPilot   17: 1048576 op, 606642600.00 ns, 578.5395 ns/op

OverheadWarmup   1: 1048576 op, 1649600.00 ns, 1.5732 ns/op
OverheadWarmup   2: 1048576 op, 1622900.00 ns, 1.5477 ns/op
OverheadWarmup   3: 1048576 op, 1625000.00 ns, 1.5497 ns/op
OverheadWarmup   4: 1048576 op, 1631600.00 ns, 1.5560 ns/op
OverheadWarmup   5: 1048576 op, 1639800.00 ns, 1.5638 ns/op
OverheadWarmup   6: 1048576 op, 1622100.00 ns, 1.5470 ns/op
OverheadWarmup   7: 1048576 op, 1621800.00 ns, 1.5467 ns/op
OverheadWarmup   8: 1048576 op, 1628400.00 ns, 1.5530 ns/op
OverheadWarmup   9: 1048576 op, 1625400.00 ns, 1.5501 ns/op

OverheadActual   1: 1048576 op, 1623100.00 ns, 1.5479 ns/op
OverheadActual   2: 1048576 op, 1789500.00 ns, 1.7066 ns/op
OverheadActual   3: 1048576 op, 1622800.00 ns, 1.5476 ns/op
OverheadActual   4: 1048576 op, 1622400.00 ns, 1.5472 ns/op
OverheadActual   5: 1048576 op, 1626900.00 ns, 1.5515 ns/op
OverheadActual   6: 1048576 op, 1630800.00 ns, 1.5553 ns/op
OverheadActual   7: 1048576 op, 1638600.00 ns, 1.5627 ns/op
OverheadActual   8: 1048576 op, 1629400.00 ns, 1.5539 ns/op
OverheadActual   9: 1048576 op, 1619000.00 ns, 1.5440 ns/op
OverheadActual  10: 1048576 op, 1620300.00 ns, 1.5452 ns/op
OverheadActual  11: 1048576 op, 1622800.00 ns, 1.5476 ns/op
OverheadActual  12: 1048576 op, 1632400.00 ns, 1.5568 ns/op
OverheadActual  13: 1048576 op, 1620500.00 ns, 1.5454 ns/op
OverheadActual  14: 1048576 op, 1619600.00 ns, 1.5446 ns/op
OverheadActual  15: 1048576 op, 1628800.00 ns, 1.5533 ns/op

WorkloadWarmup   1: 1048576 op, 624227100.00 ns, 595.3094 ns/op
WorkloadWarmup   2: 1048576 op, 607926600.00 ns, 579.7640 ns/op
WorkloadWarmup   3: 1048576 op, 605238000.00 ns, 577.1999 ns/op

// BeforeActualRun
WorkloadActual   1: 1048576 op, 623257000.00 ns, 594.3842 ns/op
WorkloadActual   2: 1048576 op, 604535100.00 ns, 576.5296 ns/op
WorkloadActual   3: 1048576 op, 613090300.00 ns, 584.6885 ns/op
WorkloadActual   4: 1048576 op, 605153400.00 ns, 577.1193 ns/op
WorkloadActual   5: 1048576 op, 603081100.00 ns, 575.1430 ns/op
WorkloadActual   6: 1048576 op, 605962400.00 ns, 577.8908 ns/op
WorkloadActual   7: 1048576 op, 602982400.00 ns, 575.0488 ns/op
WorkloadActual   8: 1048576 op, 605924300.00 ns, 577.8544 ns/op
WorkloadActual   9: 1048576 op, 606230400.00 ns, 578.1464 ns/op
WorkloadActual  10: 1048576 op, 609679100.00 ns, 581.4353 ns/op

// AfterActualRun
WorkloadResult   1: 1048576 op, 602912000.00 ns, 574.9817 ns/op
WorkloadResult   2: 1048576 op, 611467200.00 ns, 583.1406 ns/op
WorkloadResult   3: 1048576 op, 603530300.00 ns, 575.5713 ns/op
WorkloadResult   4: 1048576 op, 601458000.00 ns, 573.5950 ns/op
WorkloadResult   5: 1048576 op, 604339300.00 ns, 576.3429 ns/op
WorkloadResult   6: 1048576 op, 601359300.00 ns, 573.5009 ns/op
WorkloadResult   7: 1048576 op, 604301200.00 ns, 576.3065 ns/op
WorkloadResult   8: 1048576 op, 604607300.00 ns, 576.5985 ns/op
WorkloadResult   9: 1048576 op, 608056000.00 ns, 579.8874 ns/op
// GC:  104 0 0 1367343168 1048576
// Threading:  0 0 1048576

// AfterAll
// Benchmark Process 14036 has exited with code 0.

Mean = 576.658 ns, StdErr = 1.028 ns (0.18%), N = 9, StdDev = 3.083 ns
Min = 573.501 ns, Q1 = 574.982 ns, Median = 576.307 ns, Q3 = 576.598 ns, Max = 583.141 ns
IQR = 1.617 ns, LowerFence = 572.557 ns, UpperFence = 579.024 ns
ConfidenceInterval = [571.478 ns; 581.838 ns] (CI 99.9%), Margin = 5.180 ns (0.90% of Mean)
Skewness = 0.91, Kurtosis = 2.55, MValue = 2

// ** Remained 28 (66.7%) benchmark(s) to run. Estimated finish 2026-08-03 12:26 (0h 4m from now) **
Setup power plan (GUID: 8c5e7fda-e8bf-4a96-9a85-a6e23a8c635c FriendlyName: High performance)
// **************************
// Benchmark: NotificationFanOutBenchmarks.Publish_Plaxion_50Handlers: Job-ASUFOU(IterationCount=10, LaunchCount=1, WarmupCount=3)
// *** Execute ***
// Launch: 1 / 1
// Execute: dotnet 8a773897-42cb-4ccd-8a9e-ce6ce7c896af.dll --anonymousPipes 628 1580 --benchmarkName Plaxion.BenchMarks.Comparison.NotificationFanOutBenchmarks.Publish_Plaxion_50Handlers --job "IterationCount=10, LaunchCount=1, WarmupCount=3" --benchmarkId 14 in C:\Users\Angel\RiderProjects\PlaxionMediator\benchmarks-comparison\src\Plaxion.BenchMarks.Comparison\bin\Release\net9.0\8a773897-42cb-4ccd-8a9e-ce6ce7c896af\bin\Release\net9.0
// BeforeAnythingElse

// Benchmark Process Environment Information:
// BenchmarkDotNet v0.14.0
// Runtime=.NET 9.0.7 (9.0.725.31616), X64 RyuJIT AVX2
// GC=Concurrent Workstation
// HardwareIntrinsics=AVX2,AES,BMI1,BMI2,FMA,LZCNT,PCLMUL,POPCNT,AvxVnni,SERIALIZE VectorSize=256
// Job: Job-GVMRKV(IterationCount=10, LaunchCount=1, WarmupCount=3)

OverheadJitting  1: 1 op, 150800.00 ns, 150.8000 us/op
WorkloadJitting  1: 1 op, 4729900.00 ns, 4.7299 ms/op

OverheadJitting  2: 16 op, 140400.00 ns, 8.7750 us/op
WorkloadJitting  2: 16 op, 976400.00 ns, 61.0250 us/op

WorkloadPilot    1: 16 op, 250100.00 ns, 15.6313 us/op
WorkloadPilot    2: 32 op, 447700.00 ns, 13.9906 us/op
WorkloadPilot    3: 64 op, 815900.00 ns, 12.7484 us/op
WorkloadPilot    4: 128 op, 2770900.00 ns, 21.6477 us/op
WorkloadPilot    5: 256 op, 2872700.00 ns, 11.2215 us/op
WorkloadPilot    6: 512 op, 5463900.00 ns, 10.6717 us/op
WorkloadPilot    7: 1024 op, 10946100.00 ns, 10.6896 us/op
WorkloadPilot    8: 2048 op, 21788000.00 ns, 10.6387 us/op
WorkloadPilot    9: 4096 op, 40661200.00 ns, 9.9271 us/op
WorkloadPilot   10: 8192 op, 76812600.00 ns, 9.3765 us/op
WorkloadPilot   11: 16384 op, 140834700.00 ns, 8.5959 us/op
WorkloadPilot   12: 32768 op, 114859400.00 ns, 3.5052 us/op
WorkloadPilot   13: 65536 op, 174631100.00 ns, 2.6647 us/op
WorkloadPilot   14: 131072 op, 352688400.00 ns, 2.6908 us/op
WorkloadPilot   15: 262144 op, 719541100.00 ns, 2.7448 us/op

OverheadWarmup   1: 262144 op, 405200.00 ns, 1.5457 ns/op
OverheadWarmup   2: 262144 op, 413200.00 ns, 1.5762 ns/op
OverheadWarmup   3: 262144 op, 404600.00 ns, 1.5434 ns/op
OverheadWarmup   4: 262144 op, 404700.00 ns, 1.5438 ns/op
OverheadWarmup   5: 262144 op, 404700.00 ns, 1.5438 ns/op

OverheadActual   1: 262144 op, 404500.00 ns, 1.5430 ns/op
OverheadActual   2: 262144 op, 405800.00 ns, 1.5480 ns/op
OverheadActual   3: 262144 op, 592800.00 ns, 2.2614 ns/op
OverheadActual   4: 262144 op, 404600.00 ns, 1.5434 ns/op
OverheadActual   5: 262144 op, 404700.00 ns, 1.5438 ns/op
OverheadActual   6: 262144 op, 404500.00 ns, 1.5430 ns/op
OverheadActual   7: 262144 op, 404600.00 ns, 1.5434 ns/op
OverheadActual   8: 262144 op, 404600.00 ns, 1.5434 ns/op
OverheadActual   9: 262144 op, 404700.00 ns, 1.5438 ns/op
OverheadActual  10: 262144 op, 404600.00 ns, 1.5434 ns/op
OverheadActual  11: 262144 op, 547900.00 ns, 2.0901 ns/op
OverheadActual  12: 262144 op, 404700.00 ns, 1.5438 ns/op
OverheadActual  13: 262144 op, 415600.00 ns, 1.5854 ns/op
OverheadActual  14: 262144 op, 404700.00 ns, 1.5438 ns/op
OverheadActual  15: 262144 op, 404500.00 ns, 1.5430 ns/op

WorkloadWarmup   1: 262144 op, 723020300.00 ns, 2.7581 us/op
WorkloadWarmup   2: 262144 op, 702884000.00 ns, 2.6813 us/op
WorkloadWarmup   3: 262144 op, 720882600.00 ns, 2.7499 us/op

// BeforeActualRun
WorkloadActual   1: 262144 op, 713102700.00 ns, 2.7203 us/op
WorkloadActual   2: 262144 op, 710140800.00 ns, 2.7090 us/op
WorkloadActual   3: 262144 op, 718306800.00 ns, 2.7401 us/op
WorkloadActual   4: 262144 op, 711862400.00 ns, 2.7155 us/op
WorkloadActual   5: 262144 op, 723374600.00 ns, 2.7595 us/op
WorkloadActual   6: 262144 op, 705954500.00 ns, 2.6930 us/op
WorkloadActual   7: 262144 op, 715725000.00 ns, 2.7303 us/op
WorkloadActual   8: 262144 op, 721787600.00 ns, 2.7534 us/op
WorkloadActual   9: 262144 op, 712785200.00 ns, 2.7191 us/op
WorkloadActual  10: 262144 op, 740042700.00 ns, 2.8230 us/op

// AfterActualRun
WorkloadResult   1: 262144 op, 712698000.00 ns, 2.7187 us/op
WorkloadResult   2: 262144 op, 709736100.00 ns, 2.7074 us/op
WorkloadResult   3: 262144 op, 717902100.00 ns, 2.7386 us/op
WorkloadResult   4: 262144 op, 711457700.00 ns, 2.7140 us/op
WorkloadResult   5: 262144 op, 722969900.00 ns, 2.7579 us/op
WorkloadResult   6: 262144 op, 705549800.00 ns, 2.6915 us/op
WorkloadResult   7: 262144 op, 715320300.00 ns, 2.7287 us/op
WorkloadResult   8: 262144 op, 721382900.00 ns, 2.7519 us/op
WorkloadResult   9: 262144 op, 712380500.00 ns, 2.7175 us/op
// GC:  128 0 0 1684014080 262144
// Threading:  0 0 262144

// AfterAll
// Benchmark Process 9608 has exited with code 0.

Mean = 2.725 μs, StdErr = 0.007 μs (0.26%), N = 9, StdDev = 0.021 μs
Min = 2.691 μs, Q1 = 2.714 μs, Median = 2.719 μs, Q3 = 2.739 μs, Max = 2.758 μs
IQR = 0.025 μs, LowerFence = 2.677 μs, UpperFence = 2.775 μs
ConfidenceInterval = [2.689 μs; 2.761 μs] (CI 99.9%), Margin = 0.036 μs (1.32% of Mean)
Skewness = 0.12, Kurtosis = 1.65, MValue = 2

// ** Remained 27 (64.3%) benchmark(s) to run. Estimated finish 2026-08-03 12:26 (0h 4m from now) **
Setup power plan (GUID: 8c5e7fda-e8bf-4a96-9a85-a6e23a8c635c FriendlyName: High performance)
// **************************
// Benchmark: NotificationFanOutBenchmarks.Publish_Plaxion_100Handlers: Job-ASUFOU(IterationCount=10, LaunchCount=1, WarmupCount=3)
// *** Execute ***
// Launch: 1 / 1
// Execute: dotnet 8a773897-42cb-4ccd-8a9e-ce6ce7c896af.dll --anonymousPipes 1268 1396 --benchmarkName Plaxion.BenchMarks.Comparison.NotificationFanOutBenchmarks.Publish_Plaxion_100Handlers --job "IterationCount=10, LaunchCount=1, WarmupCount=3" --benchmarkId 15 in C:\Users\Angel\RiderProjects\PlaxionMediator\benchmarks-comparison\src\Plaxion.BenchMarks.Comparison\bin\Release\net9.0\8a773897-42cb-4ccd-8a9e-ce6ce7c896af\bin\Release\net9.0
// BeforeAnythingElse

// Benchmark Process Environment Information:
// BenchmarkDotNet v0.14.0
// Runtime=.NET 9.0.7 (9.0.725.31616), X64 RyuJIT AVX2
// GC=Concurrent Workstation
// HardwareIntrinsics=AVX2,AES,BMI1,BMI2,FMA,LZCNT,PCLMUL,POPCNT,AvxVnni,SERIALIZE VectorSize=256
// Job: Job-NOLRUC(IterationCount=10, LaunchCount=1, WarmupCount=3)

OverheadJitting  1: 1 op, 137500.00 ns, 137.5000 us/op
WorkloadJitting  1: 1 op, 5444600.00 ns, 5.4446 ms/op

OverheadJitting  2: 16 op, 145400.00 ns, 9.0875 us/op
WorkloadJitting  2: 16 op, 1185100.00 ns, 74.0688 us/op

WorkloadPilot    1: 16 op, 381300.00 ns, 23.8313 us/op
WorkloadPilot    2: 32 op, 638100.00 ns, 19.9406 us/op
WorkloadPilot    3: 64 op, 1366400.00 ns, 21.3500 us/op
WorkloadPilot    4: 128 op, 4554900.00 ns, 35.5852 us/op
WorkloadPilot    5: 256 op, 5103300.00 ns, 19.9348 us/op
WorkloadPilot    6: 512 op, 10024400.00 ns, 19.5789 us/op
WorkloadPilot    7: 1024 op, 19651200.00 ns, 19.1906 us/op
WorkloadPilot    8: 2048 op, 36264900.00 ns, 17.7075 us/op
WorkloadPilot    9: 4096 op, 68386800.00 ns, 16.6960 us/op
WorkloadPilot   10: 8192 op, 139909600.00 ns, 17.0788 us/op
WorkloadPilot   11: 16384 op, 117945200.00 ns, 7.1988 us/op
WorkloadPilot   12: 32768 op, 183792000.00 ns, 5.6089 us/op
WorkloadPilot   13: 65536 op, 357756500.00 ns, 5.4589 us/op
WorkloadPilot   14: 131072 op, 707042700.00 ns, 5.3943 us/op

OverheadWarmup   1: 131072 op, 211400.00 ns, 1.6129 ns/op
OverheadWarmup   2: 131072 op, 204800.00 ns, 1.5625 ns/op
OverheadWarmup   3: 131072 op, 209800.00 ns, 1.6006 ns/op
OverheadWarmup   4: 131072 op, 204900.00 ns, 1.5633 ns/op
OverheadWarmup   5: 131072 op, 205200.00 ns, 1.5656 ns/op
OverheadWarmup   6: 131072 op, 205500.00 ns, 1.5678 ns/op
OverheadWarmup   7: 131072 op, 204900.00 ns, 1.5633 ns/op

OverheadActual   1: 131072 op, 204700.00 ns, 1.5617 ns/op
OverheadActual   2: 131072 op, 210400.00 ns, 1.6052 ns/op
OverheadActual   3: 131072 op, 205100.00 ns, 1.5648 ns/op
OverheadActual   4: 131072 op, 204800.00 ns, 1.5625 ns/op
OverheadActual   5: 131072 op, 204900.00 ns, 1.5633 ns/op
OverheadActual   6: 131072 op, 204800.00 ns, 1.5625 ns/op
OverheadActual   7: 131072 op, 205000.00 ns, 1.5640 ns/op
OverheadActual   8: 131072 op, 205200.00 ns, 1.5656 ns/op
OverheadActual   9: 131072 op, 204900.00 ns, 1.5633 ns/op
OverheadActual  10: 131072 op, 216700.00 ns, 1.6533 ns/op
OverheadActual  11: 131072 op, 205600.00 ns, 1.5686 ns/op
OverheadActual  12: 131072 op, 205300.00 ns, 1.5663 ns/op
OverheadActual  13: 131072 op, 204700.00 ns, 1.5617 ns/op
OverheadActual  14: 131072 op, 204900.00 ns, 1.5633 ns/op
OverheadActual  15: 131072 op, 206000.00 ns, 1.5717 ns/op

WorkloadWarmup   1: 131072 op, 727491200.00 ns, 5.5503 us/op
WorkloadWarmup   2: 131072 op, 709414400.00 ns, 5.4124 us/op
WorkloadWarmup   3: 131072 op, 706814700.00 ns, 5.3926 us/op

// BeforeActualRun
WorkloadActual   1: 131072 op, 693836000.00 ns, 5.2935 us/op
WorkloadActual   2: 131072 op, 701927100.00 ns, 5.3553 us/op
WorkloadActual   3: 131072 op, 695826500.00 ns, 5.3087 us/op
WorkloadActual   4: 131072 op, 706021400.00 ns, 5.3865 us/op
WorkloadActual   5: 131072 op, 698635300.00 ns, 5.3302 us/op
WorkloadActual   6: 131072 op, 706853000.00 ns, 5.3929 us/op
WorkloadActual   7: 131072 op, 699282800.00 ns, 5.3351 us/op
WorkloadActual   8: 131072 op, 699595300.00 ns, 5.3375 us/op
WorkloadActual   9: 131072 op, 702496000.00 ns, 5.3596 us/op
WorkloadActual  10: 131072 op, 725336400.00 ns, 5.5339 us/op

// AfterActualRun
WorkloadResult   1: 131072 op, 693631000.00 ns, 5.2920 us/op
WorkloadResult   2: 131072 op, 701722100.00 ns, 5.3537 us/op
WorkloadResult   3: 131072 op, 695621500.00 ns, 5.3072 us/op
WorkloadResult   4: 131072 op, 705816400.00 ns, 5.3850 us/op
WorkloadResult   5: 131072 op, 698430300.00 ns, 5.3286 us/op
WorkloadResult   6: 131072 op, 706648000.00 ns, 5.3913 us/op
WorkloadResult   7: 131072 op, 699077800.00 ns, 5.3335 us/op
WorkloadResult   8: 131072 op, 699390300.00 ns, 5.3359 us/op
WorkloadResult   9: 131072 op, 702291000.00 ns, 5.3581 us/op
// GC:  128 0 0 1680868400 131072
// Threading:  0 0 131072

// AfterAll
// Benchmark Process 51056 has exited with code 0.

Mean = 5.343 μs, StdErr = 0.011 μs (0.21%), N = 9, StdDev = 0.033 μs
Min = 5.292 μs, Q1 = 5.329 μs, Median = 5.336 μs, Q3 = 5.358 μs, Max = 5.391 μs
IQR = 0.029 μs, LowerFence = 5.284 μs, UpperFence = 5.402 μs
ConfidenceInterval = [5.287 μs; 5.398 μs] (CI 99.9%), Margin = 0.055 μs (1.04% of Mean)
Skewness = 0.04, Kurtosis = 1.62, MValue = 2

// ** Remained 26 (61.9%) benchmark(s) to run. Estimated finish 2026-08-03 12:26 (0h 4m from now) **
Setup power plan (GUID: 8c5e7fda-e8bf-4a96-9a85-a6e23a8c635c FriendlyName: High performance)
// **************************
// Benchmark: NotificationFanOutBenchmarks.Publish_MediatR_1Handler: Job-ASUFOU(IterationCount=10, LaunchCount=1, WarmupCount=3)
// *** Execute ***
// Launch: 1 / 1
// Execute: dotnet 8a773897-42cb-4ccd-8a9e-ce6ce7c896af.dll --anonymousPipes 1000 1548 --benchmarkName Plaxion.BenchMarks.Comparison.NotificationFanOutBenchmarks.Publish_MediatR_1Handler --job "IterationCount=10, LaunchCount=1, WarmupCount=3" --benchmarkId 16 in C:\Users\Angel\RiderProjects\PlaxionMediator\benchmarks-comparison\src\Plaxion.BenchMarks.Comparison\bin\Release\net9.0\8a773897-42cb-4ccd-8a9e-ce6ce7c896af\bin\Release\net9.0
// BeforeAnythingElse

// Benchmark Process Environment Information:
// BenchmarkDotNet v0.14.0
// Runtime=.NET 9.0.7 (9.0.725.31616), X64 RyuJIT AVX2
// GC=Concurrent Workstation
// HardwareIntrinsics=AVX2,AES,BMI1,BMI2,FMA,LZCNT,PCLMUL,POPCNT,AvxVnni,SERIALIZE VectorSize=256
// Job: Job-PFXRSN(IterationCount=10, LaunchCount=1, WarmupCount=3)

OverheadJitting  1: 1 op, 157400.00 ns, 157.4000 us/op
WorkloadJitting  1: 1 op, 4165700.00 ns, 4.1657 ms/op

OverheadJitting  2: 16 op, 191900.00 ns, 11.9938 us/op
WorkloadJitting  2: 16 op, 880500.00 ns, 55.0313 us/op

WorkloadPilot    1: 16 op, 42400.00 ns, 2.6500 us/op
WorkloadPilot    2: 32 op, 38300.00 ns, 1.1969 us/op
WorkloadPilot    3: 64 op, 59600.00 ns, 931.2500 ns/op
WorkloadPilot    4: 128 op, 97000.00 ns, 757.8125 ns/op
WorkloadPilot    5: 256 op, 179500.00 ns, 701.1719 ns/op
WorkloadPilot    6: 512 op, 333200.00 ns, 650.7813 ns/op
WorkloadPilot    7: 1024 op, 686100.00 ns, 670.0195 ns/op
WorkloadPilot    8: 2048 op, 1977300.00 ns, 965.4785 ns/op
WorkloadPilot    9: 4096 op, 2516600.00 ns, 614.4043 ns/op
WorkloadPilot   10: 8192 op, 5019900.00 ns, 612.7808 ns/op
WorkloadPilot   11: 16384 op, 8914000.00 ns, 544.0674 ns/op
WorkloadPilot   12: 32768 op, 20078300.00 ns, 612.7411 ns/op
WorkloadPilot   13: 65536 op, 33232800.00 ns, 507.0923 ns/op
WorkloadPilot   14: 131072 op, 62612100.00 ns, 477.6924 ns/op
WorkloadPilot   15: 262144 op, 138021300.00 ns, 526.5095 ns/op
WorkloadPilot   16: 524288 op, 93784500.00 ns, 178.8797 ns/op
WorkloadPilot   17: 1048576 op, 116074500.00 ns, 110.6973 ns/op
WorkloadPilot   18: 2097152 op, 236650700.00 ns, 112.8438 ns/op
WorkloadPilot   19: 4194304 op, 486621400.00 ns, 116.0196 ns/op
WorkloadPilot   20: 8388608 op, 933470800.00 ns, 111.2784 ns/op

OverheadWarmup   1: 8388608 op, 13186900.00 ns, 1.5720 ns/op
OverheadWarmup   2: 8388608 op, 13207800.00 ns, 1.5745 ns/op
OverheadWarmup   3: 8388608 op, 13355700.00 ns, 1.5921 ns/op
OverheadWarmup   4: 8388608 op, 13219900.00 ns, 1.5759 ns/op
OverheadWarmup   5: 8388608 op, 13167800.00 ns, 1.5697 ns/op
OverheadWarmup   6: 8388608 op, 13166600.00 ns, 1.5696 ns/op
OverheadWarmup   7: 8388608 op, 13142900.00 ns, 1.5668 ns/op
OverheadWarmup   8: 8388608 op, 13056700.00 ns, 1.5565 ns/op
OverheadWarmup   9: 8388608 op, 13052800.00 ns, 1.5560 ns/op
OverheadWarmup  10: 8388608 op, 13124500.00 ns, 1.5646 ns/op

OverheadActual   1: 8388608 op, 13121200.00 ns, 1.5642 ns/op
OverheadActual   2: 8388608 op, 12952300.00 ns, 1.5440 ns/op
OverheadActual   3: 8388608 op, 12901300.00 ns, 1.5380 ns/op
OverheadActual   4: 8388608 op, 12961300.00 ns, 1.5451 ns/op
OverheadActual   5: 8388608 op, 13317200.00 ns, 1.5875 ns/op
OverheadActual   6: 8388608 op, 13401600.00 ns, 1.5976 ns/op
OverheadActual   7: 8388608 op, 13273200.00 ns, 1.5823 ns/op
OverheadActual   8: 8388608 op, 13241900.00 ns, 1.5786 ns/op
OverheadActual   9: 8388608 op, 13257800.00 ns, 1.5805 ns/op
OverheadActual  10: 8388608 op, 13221700.00 ns, 1.5761 ns/op
OverheadActual  11: 8388608 op, 13164100.00 ns, 1.5693 ns/op
OverheadActual  12: 8388608 op, 12886800.00 ns, 1.5362 ns/op
OverheadActual  13: 8388608 op, 13019200.00 ns, 1.5520 ns/op
OverheadActual  14: 8388608 op, 10677500.00 ns, 1.2729 ns/op
OverheadActual  15: 8388608 op, 10219500.00 ns, 1.2183 ns/op
OverheadActual  16: 8388608 op, 10242000.00 ns, 1.2209 ns/op
OverheadActual  17: 8388608 op, 10343900.00 ns, 1.2331 ns/op
OverheadActual  18: 8388608 op, 10409900.00 ns, 1.2410 ns/op
OverheadActual  19: 8388608 op, 10424800.00 ns, 1.2427 ns/op
OverheadActual  20: 8388608 op, 10394900.00 ns, 1.2392 ns/op

WorkloadWarmup   1: 8388608 op, 939473300.00 ns, 111.9939 ns/op
WorkloadWarmup   2: 8388608 op, 934696100.00 ns, 111.4245 ns/op
WorkloadWarmup   3: 8388608 op, 940418300.00 ns, 112.1066 ns/op

// BeforeActualRun
WorkloadActual   1: 8388608 op, 935945100.00 ns, 111.5734 ns/op
WorkloadActual   2: 8388608 op, 941104900.00 ns, 112.1884 ns/op
WorkloadActual   3: 8388608 op, 939938200.00 ns, 112.0494 ns/op
WorkloadActual   4: 8388608 op, 948610500.00 ns, 113.0832 ns/op
WorkloadActual   5: 8388608 op, 1003261200.00 ns, 119.5981 ns/op
WorkloadActual   6: 8388608 op, 994715400.00 ns, 118.5793 ns/op
WorkloadActual   7: 8388608 op, 998610700.00 ns, 119.0437 ns/op
WorkloadActual   8: 8388608 op, 963212600.00 ns, 114.8239 ns/op
WorkloadActual   9: 8388608 op, 973111800.00 ns, 116.0040 ns/op
WorkloadActual  10: 8388608 op, 948333000.00 ns, 113.0501 ns/op

// AfterActualRun
WorkloadResult   1: 8388608 op, 922988300.00 ns, 110.0288 ns/op
WorkloadResult   2: 8388608 op, 928148100.00 ns, 110.6439 ns/op
WorkloadResult   3: 8388608 op, 926981400.00 ns, 110.5048 ns/op
WorkloadResult   4: 8388608 op, 935653700.00 ns, 111.5386 ns/op
WorkloadResult   5: 8388608 op, 990304400.00 ns, 118.0535 ns/op
WorkloadResult   6: 8388608 op, 981758600.00 ns, 117.0347 ns/op
WorkloadResult   7: 8388608 op, 985653900.00 ns, 117.4991 ns/op
WorkloadResult   8: 8388608 op, 950255800.00 ns, 113.2793 ns/op
WorkloadResult   9: 8388608 op, 960155000.00 ns, 114.4594 ns/op
WorkloadResult  10: 8388608 op, 935376200.00 ns, 111.5055 ns/op
// GC:  225 0 0 2952790080 8388608
// Threading:  0 0 8388608

// AfterAll
// Benchmark Process 67724 has exited with code 0.

Mean = 113.455 ns, StdErr = 0.984 ns (0.87%), N = 10, StdDev = 3.112 ns
Min = 110.029 ns, Q1 = 110.859 ns, Median = 112.409 ns, Q3 = 116.391 ns, Max = 118.053 ns
IQR = 5.532 ns, LowerFence = 102.562 ns, UpperFence = 124.688 ns
ConfidenceInterval = [108.750 ns; 118.160 ns] (CI 99.9%), Margin = 4.705 ns (4.15% of Mean)
Skewness = 0.36, Kurtosis = 1.26, MValue = 2

// ** Remained 25 (59.5%) benchmark(s) to run. Estimated finish 2026-08-03 12:26 (0h 4m from now) **
Setup power plan (GUID: 8c5e7fda-e8bf-4a96-9a85-a6e23a8c635c FriendlyName: High performance)
// **************************
// Benchmark: NotificationFanOutBenchmarks.Publish_MediatR_10Handlers: Job-ASUFOU(IterationCount=10, LaunchCount=1, WarmupCount=3)
// *** Execute ***
// Launch: 1 / 1
// Execute: dotnet 8a773897-42cb-4ccd-8a9e-ce6ce7c896af.dll --anonymousPipes 1536 1380 --benchmarkName Plaxion.BenchMarks.Comparison.NotificationFanOutBenchmarks.Publish_MediatR_10Handlers --job "IterationCount=10, LaunchCount=1, WarmupCount=3" --benchmarkId 17 in C:\Users\Angel\RiderProjects\PlaxionMediator\benchmarks-comparison\src\Plaxion.BenchMarks.Comparison\bin\Release\net9.0\8a773897-42cb-4ccd-8a9e-ce6ce7c896af\bin\Release\net9.0
// BeforeAnythingElse

// Benchmark Process Environment Information:
// BenchmarkDotNet v0.14.0
// Runtime=.NET 9.0.7 (9.0.725.31616), X64 RyuJIT AVX2
// GC=Concurrent Workstation
// HardwareIntrinsics=AVX2,AES,BMI1,BMI2,FMA,LZCNT,PCLMUL,POPCNT,AvxVnni,SERIALIZE VectorSize=256
// Job: Job-XHAZWG(IterationCount=10, LaunchCount=1, WarmupCount=3)

OverheadJitting  1: 1 op, 143400.00 ns, 143.4000 us/op
WorkloadJitting  1: 1 op, 3956200.00 ns, 3.9562 ms/op

OverheadJitting  2: 16 op, 142800.00 ns, 8.9250 us/op
WorkloadJitting  2: 16 op, 787300.00 ns, 49.2063 us/op

WorkloadPilot    1: 16 op, 80000.00 ns, 5.0000 us/op
WorkloadPilot    2: 32 op, 148300.00 ns, 4.6344 us/op
WorkloadPilot    3: 64 op, 294200.00 ns, 4.5969 us/op
WorkloadPilot    4: 128 op, 554500.00 ns, 4.3320 us/op
WorkloadPilot    5: 256 op, 927800.00 ns, 3.6242 us/op
WorkloadPilot    6: 512 op, 2704600.00 ns, 5.2824 us/op
WorkloadPilot    7: 1024 op, 4022400.00 ns, 3.9281 us/op
WorkloadPilot    8: 2048 op, 6794200.00 ns, 3.3175 us/op
WorkloadPilot    9: 4096 op, 13883800.00 ns, 3.3896 us/op
WorkloadPilot   10: 8192 op, 24185100.00 ns, 2.9523 us/op
WorkloadPilot   11: 16384 op, 44424000.00 ns, 2.7114 us/op
WorkloadPilot   12: 32768 op, 88942600.00 ns, 2.7143 us/op
WorkloadPilot   13: 65536 op, 158562200.00 ns, 2.4195 us/op
WorkloadPilot   14: 131072 op, 94677900.00 ns, 722.3351 ns/op
WorkloadPilot   15: 262144 op, 180473400.00 ns, 688.4514 ns/op
WorkloadPilot   16: 524288 op, 363349000.00 ns, 693.0332 ns/op
WorkloadPilot   17: 1048576 op, 749653600.00 ns, 714.9254 ns/op

OverheadWarmup   1: 1048576 op, 1698000.00 ns, 1.6193 ns/op
OverheadWarmup   2: 1048576 op, 1688500.00 ns, 1.6103 ns/op
OverheadWarmup   3: 1048576 op, 1650100.00 ns, 1.5737 ns/op
OverheadWarmup   4: 1048576 op, 1637300.00 ns, 1.5615 ns/op
OverheadWarmup   5: 1048576 op, 1707300.00 ns, 1.6282 ns/op
OverheadWarmup   6: 1048576 op, 1637400.00 ns, 1.5615 ns/op
OverheadWarmup   7: 1048576 op, 1638200.00 ns, 1.5623 ns/op
OverheadWarmup   8: 1048576 op, 1690600.00 ns, 1.6123 ns/op
OverheadWarmup   9: 1048576 op, 1643400.00 ns, 1.5673 ns/op

OverheadActual   1: 1048576 op, 1655200.00 ns, 1.5785 ns/op
OverheadActual   2: 1048576 op, 1644900.00 ns, 1.5687 ns/op
OverheadActual   3: 1048576 op, 1644700.00 ns, 1.5685 ns/op
OverheadActual   4: 1048576 op, 1649100.00 ns, 1.5727 ns/op
OverheadActual   5: 1048576 op, 1637200.00 ns, 1.5614 ns/op
OverheadActual   6: 1048576 op, 1644000.00 ns, 1.5678 ns/op
OverheadActual   7: 1048576 op, 1687700.00 ns, 1.6095 ns/op
OverheadActual   8: 1048576 op, 1640500.00 ns, 1.5645 ns/op
OverheadActual   9: 1048576 op, 1638400.00 ns, 1.5625 ns/op
OverheadActual  10: 1048576 op, 1666700.00 ns, 1.5895 ns/op
OverheadActual  11: 1048576 op, 1649700.00 ns, 1.5733 ns/op
OverheadActual  12: 1048576 op, 1643300.00 ns, 1.5672 ns/op
OverheadActual  13: 1048576 op, 1674600.00 ns, 1.5970 ns/op
OverheadActual  14: 1048576 op, 1642500.00 ns, 1.5664 ns/op
OverheadActual  15: 1048576 op, 1634600.00 ns, 1.5589 ns/op

WorkloadWarmup   1: 1048576 op, 738299600.00 ns, 704.0974 ns/op
WorkloadWarmup   2: 1048576 op, 726107000.00 ns, 692.4696 ns/op
WorkloadWarmup   3: 1048576 op, 769551900.00 ns, 733.9019 ns/op

// BeforeActualRun
WorkloadActual   1: 1048576 op, 762441100.00 ns, 727.1205 ns/op
WorkloadActual   2: 1048576 op, 741455400.00 ns, 707.1070 ns/op
WorkloadActual   3: 1048576 op, 730623300.00 ns, 696.7767 ns/op
WorkloadActual   4: 1048576 op, 732311700.00 ns, 698.3869 ns/op
WorkloadActual   5: 1048576 op, 725703900.00 ns, 692.0852 ns/op
WorkloadActual   6: 1048576 op, 734403400.00 ns, 700.3817 ns/op
WorkloadActual   7: 1048576 op, 735166800.00 ns, 701.1097 ns/op
WorkloadActual   8: 1048576 op, 741324400.00 ns, 706.9820 ns/op
WorkloadActual   9: 1048576 op, 742765500.00 ns, 708.3564 ns/op
WorkloadActual  10: 1048576 op, 739135900.00 ns, 704.8949 ns/op

// AfterActualRun
WorkloadResult   1: 1048576 op, 739810700.00 ns, 705.5385 ns/op
WorkloadResult   2: 1048576 op, 728978600.00 ns, 695.2082 ns/op
WorkloadResult   3: 1048576 op, 730667000.00 ns, 696.8184 ns/op
WorkloadResult   4: 1048576 op, 724059200.00 ns, 690.5167 ns/op
WorkloadResult   5: 1048576 op, 732758700.00 ns, 698.8132 ns/op
WorkloadResult   6: 1048576 op, 733522100.00 ns, 699.5412 ns/op
WorkloadResult   7: 1048576 op, 739679700.00 ns, 705.4135 ns/op
WorkloadResult   8: 1048576 op, 741120800.00 ns, 706.7879 ns/op
WorkloadResult   9: 1048576 op, 737491200.00 ns, 703.3264 ns/op
// GC:  201 0 0 2634023600 1048576
// Threading:  0 0 1048576

// AfterAll
// Benchmark Process 36688 has exited with code 0.

Mean = 700.218 ns, StdErr = 1.831 ns (0.26%), N = 9, StdDev = 5.492 ns
Min = 690.517 ns, Q1 = 696.818 ns, Median = 699.541 ns, Q3 = 705.414 ns, Max = 706.788 ns
IQR = 8.595 ns, LowerFence = 683.926 ns, UpperFence = 718.306 ns
ConfidenceInterval = [690.989 ns; 709.448 ns] (CI 99.9%), Margin = 9.230 ns (1.32% of Mean)
Skewness = -0.32, Kurtosis = 1.6, MValue = 2

// ** Remained 24 (57.1%) benchmark(s) to run. Estimated finish 2026-08-03 12:26 (0h 4m from now) **
Setup power plan (GUID: 8c5e7fda-e8bf-4a96-9a85-a6e23a8c635c FriendlyName: High performance)
// **************************
// Benchmark: NotificationFanOutBenchmarks.Publish_MediatR_50Handlers: Job-ASUFOU(IterationCount=10, LaunchCount=1, WarmupCount=3)
// *** Execute ***
// Launch: 1 / 1
// Execute: dotnet 8a773897-42cb-4ccd-8a9e-ce6ce7c896af.dll --anonymousPipes 1308 996 --benchmarkName Plaxion.BenchMarks.Comparison.NotificationFanOutBenchmarks.Publish_MediatR_50Handlers --job "IterationCount=10, LaunchCount=1, WarmupCount=3" --benchmarkId 18 in C:\Users\Angel\RiderProjects\PlaxionMediator\benchmarks-comparison\src\Plaxion.BenchMarks.Comparison\bin\Release\net9.0\8a773897-42cb-4ccd-8a9e-ce6ce7c896af\bin\Release\net9.0
// BeforeAnythingElse

// Benchmark Process Environment Information:
// BenchmarkDotNet v0.14.0
// Runtime=.NET 9.0.7 (9.0.725.31616), X64 RyuJIT AVX2
// GC=Concurrent Workstation
// HardwareIntrinsics=AVX2,AES,BMI1,BMI2,FMA,LZCNT,PCLMUL,POPCNT,AvxVnni,SERIALIZE VectorSize=256
// Job: Job-OULVQM(IterationCount=10, LaunchCount=1, WarmupCount=3)

OverheadJitting  1: 1 op, 145700.00 ns, 145.7000 us/op
WorkloadJitting  1: 1 op, 4905200.00 ns, 4.9052 ms/op

OverheadJitting  2: 16 op, 144600.00 ns, 9.0375 us/op
WorkloadJitting  2: 16 op, 947100.00 ns, 59.1938 us/op

WorkloadPilot    1: 16 op, 225900.00 ns, 14.1188 us/op
WorkloadPilot    2: 32 op, 544900.00 ns, 17.0281 us/op
WorkloadPilot    3: 64 op, 1028400.00 ns, 16.0688 us/op
WorkloadPilot    4: 128 op, 3110600.00 ns, 24.3016 us/op
WorkloadPilot    5: 256 op, 3648500.00 ns, 14.2520 us/op
WorkloadPilot    6: 512 op, 6923000.00 ns, 13.5215 us/op
WorkloadPilot    7: 1024 op, 14200700.00 ns, 13.8679 us/op
WorkloadPilot    8: 2048 op, 24335400.00 ns, 11.8825 us/op
WorkloadPilot    9: 4096 op, 46815300.00 ns, 11.4295 us/op
WorkloadPilot   10: 8192 op, 90010600.00 ns, 10.9876 us/op
WorkloadPilot   11: 16384 op, 157026000.00 ns, 9.5841 us/op
WorkloadPilot   12: 32768 op, 106161100.00 ns, 3.2398 us/op
WorkloadPilot   13: 65536 op, 212972700.00 ns, 3.2497 us/op
WorkloadPilot   14: 131072 op, 429299700.00 ns, 3.2753 us/op
WorkloadPilot   15: 262144 op, 909169500.00 ns, 3.4682 us/op

OverheadWarmup   1: 262144 op, 427200.00 ns, 1.6296 ns/op
OverheadWarmup   2: 262144 op, 408600.00 ns, 1.5587 ns/op
OverheadWarmup   3: 262144 op, 427500.00 ns, 1.6308 ns/op
OverheadWarmup   4: 262144 op, 417900.00 ns, 1.5942 ns/op
OverheadWarmup   5: 262144 op, 405100.00 ns, 1.5453 ns/op
OverheadWarmup   6: 262144 op, 459600.00 ns, 1.7532 ns/op
OverheadWarmup   7: 262144 op, 405000.00 ns, 1.5450 ns/op

OverheadActual   1: 262144 op, 405000.00 ns, 1.5450 ns/op
OverheadActual   2: 262144 op, 405000.00 ns, 1.5450 ns/op
OverheadActual   3: 262144 op, 415900.00 ns, 1.5865 ns/op
OverheadActual   4: 262144 op, 404800.00 ns, 1.5442 ns/op
OverheadActual   5: 262144 op, 404700.00 ns, 1.5438 ns/op
OverheadActual   6: 262144 op, 414400.00 ns, 1.5808 ns/op
OverheadActual   7: 262144 op, 404600.00 ns, 1.5434 ns/op
OverheadActual   8: 262144 op, 410300.00 ns, 1.5652 ns/op
OverheadActual   9: 262144 op, 404400.00 ns, 1.5427 ns/op
OverheadActual  10: 262144 op, 404400.00 ns, 1.5427 ns/op
OverheadActual  11: 262144 op, 421500.00 ns, 1.6079 ns/op
OverheadActual  12: 262144 op, 408300.00 ns, 1.5575 ns/op
OverheadActual  13: 262144 op, 404600.00 ns, 1.5434 ns/op
OverheadActual  14: 262144 op, 404700.00 ns, 1.5438 ns/op
OverheadActual  15: 262144 op, 404600.00 ns, 1.5434 ns/op

WorkloadWarmup   1: 262144 op, 852113300.00 ns, 3.2506 us/op
WorkloadWarmup   2: 262144 op, 852250400.00 ns, 3.2511 us/op
WorkloadWarmup   3: 262144 op, 849934900.00 ns, 3.2422 us/op

// BeforeActualRun
WorkloadActual   1: 262144 op, 850552600.00 ns, 3.2446 us/op
WorkloadActual   2: 262144 op, 877478200.00 ns, 3.3473 us/op
WorkloadActual   3: 262144 op, 884103300.00 ns, 3.3726 us/op
WorkloadActual   4: 262144 op, 879368500.00 ns, 3.3545 us/op
WorkloadActual   5: 262144 op, 877968800.00 ns, 3.3492 us/op
WorkloadActual   6: 262144 op, 867079000.00 ns, 3.3076 us/op
WorkloadActual   7: 262144 op, 868493500.00 ns, 3.3130 us/op
WorkloadActual   8: 262144 op, 874894400.00 ns, 3.3375 us/op
WorkloadActual   9: 262144 op, 944216900.00 ns, 3.6019 us/op
WorkloadActual  10: 262144 op, 888942500.00 ns, 3.3910 us/op

// AfterActualRun
WorkloadResult   1: 262144 op, 850147800.00 ns, 3.2431 us/op
WorkloadResult   2: 262144 op, 877073400.00 ns, 3.3458 us/op
WorkloadResult   3: 262144 op, 883698500.00 ns, 3.3710 us/op
WorkloadResult   4: 262144 op, 878963700.00 ns, 3.3530 us/op
WorkloadResult   5: 262144 op, 877564000.00 ns, 3.3476 us/op
WorkloadResult   6: 262144 op, 866674200.00 ns, 3.3061 us/op
WorkloadResult   7: 262144 op, 868088700.00 ns, 3.3115 us/op
WorkloadResult   8: 262144 op, 874489600.00 ns, 3.3359 us/op
WorkloadResult   9: 262144 op, 888537700.00 ns, 3.3895 us/op
// GC:  242 0 0 3175088864 262144
// Threading:  0 0 262144

// AfterAll
// Benchmark Process 30036 has exited with code 0.

Mean = 3.334 μs, StdErr = 0.014 μs (0.43%), N = 9, StdDev = 0.043 μs
Min = 3.243 μs, Q1 = 3.311 μs, Median = 3.346 μs, Q3 = 3.353 μs, Max = 3.390 μs
IQR = 0.041 μs, LowerFence = 3.249 μs, UpperFence = 3.415 μs
ConfidenceInterval = [3.262 μs; 3.406 μs] (CI 99.9%), Margin = 0.072 μs (2.16% of Mean)
Skewness = -0.76, Kurtosis = 2.64, MValue = 2

// ** Remained 23 (54.8%) benchmark(s) to run. Estimated finish 2026-08-03 12:27 (0h 4m from now) **
Setup power plan (GUID: 8c5e7fda-e8bf-4a96-9a85-a6e23a8c635c FriendlyName: High performance)
// **************************
// Benchmark: NotificationFanOutBenchmarks.Publish_MediatR_100Handlers: Job-ASUFOU(IterationCount=10, LaunchCount=1, WarmupCount=3)
// *** Execute ***
// Launch: 1 / 1
// Execute: dotnet 8a773897-42cb-4ccd-8a9e-ce6ce7c896af.dll --anonymousPipes 1448 1608 --benchmarkName Plaxion.BenchMarks.Comparison.NotificationFanOutBenchmarks.Publish_MediatR_100Handlers --job "IterationCount=10, LaunchCount=1, WarmupCount=3" --benchmarkId 19 in C:\Users\Angel\RiderProjects\PlaxionMediator\benchmarks-comparison\src\Plaxion.BenchMarks.Comparison\bin\Release\net9.0\8a773897-42cb-4ccd-8a9e-ce6ce7c896af\bin\Release\net9.0
// BeforeAnythingElse

// Benchmark Process Environment Information:
// BenchmarkDotNet v0.14.0
// Runtime=.NET 9.0.7 (9.0.725.31616), X64 RyuJIT AVX2
// GC=Concurrent Workstation
// HardwareIntrinsics=AVX2,AES,BMI1,BMI2,FMA,LZCNT,PCLMUL,POPCNT,AvxVnni,SERIALIZE VectorSize=256
// Job: Job-HYECLX(IterationCount=10, LaunchCount=1, WarmupCount=3)

OverheadJitting  1: 1 op, 144400.00 ns, 144.4000 us/op
WorkloadJitting  1: 1 op, 5959000.00 ns, 5.9590 ms/op

OverheadJitting  2: 16 op, 137700.00 ns, 8.6063 us/op
WorkloadJitting  2: 16 op, 1236500.00 ns, 77.2813 us/op

WorkloadPilot    1: 16 op, 424200.00 ns, 26.5125 us/op
WorkloadPilot    2: 32 op, 928600.00 ns, 29.0188 us/op
WorkloadPilot    3: 64 op, 3771500.00 ns, 58.9297 us/op
WorkloadPilot    4: 128 op, 3440900.00 ns, 26.8820 us/op
WorkloadPilot    5: 256 op, 6755200.00 ns, 26.3875 us/op
WorkloadPilot    6: 512 op, 12566600.00 ns, 24.5441 us/op
WorkloadPilot    7: 1024 op, 21203700.00 ns, 20.7067 us/op
WorkloadPilot    8: 2048 op, 40711300.00 ns, 19.8786 us/op
WorkloadPilot    9: 4096 op, 81603400.00 ns, 19.9227 us/op
WorkloadPilot   10: 8192 op, 166783600.00 ns, 20.3593 us/op
WorkloadPilot   11: 16384 op, 107125600.00 ns, 6.5384 us/op
WorkloadPilot   12: 32768 op, 218988100.00 ns, 6.6830 us/op
WorkloadPilot   13: 65536 op, 425425800.00 ns, 6.4915 us/op
WorkloadPilot   14: 131072 op, 854129800.00 ns, 6.5165 us/op

OverheadWarmup   1: 131072 op, 216600.00 ns, 1.6525 ns/op
OverheadWarmup   2: 131072 op, 202100.00 ns, 1.5419 ns/op
OverheadWarmup   3: 131072 op, 202300.00 ns, 1.5434 ns/op
OverheadWarmup   4: 131072 op, 202000.00 ns, 1.5411 ns/op
OverheadWarmup   5: 131072 op, 202100.00 ns, 1.5419 ns/op
OverheadWarmup   6: 131072 op, 210900.00 ns, 1.6090 ns/op
OverheadWarmup   7: 131072 op, 202300.00 ns, 1.5434 ns/op

OverheadActual   1: 131072 op, 200200.00 ns, 1.5274 ns/op
OverheadActual   2: 131072 op, 245000.00 ns, 1.8692 ns/op
OverheadActual   3: 131072 op, 201500.00 ns, 1.5373 ns/op
OverheadActual   4: 131072 op, 217600.00 ns, 1.6602 ns/op
OverheadActual   5: 131072 op, 200300.00 ns, 1.5282 ns/op
OverheadActual   6: 131072 op, 200300.00 ns, 1.5282 ns/op
OverheadActual   7: 131072 op, 200200.00 ns, 1.5274 ns/op
OverheadActual   8: 131072 op, 200300.00 ns, 1.5282 ns/op
OverheadActual   9: 131072 op, 200200.00 ns, 1.5274 ns/op
OverheadActual  10: 131072 op, 202500.00 ns, 1.5450 ns/op
OverheadActual  11: 131072 op, 200400.00 ns, 1.5289 ns/op
OverheadActual  12: 131072 op, 202800.00 ns, 1.5472 ns/op
OverheadActual  13: 131072 op, 200200.00 ns, 1.5274 ns/op
OverheadActual  14: 131072 op, 207800.00 ns, 1.5854 ns/op
OverheadActual  15: 131072 op, 200300.00 ns, 1.5282 ns/op

WorkloadWarmup   1: 131072 op, 867562100.00 ns, 6.6190 us/op
WorkloadWarmup   2: 131072 op, 905161200.00 ns, 6.9058 us/op
WorkloadWarmup   3: 131072 op, 867597000.00 ns, 6.6192 us/op

// BeforeActualRun
WorkloadActual   1: 131072 op, 875997100.00 ns, 6.6833 us/op
WorkloadActual   2: 131072 op, 878609300.00 ns, 6.7033 us/op
WorkloadActual   3: 131072 op, 892679300.00 ns, 6.8106 us/op
WorkloadActual   4: 131072 op, 917564200.00 ns, 7.0005 us/op
WorkloadActual   5: 131072 op, 894835100.00 ns, 6.8271 us/op
WorkloadActual   6: 131072 op, 880243800.00 ns, 6.7157 us/op
WorkloadActual   7: 131072 op, 881235900.00 ns, 6.7233 us/op
WorkloadActual   8: 131072 op, 875862900.00 ns, 6.6823 us/op
WorkloadActual   9: 131072 op, 889320100.00 ns, 6.7850 us/op
WorkloadActual  10: 131072 op, 882053100.00 ns, 6.7295 us/op

// AfterActualRun
WorkloadResult   1: 131072 op, 875796800.00 ns, 6.6818 us/op
WorkloadResult   2: 131072 op, 878409000.00 ns, 6.7017 us/op
WorkloadResult   3: 131072 op, 892479000.00 ns, 6.8091 us/op
WorkloadResult   4: 131072 op, 894634800.00 ns, 6.8255 us/op
WorkloadResult   5: 131072 op, 880043500.00 ns, 6.7142 us/op
WorkloadResult   6: 131072 op, 881035600.00 ns, 6.7218 us/op
WorkloadResult   7: 131072 op, 875662600.00 ns, 6.6808 us/op
WorkloadResult   8: 131072 op, 889119800.00 ns, 6.7834 us/op
WorkloadResult   9: 131072 op, 881852800.00 ns, 6.7280 us/op
// GC:  241 0 0 3160408464 131072
// Threading:  0 0 131072

// AfterAll
// Benchmark Process 59084 has exited with code 0.

Mean = 6.738 μs, StdErr = 0.018 μs (0.27%), N = 9, StdDev = 0.054 μs
Min = 6.681 μs, Q1 = 6.702 μs, Median = 6.722 μs, Q3 = 6.783 μs, Max = 6.826 μs
IQR = 0.082 μs, LowerFence = 6.579 μs, UpperFence = 6.906 μs
ConfidenceInterval = [6.647 μs; 6.829 μs] (CI 99.9%), Margin = 0.091 μs (1.35% of Mean)
Skewness = 0.46, Kurtosis = 1.42, MValue = 2

// ** Remained 22 (52.4%) benchmark(s) to run. Estimated finish 2026-08-03 12:27 (0h 4m from now) **
Setup power plan (GUID: 8c5e7fda-e8bf-4a96-9a85-a6e23a8c635c FriendlyName: High performance)
// **************************
// Benchmark: NotificationFanOutBenchmarks.Publish_Mediator_1Handler: Job-ASUFOU(IterationCount=10, LaunchCount=1, WarmupCount=3)
// *** Execute ***
// Launch: 1 / 1
// Execute: dotnet 8a773897-42cb-4ccd-8a9e-ce6ce7c896af.dll --anonymousPipes 1616 996 --benchmarkName Plaxion.BenchMarks.Comparison.NotificationFanOutBenchmarks.Publish_Mediator_1Handler --job "IterationCount=10, LaunchCount=1, WarmupCount=3" --benchmarkId 20 in C:\Users\Angel\RiderProjects\PlaxionMediator\benchmarks-comparison\src\Plaxion.BenchMarks.Comparison\bin\Release\net9.0\8a773897-42cb-4ccd-8a9e-ce6ce7c896af\bin\Release\net9.0
// BeforeAnythingElse

// Benchmark Process Environment Information:
// BenchmarkDotNet v0.14.0
// Runtime=.NET 9.0.7 (9.0.725.31616), X64 RyuJIT AVX2
// GC=Concurrent Workstation
// HardwareIntrinsics=AVX2,AES,BMI1,BMI2,FMA,LZCNT,PCLMUL,POPCNT,AvxVnni,SERIALIZE VectorSize=256
// Job: Job-PAUJVH(IterationCount=10, LaunchCount=1, WarmupCount=3)

OverheadJitting  1: 1 op, 153100.00 ns, 153.1000 us/op
WorkloadJitting  1: 1 op, 9828000.00 ns, 9.8280 ms/op

OverheadJitting  2: 16 op, 148700.00 ns, 9.2938 us/op
WorkloadJitting  2: 16 op, 170600.00 ns, 10.6625 us/op

WorkloadPilot    1: 16 op, 8500.00 ns, 531.2500 ns/op
WorkloadPilot    2: 32 op, 9800.00 ns, 306.2500 ns/op
WorkloadPilot    3: 64 op, 14100.00 ns, 220.3125 ns/op
WorkloadPilot    4: 128 op, 23900.00 ns, 186.7188 ns/op
WorkloadPilot    5: 256 op, 43600.00 ns, 170.3125 ns/op
WorkloadPilot    6: 512 op, 87500.00 ns, 170.8984 ns/op
WorkloadPilot    7: 1024 op, 230200.00 ns, 224.8047 ns/op
WorkloadPilot    8: 2048 op, 415300.00 ns, 202.7832 ns/op
WorkloadPilot    9: 4096 op, 723400.00 ns, 176.6113 ns/op
WorkloadPilot   10: 8192 op, 1417900.00 ns, 173.0835 ns/op
WorkloadPilot   11: 16384 op, 2693300.00 ns, 164.3860 ns/op
WorkloadPilot   12: 32768 op, 5670600.00 ns, 173.0530 ns/op
WorkloadPilot   13: 65536 op, 10807100.00 ns, 164.9033 ns/op
WorkloadPilot   14: 131072 op, 20917900.00 ns, 159.5909 ns/op
WorkloadPilot   15: 262144 op, 35877600.00 ns, 136.8622 ns/op
WorkloadPilot   16: 524288 op, 74367300.00 ns, 141.8444 ns/op
WorkloadPilot   17: 1048576 op, 156619700.00 ns, 149.3642 ns/op
WorkloadPilot   18: 2097152 op, 186440200.00 ns, 88.9016 ns/op
WorkloadPilot   19: 4194304 op, 250150600.00 ns, 59.6406 ns/op
WorkloadPilot   20: 8388608 op, 494386600.00 ns, 58.9355 ns/op
WorkloadPilot   21: 16777216 op, 983883500.00 ns, 58.6440 ns/op

OverheadWarmup   1: 16777216 op, 25713900.00 ns, 1.5327 ns/op
OverheadWarmup   2: 16777216 op, 25894900.00 ns, 1.5435 ns/op
OverheadWarmup   3: 16777216 op, 26203900.00 ns, 1.5619 ns/op
OverheadWarmup   4: 16777216 op, 26208100.00 ns, 1.5621 ns/op
OverheadWarmup   5: 16777216 op, 26138300.00 ns, 1.5580 ns/op
OverheadWarmup   6: 16777216 op, 26269700.00 ns, 1.5658 ns/op
OverheadWarmup   7: 16777216 op, 25942700.00 ns, 1.5463 ns/op

OverheadActual   1: 16777216 op, 26035200.00 ns, 1.5518 ns/op
OverheadActual   2: 16777216 op, 26048200.00 ns, 1.5526 ns/op
OverheadActual   3: 16777216 op, 25522900.00 ns, 1.5213 ns/op
OverheadActual   4: 16777216 op, 26001100.00 ns, 1.5498 ns/op
OverheadActual   5: 16777216 op, 26208600.00 ns, 1.5622 ns/op
OverheadActual   6: 16777216 op, 26008300.00 ns, 1.5502 ns/op
OverheadActual   7: 16777216 op, 26141800.00 ns, 1.5582 ns/op
OverheadActual   8: 16777216 op, 25817900.00 ns, 1.5389 ns/op
OverheadActual   9: 16777216 op, 26433800.00 ns, 1.5756 ns/op
OverheadActual  10: 16777216 op, 20726100.00 ns, 1.2354 ns/op
OverheadActual  11: 16777216 op, 20451000.00 ns, 1.2190 ns/op
OverheadActual  12: 16777216 op, 20599600.00 ns, 1.2278 ns/op
OverheadActual  13: 16777216 op, 20627000.00 ns, 1.2295 ns/op
OverheadActual  14: 16777216 op, 20441200.00 ns, 1.2184 ns/op
OverheadActual  15: 16777216 op, 20354100.00 ns, 1.2132 ns/op
OverheadActual  16: 16777216 op, 20200000.00 ns, 1.2040 ns/op
OverheadActual  17: 16777216 op, 20627300.00 ns, 1.2295 ns/op
OverheadActual  18: 16777216 op, 20535500.00 ns, 1.2240 ns/op
OverheadActual  19: 16777216 op, 20621000.00 ns, 1.2291 ns/op
OverheadActual  20: 16777216 op, 19827500.00 ns, 1.1818 ns/op

WorkloadWarmup   1: 16777216 op, 1023803800.00 ns, 61.0235 ns/op
WorkloadWarmup   2: 16777216 op, 1025932200.00 ns, 61.1503 ns/op
WorkloadWarmup   3: 16777216 op, 1007020800.00 ns, 60.0231 ns/op

// BeforeActualRun
WorkloadActual   1: 16777216 op, 1006844200.00 ns, 60.0126 ns/op
WorkloadActual   2: 16777216 op, 995517700.00 ns, 59.3375 ns/op
WorkloadActual   3: 16777216 op, 1007054600.00 ns, 60.0251 ns/op
WorkloadActual   4: 16777216 op, 1009005100.00 ns, 60.1414 ns/op
WorkloadActual   5: 16777216 op, 1028601600.00 ns, 61.3094 ns/op
WorkloadActual   6: 16777216 op, 1004062300.00 ns, 59.8468 ns/op
WorkloadActual   7: 16777216 op, 1004447400.00 ns, 59.8697 ns/op
WorkloadActual   8: 16777216 op, 1017437400.00 ns, 60.6440 ns/op
WorkloadActual   9: 16777216 op, 1031565700.00 ns, 61.4861 ns/op
WorkloadActual  10: 16777216 op, 1030776400.00 ns, 61.4391 ns/op

// AfterActualRun
WorkloadResult   1: 16777216 op, 986167500.00 ns, 58.7802 ns/op
WorkloadResult   2: 16777216 op, 974841000.00 ns, 58.1051 ns/op
WorkloadResult   3: 16777216 op, 986377900.00 ns, 58.7927 ns/op
WorkloadResult   4: 16777216 op, 988328400.00 ns, 58.9090 ns/op
WorkloadResult   5: 16777216 op, 1007924900.00 ns, 60.0770 ns/op
WorkloadResult   6: 16777216 op, 983385600.00 ns, 58.6143 ns/op
WorkloadResult   7: 16777216 op, 983770700.00 ns, 58.6373 ns/op
WorkloadResult   8: 16777216 op, 996760700.00 ns, 59.4116 ns/op
WorkloadResult   9: 16777216 op, 1010889000.00 ns, 60.2537 ns/op
WorkloadResult  10: 16777216 op, 1010099700.00 ns, 60.2066 ns/op
// GC:  154 0 0 2013267328 16777216
// Threading:  0 0 16777216

// AfterAll
// Benchmark Process 65968 has exited with code 0.

Mean = 59.179 ns, StdErr = 0.241 ns (0.41%), N = 10, StdDev = 0.761 ns
Min = 58.105 ns, Q1 = 58.673 ns, Median = 58.851 ns, Q3 = 59.911 ns, Max = 60.254 ns
IQR = 1.238 ns, LowerFence = 56.817 ns, UpperFence = 61.767 ns
ConfidenceInterval = [58.028 ns; 60.330 ns] (CI 99.9%), Margin = 1.151 ns (1.95% of Mean)
Skewness = 0.31, Kurtosis = 1.39, MValue = 2

// ** Remained 21 (50.0%) benchmark(s) to run. Estimated finish 2026-08-03 12:27 (0h 4m from now) **
Setup power plan (GUID: 8c5e7fda-e8bf-4a96-9a85-a6e23a8c635c FriendlyName: High performance)
// **************************
// Benchmark: NotificationFanOutBenchmarks.Publish_Mediator_10Handlers: Job-ASUFOU(IterationCount=10, LaunchCount=1, WarmupCount=3)
// *** Execute ***
// Launch: 1 / 1
// Execute: dotnet 8a773897-42cb-4ccd-8a9e-ce6ce7c896af.dll --anonymousPipes 1624 1308 --benchmarkName Plaxion.BenchMarks.Comparison.NotificationFanOutBenchmarks.Publish_Mediator_10Handlers --job "IterationCount=10, LaunchCount=1, WarmupCount=3" --benchmarkId 21 in C:\Users\Angel\RiderProjects\PlaxionMediator\benchmarks-comparison\src\Plaxion.BenchMarks.Comparison\bin\Release\net9.0\8a773897-42cb-4ccd-8a9e-ce6ce7c896af\bin\Release\net9.0
// BeforeAnythingElse

// Benchmark Process Environment Information:
// BenchmarkDotNet v0.14.0
// Runtime=.NET 9.0.7 (9.0.725.31616), X64 RyuJIT AVX2
// GC=Concurrent Workstation
// HardwareIntrinsics=AVX2,AES,BMI1,BMI2,FMA,LZCNT,PCLMUL,POPCNT,AvxVnni,SERIALIZE VectorSize=256
// Job: Job-RIZSIG(IterationCount=10, LaunchCount=1, WarmupCount=3)

OverheadJitting  1: 1 op, 143300.00 ns, 143.3000 us/op
WorkloadJitting  1: 1 op, 10976400.00 ns, 10.9764 ms/op

OverheadJitting  2: 16 op, 151100.00 ns, 9.4438 us/op
WorkloadJitting  2: 16 op, 198300.00 ns, 12.3938 us/op

WorkloadPilot    1: 16 op, 32100.00 ns, 2.0063 us/op
WorkloadPilot    2: 32 op, 66000.00 ns, 2.0625 us/op
WorkloadPilot    3: 64 op, 175700.00 ns, 2.7453 us/op
WorkloadPilot    4: 128 op, 264700.00 ns, 2.0680 us/op
WorkloadPilot    5: 256 op, 454800.00 ns, 1.7766 us/op
WorkloadPilot    6: 512 op, 846100.00 ns, 1.6525 us/op
WorkloadPilot    7: 1024 op, 1665500.00 ns, 1.6265 us/op
WorkloadPilot    8: 2048 op, 3220900.00 ns, 1.5727 us/op
WorkloadPilot    9: 4096 op, 6431800.00 ns, 1.5703 us/op
WorkloadPilot   10: 8192 op, 13368000.00 ns, 1.6318 us/op
WorkloadPilot   11: 16384 op, 22876200.00 ns, 1.3963 us/op
WorkloadPilot   12: 32768 op, 43044600.00 ns, 1.3136 us/op
WorkloadPilot   13: 65536 op, 87210600.00 ns, 1.3307 us/op
WorkloadPilot   14: 131072 op, 153307000.00 ns, 1.1696 us/op
WorkloadPilot   15: 262144 op, 152392000.00 ns, 581.3293 ns/op
WorkloadPilot   16: 524288 op, 306624700.00 ns, 584.8402 ns/op
WorkloadPilot   17: 1048576 op, 628245500.00 ns, 599.1416 ns/op

OverheadWarmup   1: 1048576 op, 1648800.00 ns, 1.5724 ns/op
OverheadWarmup   2: 1048576 op, 1645100.00 ns, 1.5689 ns/op
OverheadWarmup   3: 1048576 op, 1636100.00 ns, 1.5603 ns/op
OverheadWarmup   4: 1048576 op, 1677400.00 ns, 1.5997 ns/op
OverheadWarmup   5: 1048576 op, 1645500.00 ns, 1.5693 ns/op
OverheadWarmup   6: 1048576 op, 1635100.00 ns, 1.5594 ns/op
OverheadWarmup   7: 1048576 op, 1703200.00 ns, 1.6243 ns/op
OverheadWarmup   8: 1048576 op, 1642100.00 ns, 1.5660 ns/op

OverheadActual   1: 1048576 op, 1651200.00 ns, 1.5747 ns/op
OverheadActual   2: 1048576 op, 1642200.00 ns, 1.5661 ns/op
OverheadActual   3: 1048576 op, 1644900.00 ns, 1.5687 ns/op
OverheadActual   4: 1048576 op, 1704100.00 ns, 1.6252 ns/op
OverheadActual   5: 1048576 op, 1654200.00 ns, 1.5776 ns/op
OverheadActual   6: 1048576 op, 1647000.00 ns, 1.5707 ns/op
OverheadActual   7: 1048576 op, 1645500.00 ns, 1.5693 ns/op
OverheadActual   8: 1048576 op, 1645200.00 ns, 1.5690 ns/op
OverheadActual   9: 1048576 op, 1680700.00 ns, 1.6028 ns/op
OverheadActual  10: 1048576 op, 1639400.00 ns, 1.5635 ns/op
OverheadActual  11: 1048576 op, 1647100.00 ns, 1.5708 ns/op
OverheadActual  12: 1048576 op, 1634600.00 ns, 1.5589 ns/op
OverheadActual  13: 1048576 op, 1642400.00 ns, 1.5663 ns/op
OverheadActual  14: 1048576 op, 1638000.00 ns, 1.5621 ns/op
OverheadActual  15: 1048576 op, 1695000.00 ns, 1.6165 ns/op

WorkloadWarmup   1: 1048576 op, 634112400.00 ns, 604.7367 ns/op
WorkloadWarmup   2: 1048576 op, 615187400.00 ns, 586.6884 ns/op
WorkloadWarmup   3: 1048576 op, 604871900.00 ns, 576.8508 ns/op

// BeforeActualRun
WorkloadActual   1: 1048576 op, 601254900.00 ns, 573.4014 ns/op
WorkloadActual   2: 1048576 op, 596468000.00 ns, 568.8362 ns/op
WorkloadActual   3: 1048576 op, 603388100.00 ns, 575.4357 ns/op
WorkloadActual   4: 1048576 op, 587118000.00 ns, 559.9194 ns/op
WorkloadActual   5: 1048576 op, 616086400.00 ns, 587.5458 ns/op
WorkloadActual   6: 1048576 op, 604277400.00 ns, 576.2838 ns/op
WorkloadActual   7: 1048576 op, 605949100.00 ns, 577.8781 ns/op
WorkloadActual   8: 1048576 op, 594279100.00 ns, 566.7487 ns/op
WorkloadActual   9: 1048576 op, 584994500.00 ns, 557.8942 ns/op
WorkloadActual  10: 1048576 op, 596939400.00 ns, 569.2858 ns/op

// AfterActualRun
WorkloadResult   1: 1048576 op, 599609400.00 ns, 571.8321 ns/op
WorkloadResult   2: 1048576 op, 594822500.00 ns, 567.2669 ns/op
WorkloadResult   3: 1048576 op, 601742600.00 ns, 573.8665 ns/op
WorkloadResult   4: 1048576 op, 585472500.00 ns, 558.3501 ns/op
WorkloadResult   5: 1048576 op, 614440900.00 ns, 585.9765 ns/op
WorkloadResult   6: 1048576 op, 602631900.00 ns, 574.7146 ns/op
WorkloadResult   7: 1048576 op, 604303600.00 ns, 576.3088 ns/op
WorkloadResult   8: 1048576 op, 592633600.00 ns, 565.1794 ns/op
WorkloadResult   9: 1048576 op, 583349000.00 ns, 556.3250 ns/op
WorkloadResult  10: 1048576 op, 595293900.00 ns, 567.7165 ns/op
// GC:  96 0 0 1258292560 1048576
// Threading:  0 0 1048576

// AfterAll
// Benchmark Process 23664 has exited with code 0.

Mean = 569.754 ns, StdErr = 2.776 ns (0.49%), N = 10, StdDev = 8.779 ns
Min = 556.325 ns, Q1 = 565.701 ns, Median = 569.774 ns, Q3 = 574.503 ns, Max = 585.977 ns
IQR = 8.801 ns, LowerFence = 552.499 ns, UpperFence = 587.704 ns
ConfidenceInterval = [556.481 ns; 583.026 ns] (CI 99.9%), Margin = 13.272 ns (2.33% of Mean)
Skewness = 0.11, Kurtosis = 2.05, MValue = 2

// ** Remained 20 (47.6%) benchmark(s) to run. Estimated finish 2026-08-03 12:27 (0h 3m from now) **
Setup power plan (GUID: 8c5e7fda-e8bf-4a96-9a85-a6e23a8c635c FriendlyName: High performance)
// **************************
// Benchmark: NotificationFanOutBenchmarks.Publish_Mediator_50Handlers: Job-ASUFOU(IterationCount=10, LaunchCount=1, WarmupCount=3)
// *** Execute ***
// Launch: 1 / 1
// Execute: dotnet 8a773897-42cb-4ccd-8a9e-ce6ce7c896af.dll --anonymousPipes 1076 1548 --benchmarkName Plaxion.BenchMarks.Comparison.NotificationFanOutBenchmarks.Publish_Mediator_50Handlers --job "IterationCount=10, LaunchCount=1, WarmupCount=3" --benchmarkId 22 in C:\Users\Angel\RiderProjects\PlaxionMediator\benchmarks-comparison\src\Plaxion.BenchMarks.Comparison\bin\Release\net9.0\8a773897-42cb-4ccd-8a9e-ce6ce7c896af\bin\Release\net9.0
// BeforeAnythingElse

// Benchmark Process Environment Information:
// BenchmarkDotNet v0.14.0
// Runtime=.NET 9.0.7 (9.0.725.31616), X64 RyuJIT AVX2
// GC=Concurrent Workstation
// HardwareIntrinsics=AVX2,AES,BMI1,BMI2,FMA,LZCNT,PCLMUL,POPCNT,AvxVnni,SERIALIZE VectorSize=256
// Job: Job-QOJTTZ(IterationCount=10, LaunchCount=1, WarmupCount=3)

OverheadJitting  1: 1 op, 161200.00 ns, 161.2000 us/op
WorkloadJitting  1: 1 op, 11804200.00 ns, 11.8042 ms/op

OverheadJitting  2: 16 op, 141100.00 ns, 8.8188 us/op
WorkloadJitting  2: 16 op, 438300.00 ns, 27.3938 us/op

WorkloadPilot    1: 16 op, 210200.00 ns, 13.1375 us/op
WorkloadPilot    2: 32 op, 320600.00 ns, 10.0188 us/op
WorkloadPilot    3: 64 op, 563300.00 ns, 8.8016 us/op
WorkloadPilot    4: 128 op, 1019600.00 ns, 7.9656 us/op
WorkloadPilot    5: 256 op, 1962800.00 ns, 7.6672 us/op
WorkloadPilot    6: 512 op, 4073800.00 ns, 7.9566 us/op
WorkloadPilot    7: 1024 op, 7647400.00 ns, 7.4682 us/op
WorkloadPilot    8: 2048 op, 15082500.00 ns, 7.3645 us/op
WorkloadPilot    9: 4096 op, 25834900.00 ns, 6.3073 us/op
WorkloadPilot   10: 8192 op, 48881400.00 ns, 5.9670 us/op
WorkloadPilot   11: 16384 op, 107670100.00 ns, 6.5717 us/op
WorkloadPilot   12: 32768 op, 158378800.00 ns, 4.8333 us/op
WorkloadPilot   13: 65536 op, 193758800.00 ns, 2.9565 us/op
WorkloadPilot   14: 131072 op, 375871900.00 ns, 2.8677 us/op
WorkloadPilot   15: 262144 op, 750990000.00 ns, 2.8648 us/op

OverheadWarmup   1: 262144 op, 408700.00 ns, 1.5591 ns/op
OverheadWarmup   2: 262144 op, 418300.00 ns, 1.5957 ns/op
OverheadWarmup   3: 262144 op, 408200.00 ns, 1.5572 ns/op
OverheadWarmup   4: 262144 op, 408000.00 ns, 1.5564 ns/op
OverheadWarmup   5: 262144 op, 420600.00 ns, 1.6045 ns/op
OverheadWarmup   6: 262144 op, 408000.00 ns, 1.5564 ns/op

OverheadActual   1: 262144 op, 408100.00 ns, 1.5568 ns/op
OverheadActual   2: 262144 op, 408000.00 ns, 1.5564 ns/op
OverheadActual   3: 262144 op, 416200.00 ns, 1.5877 ns/op
OverheadActual   4: 262144 op, 408100.00 ns, 1.5568 ns/op
OverheadActual   5: 262144 op, 407900.00 ns, 1.5560 ns/op
OverheadActual   6: 262144 op, 416400.00 ns, 1.5884 ns/op
OverheadActual   7: 262144 op, 408300.00 ns, 1.5575 ns/op
OverheadActual   8: 262144 op, 423200.00 ns, 1.6144 ns/op
OverheadActual   9: 262144 op, 408200.00 ns, 1.5572 ns/op
OverheadActual  10: 262144 op, 408200.00 ns, 1.5572 ns/op
OverheadActual  11: 262144 op, 408200.00 ns, 1.5572 ns/op
OverheadActual  12: 262144 op, 535400.00 ns, 2.0424 ns/op
OverheadActual  13: 262144 op, 408300.00 ns, 1.5575 ns/op
OverheadActual  14: 262144 op, 408100.00 ns, 1.5568 ns/op
OverheadActual  15: 262144 op, 408100.00 ns, 1.5568 ns/op

WorkloadWarmup   1: 262144 op, 757626300.00 ns, 2.8901 us/op
WorkloadWarmup   2: 262144 op, 756837500.00 ns, 2.8871 us/op
WorkloadWarmup   3: 262144 op, 755124400.00 ns, 2.8806 us/op

// BeforeActualRun
WorkloadActual   1: 262144 op, 752858500.00 ns, 2.8719 us/op
WorkloadActual   2: 262144 op, 755874500.00 ns, 2.8834 us/op
WorkloadActual   3: 262144 op, 777419700.00 ns, 2.9656 us/op
WorkloadActual   4: 262144 op, 764495900.00 ns, 2.9163 us/op
WorkloadActual   5: 262144 op, 775180900.00 ns, 2.9571 us/op
WorkloadActual   6: 262144 op, 788256600.00 ns, 3.0070 us/op
WorkloadActual   7: 262144 op, 761070500.00 ns, 2.9033 us/op
WorkloadActual   8: 262144 op, 778923000.00 ns, 2.9714 us/op
WorkloadActual   9: 262144 op, 775847900.00 ns, 2.9596 us/op
WorkloadActual  10: 262144 op, 764736200.00 ns, 2.9172 us/op

// AfterActualRun
WorkloadResult   1: 262144 op, 752450300.00 ns, 2.8704 us/op
WorkloadResult   2: 262144 op, 755466300.00 ns, 2.8819 us/op
WorkloadResult   3: 262144 op, 777011500.00 ns, 2.9641 us/op
WorkloadResult   4: 262144 op, 764087700.00 ns, 2.9148 us/op
WorkloadResult   5: 262144 op, 774772700.00 ns, 2.9555 us/op
WorkloadResult   6: 262144 op, 787848400.00 ns, 3.0054 us/op
WorkloadResult   7: 262144 op, 760662300.00 ns, 2.9017 us/op
WorkloadResult   8: 262144 op, 778514800.00 ns, 2.9698 us/op
WorkloadResult   9: 262144 op, 775439700.00 ns, 2.9581 us/op
WorkloadResult  10: 262144 op, 764328000.00 ns, 2.9157 us/op
// GC:  120 0 0 1572865360 262144
// Threading:  0 0 262144

// AfterAll
// Benchmark Process 46564 has exited with code 0.

Mean = 2.934 μs, StdErr = 0.014 μs (0.47%), N = 10, StdDev = 0.043 μs
Min = 2.870 μs, Q1 = 2.905 μs, Median = 2.936 μs, Q3 = 2.963 μs, Max = 3.005 μs
IQR = 0.058 μs, LowerFence = 2.819 μs, UpperFence = 3.049 μs
ConfidenceInterval = [2.868 μs; 2.999 μs] (CI 99.9%), Margin = 0.065 μs (2.23% of Mean)
Skewness = 0.04, Kurtosis = 1.55, MValue = 2

// ** Remained 19 (45.2%) benchmark(s) to run. Estimated finish 2026-08-03 12:27 (0h 3m from now) **
Setup power plan (GUID: 8c5e7fda-e8bf-4a96-9a85-a6e23a8c635c FriendlyName: High performance)
// **************************
// Benchmark: NotificationFanOutBenchmarks.Publish_Mediator_100Handlers: Job-ASUFOU(IterationCount=10, LaunchCount=1, WarmupCount=3)
// *** Execute ***
// Launch: 1 / 1
// Execute: dotnet 8a773897-42cb-4ccd-8a9e-ce6ce7c896af.dll --anonymousPipes 1624 1236 --benchmarkName Plaxion.BenchMarks.Comparison.NotificationFanOutBenchmarks.Publish_Mediator_100Handlers --job "IterationCount=10, LaunchCount=1, WarmupCount=3" --benchmarkId 23 in C:\Users\Angel\RiderProjects\PlaxionMediator\benchmarks-comparison\src\Plaxion.BenchMarks.Comparison\bin\Release\net9.0\8a773897-42cb-4ccd-8a9e-ce6ce7c896af\bin\Release\net9.0
// BeforeAnythingElse

// Benchmark Process Environment Information:
// BenchmarkDotNet v0.14.0
// Runtime=.NET 9.0.7 (9.0.725.31616), X64 RyuJIT AVX2
// GC=Concurrent Workstation
// HardwareIntrinsics=AVX2,AES,BMI1,BMI2,FMA,LZCNT,PCLMUL,POPCNT,AvxVnni,SERIALIZE VectorSize=256
// Job: Job-KWSEJN(IterationCount=10, LaunchCount=1, WarmupCount=3)

OverheadJitting  1: 1 op, 144700.00 ns, 144.7000 us/op
WorkloadJitting  1: 1 op, 12774700.00 ns, 12.7747 ms/op

OverheadJitting  2: 16 op, 204400.00 ns, 12.7750 us/op
WorkloadJitting  2: 16 op, 622500.00 ns, 38.9063 us/op

WorkloadPilot    1: 16 op, 303500.00 ns, 18.9688 us/op
WorkloadPilot    2: 32 op, 485000.00 ns, 15.1563 us/op
WorkloadPilot    3: 64 op, 946200.00 ns, 14.7844 us/op
WorkloadPilot    4: 128 op, 1931700.00 ns, 15.0914 us/op
WorkloadPilot    5: 256 op, 3725200.00 ns, 14.5516 us/op
WorkloadPilot    6: 512 op, 7125000.00 ns, 13.9160 us/op
WorkloadPilot    7: 1024 op, 13786900.00 ns, 13.4638 us/op
WorkloadPilot    8: 2048 op, 23858100.00 ns, 11.6495 us/op
WorkloadPilot    9: 4096 op, 47266800.00 ns, 11.5397 us/op
WorkloadPilot   10: 8192 op, 102606500.00 ns, 12.5252 us/op
WorkloadPilot   11: 16384 op, 222373000.00 ns, 13.5726 us/op
WorkloadPilot   12: 32768 op, 190585400.00 ns, 5.8162 us/op
WorkloadPilot   13: 65536 op, 377213500.00 ns, 5.7558 us/op
WorkloadPilot   14: 131072 op, 761039600.00 ns, 5.8063 us/op

OverheadWarmup   1: 131072 op, 203600.00 ns, 1.5533 ns/op
OverheadWarmup   2: 131072 op, 202900.00 ns, 1.5480 ns/op
OverheadWarmup   3: 131072 op, 202900.00 ns, 1.5480 ns/op
OverheadWarmup   4: 131072 op, 203200.00 ns, 1.5503 ns/op
OverheadWarmup   5: 131072 op, 203400.00 ns, 1.5518 ns/op
OverheadWarmup   6: 131072 op, 203100.00 ns, 1.5495 ns/op
OverheadWarmup   7: 131072 op, 203100.00 ns, 1.5495 ns/op

OverheadActual   1: 131072 op, 205000.00 ns, 1.5640 ns/op
OverheadActual   2: 131072 op, 205200.00 ns, 1.5656 ns/op
OverheadActual   3: 131072 op, 204700.00 ns, 1.5617 ns/op
OverheadActual   4: 131072 op, 236600.00 ns, 1.8051 ns/op
OverheadActual   5: 131072 op, 204800.00 ns, 1.5625 ns/op
OverheadActual   6: 131072 op, 205000.00 ns, 1.5640 ns/op
OverheadActual   7: 131072 op, 202900.00 ns, 1.5480 ns/op
OverheadActual   8: 131072 op, 210300.00 ns, 1.6045 ns/op
OverheadActual   9: 131072 op, 220600.00 ns, 1.6830 ns/op
OverheadActual  10: 131072 op, 245200.00 ns, 1.8707 ns/op
OverheadActual  11: 131072 op, 208400.00 ns, 1.5900 ns/op
OverheadActual  12: 131072 op, 205100.00 ns, 1.5648 ns/op
OverheadActual  13: 131072 op, 212700.00 ns, 1.6228 ns/op
OverheadActual  14: 131072 op, 203100.00 ns, 1.5495 ns/op
OverheadActual  15: 131072 op, 203300.00 ns, 1.5511 ns/op

WorkloadWarmup   1: 131072 op, 756388800.00 ns, 5.7708 us/op
WorkloadWarmup   2: 131072 op, 759833100.00 ns, 5.7971 us/op
WorkloadWarmup   3: 131072 op, 764766200.00 ns, 5.8347 us/op

// BeforeActualRun
WorkloadActual   1: 131072 op, 763295900.00 ns, 5.8235 us/op
WorkloadActual   2: 131072 op, 769781100.00 ns, 5.8730 us/op
WorkloadActual   3: 131072 op, 749865200.00 ns, 5.7210 us/op
WorkloadActual   4: 131072 op, 746039100.00 ns, 5.6918 us/op
WorkloadActual   5: 131072 op, 771133900.00 ns, 5.8833 us/op
WorkloadActual   6: 131072 op, 769442900.00 ns, 5.8704 us/op
WorkloadActual   7: 131072 op, 778098500.00 ns, 5.9364 us/op
WorkloadActual   8: 131072 op, 752361200.00 ns, 5.7401 us/op
WorkloadActual   9: 131072 op, 743832000.00 ns, 5.6750 us/op
WorkloadActual  10: 131072 op, 749135700.00 ns, 5.7155 us/op

// AfterActualRun
WorkloadResult   1: 131072 op, 763090800.00 ns, 5.8219 us/op
WorkloadResult   2: 131072 op, 769576000.00 ns, 5.8714 us/op
WorkloadResult   3: 131072 op, 749660100.00 ns, 5.7195 us/op
WorkloadResult   4: 131072 op, 745834000.00 ns, 5.6903 us/op
WorkloadResult   5: 131072 op, 770928800.00 ns, 5.8817 us/op
WorkloadResult   6: 131072 op, 769237800.00 ns, 5.8688 us/op
WorkloadResult   7: 131072 op, 777893400.00 ns, 5.9349 us/op
WorkloadResult   8: 131072 op, 752156100.00 ns, 5.7385 us/op
WorkloadResult   9: 131072 op, 743626900.00 ns, 5.6734 us/op
WorkloadResult  10: 131072 op, 748930600.00 ns, 5.7139 us/op
// GC:  120 0 0 1572865360 131072
// Threading:  0 0 131072

// AfterAll
// Benchmark Process 24020 has exited with code 0.

Mean = 5.791 μs, StdErr = 0.030 μs (0.52%), N = 10, StdDev = 0.094 μs
Min = 5.673 μs, Q1 = 5.715 μs, Median = 5.780 μs, Q3 = 5.871 μs, Max = 5.935 μs
IQR = 0.155 μs, LowerFence = 5.482 μs, UpperFence = 6.104 μs
ConfidenceInterval = [5.649 μs; 5.934 μs] (CI 99.9%), Margin = 0.143 μs (2.46% of Mean)
Skewness = 0.12, Kurtosis = 1.18, MValue = 2

// ** Remained 18 (42.9%) benchmark(s) to run. Estimated finish 2026-08-03 12:27 (0h 3m from now) **
Successfully reverted power plan (GUID: 381b4222-f694-41f0-9685-ff5bb260df2e FriendlyName: Balanced)
// ***** BenchmarkRunner: Finish  *****

// * Export *
  BenchmarkDotNet.Artifacts\results\Plaxion.BenchMarks.Comparison.NotificationFanOutBenchmarks-report-full.json
  BenchmarkDotNet.Artifacts\results\Plaxion.BenchMarks.Comparison.NotificationFanOutBenchmarks-report.csv
  BenchmarkDotNet.Artifacts\results\Plaxion.BenchMarks.Comparison.NotificationFanOutBenchmarks-report-github.md

// * Detailed results *
NotificationFanOutBenchmarks.Publish_Mediator_1Handler: Job-ASUFOU(IterationCount=10, LaunchCount=1, WarmupCount=3)
Runtime = .NET 9.0.7 (9.0.725.31616), X64 RyuJIT AVX2; GC = Concurrent Workstation
Mean = 59.179 ns, StdErr = 0.241 ns (0.41%), N = 10, StdDev = 0.761 ns
Min = 58.105 ns, Q1 = 58.673 ns, Median = 58.851 ns, Q3 = 59.911 ns, Max = 60.254 ns
IQR = 1.238 ns, LowerFence = 56.817 ns, UpperFence = 61.767 ns
ConfidenceInterval = [58.028 ns; 60.330 ns] (CI 99.9%), Margin = 1.151 ns (1.95% of Mean)
Skewness = 0.31, Kurtosis = 1.39, MValue = 2
-------------------- Histogram --------------------
[57.641 ns ; 60.718 ns) | @@@@@@@@@@
---------------------------------------------------

NotificationFanOutBenchmarks.Publish_Plaxion_1Handler: Job-ASUFOU(IterationCount=10, LaunchCount=1, WarmupCount=3)
Runtime = .NET 9.0.7 (9.0.725.31616), X64 RyuJIT AVX2; GC = Concurrent Workstation
Mean = 88.339 ns, StdErr = 0.087 ns (0.10%), N = 10, StdDev = 0.277 ns
Min = 88.001 ns, Q1 = 88.083 ns, Median = 88.343 ns, Q3 = 88.598 ns, Max = 88.715 ns
IQR = 0.515 ns, LowerFence = 87.311 ns, UpperFence = 89.370 ns
ConfidenceInterval = [87.921 ns; 88.758 ns] (CI 99.9%), Margin = 0.418 ns (0.47% of Mean)
Skewness = 0.06, Kurtosis = 1.2, MValue = 2
-------------------- Histogram --------------------
[87.832 ns ; 88.884 ns) | @@@@@@@@@@
---------------------------------------------------

NotificationFanOutBenchmarks.Publish_MediatR_1Handler: Job-ASUFOU(IterationCount=10, LaunchCount=1, WarmupCount=3)
Runtime = .NET 9.0.7 (9.0.725.31616), X64 RyuJIT AVX2; GC = Concurrent Workstation
Mean = 113.455 ns, StdErr = 0.984 ns (0.87%), N = 10, StdDev = 3.112 ns
Min = 110.029 ns, Q1 = 110.859 ns, Median = 112.409 ns, Q3 = 116.391 ns, Max = 118.053 ns
IQR = 5.532 ns, LowerFence = 102.562 ns, UpperFence = 124.688 ns
ConfidenceInterval = [108.750 ns; 118.160 ns] (CI 99.9%), Margin = 4.705 ns (4.15% of Mean)
Skewness = 0.36, Kurtosis = 1.26, MValue = 2
-------------------- Histogram --------------------
[109.758 ns ; 113.550 ns) | @@@@@@
[113.550 ns ; 118.152 ns) | @@@@
---------------------------------------------------

NotificationFanOutBenchmarks.Publish_Mediator_10Handlers: Job-ASUFOU(IterationCount=10, LaunchCount=1, WarmupCount=3)
Runtime = .NET 9.0.7 (9.0.725.31616), X64 RyuJIT AVX2; GC = Concurrent Workstation
Mean = 569.754 ns, StdErr = 2.776 ns (0.49%), N = 10, StdDev = 8.779 ns
Min = 556.325 ns, Q1 = 565.701 ns, Median = 569.774 ns, Q3 = 574.503 ns, Max = 585.977 ns
IQR = 8.801 ns, LowerFence = 552.499 ns, UpperFence = 587.704 ns
ConfidenceInterval = [556.481 ns; 583.026 ns] (CI 99.9%), Margin = 13.272 ns (2.33% of Mean)
Skewness = 0.11, Kurtosis = 2.05, MValue = 2
-------------------- Histogram --------------------
[555.145 ns ; 577.506 ns) | @@@@@@@@@
[577.506 ns ; 591.325 ns) | @
---------------------------------------------------

NotificationFanOutBenchmarks.Publish_Plaxion_10Handlers: Job-ASUFOU(IterationCount=10, LaunchCount=1, WarmupCount=3)
Runtime = .NET 9.0.7 (9.0.725.31616), X64 RyuJIT AVX2; GC = Concurrent Workstation
Mean = 576.658 ns, StdErr = 1.028 ns (0.18%), N = 9, StdDev = 3.083 ns
Min = 573.501 ns, Q1 = 574.982 ns, Median = 576.307 ns, Q3 = 576.598 ns, Max = 583.141 ns
IQR = 1.617 ns, LowerFence = 572.557 ns, UpperFence = 579.024 ns
ConfidenceInterval = [571.478 ns; 581.838 ns] (CI 99.9%), Margin = 5.180 ns (0.90% of Mean)
Skewness = 0.91, Kurtosis = 2.55, MValue = 2
-------------------- Histogram --------------------
[571.556 ns ; 585.086 ns) | @@@@@@@@@
---------------------------------------------------

NotificationFanOutBenchmarks.Publish_MediatR_10Handlers: Job-ASUFOU(IterationCount=10, LaunchCount=1, WarmupCount=3)
Runtime = .NET 9.0.7 (9.0.725.31616), X64 RyuJIT AVX2; GC = Concurrent Workstation
Mean = 700.218 ns, StdErr = 1.831 ns (0.26%), N = 9, StdDev = 5.492 ns
Min = 690.517 ns, Q1 = 696.818 ns, Median = 699.541 ns, Q3 = 705.414 ns, Max = 706.788 ns
IQR = 8.595 ns, LowerFence = 683.926 ns, UpperFence = 718.306 ns
ConfidenceInterval = [690.989 ns; 709.448 ns] (CI 99.9%), Margin = 9.230 ns (1.32% of Mean)
Skewness = -0.32, Kurtosis = 1.6, MValue = 2
-------------------- Histogram --------------------
[687.051 ns ; 709.197 ns) | @@@@@@@@@
---------------------------------------------------

NotificationFanOutBenchmarks.Publish_Plaxion_50Handlers: Job-ASUFOU(IterationCount=10, LaunchCount=1, WarmupCount=3)
Runtime = .NET 9.0.7 (9.0.725.31616), X64 RyuJIT AVX2; GC = Concurrent Workstation
Mean = 2.725 μs, StdErr = 0.007 μs (0.26%), N = 9, StdDev = 0.021 μs
Min = 2.691 μs, Q1 = 2.714 μs, Median = 2.719 μs, Q3 = 2.739 μs, Max = 2.758 μs
IQR = 0.025 μs, LowerFence = 2.677 μs, UpperFence = 2.775 μs
ConfidenceInterval = [2.689 μs; 2.761 μs] (CI 99.9%), Margin = 0.036 μs (1.32% of Mean)
Skewness = 0.12, Kurtosis = 1.65, MValue = 2
-------------------- Histogram --------------------
[2.691 μs ; 2.771 μs) | @@@@@@@@@
---------------------------------------------------

NotificationFanOutBenchmarks.Publish_Mediator_50Handlers: Job-ASUFOU(IterationCount=10, LaunchCount=1, WarmupCount=3)
Runtime = .NET 9.0.7 (9.0.725.31616), X64 RyuJIT AVX2; GC = Concurrent Workstation
Mean = 2.934 μs, StdErr = 0.014 μs (0.47%), N = 10, StdDev = 0.043 μs
Min = 2.870 μs, Q1 = 2.905 μs, Median = 2.936 μs, Q3 = 2.963 μs, Max = 3.005 μs
IQR = 0.058 μs, LowerFence = 2.819 μs, UpperFence = 3.049 μs
ConfidenceInterval = [2.868 μs; 2.999 μs] (CI 99.9%), Margin = 0.065 μs (2.23% of Mean)
Skewness = 0.04, Kurtosis = 1.55, MValue = 2
-------------------- Histogram --------------------
[2.864 μs ; 3.010 μs) | @@@@@@@@@@
---------------------------------------------------

NotificationFanOutBenchmarks.Publish_MediatR_50Handlers: Job-ASUFOU(IterationCount=10, LaunchCount=1, WarmupCount=3)
Runtime = .NET 9.0.7 (9.0.725.31616), X64 RyuJIT AVX2; GC = Concurrent Workstation
Mean = 3.334 μs, StdErr = 0.014 μs (0.43%), N = 9, StdDev = 0.043 μs
Min = 3.243 μs, Q1 = 3.311 μs, Median = 3.346 μs, Q3 = 3.353 μs, Max = 3.390 μs
IQR = 0.041 μs, LowerFence = 3.249 μs, UpperFence = 3.415 μs
ConfidenceInterval = [3.262 μs; 3.406 μs] (CI 99.9%), Margin = 0.072 μs (2.16% of Mean)
Skewness = -0.76, Kurtosis = 2.64, MValue = 2
-------------------- Histogram --------------------
[3.216 μs ; 3.296 μs) | @
[3.296 μs ; 3.417 μs) | @@@@@@@@
---------------------------------------------------

NotificationFanOutBenchmarks.Publish_Plaxion_100Handlers: Job-ASUFOU(IterationCount=10, LaunchCount=1, WarmupCount=3)
Runtime = .NET 9.0.7 (9.0.725.31616), X64 RyuJIT AVX2; GC = Concurrent Workstation
Mean = 5.343 μs, StdErr = 0.011 μs (0.21%), N = 9, StdDev = 0.033 μs
Min = 5.292 μs, Q1 = 5.329 μs, Median = 5.336 μs, Q3 = 5.358 μs, Max = 5.391 μs
IQR = 0.029 μs, LowerFence = 5.284 μs, UpperFence = 5.402 μs
ConfidenceInterval = [5.287 μs; 5.398 μs] (CI 99.9%), Margin = 0.055 μs (1.04% of Mean)
Skewness = 0.04, Kurtosis = 1.62, MValue = 2
-------------------- Histogram --------------------
[5.290 μs ; 5.397 μs) | @@@@@@@@@
---------------------------------------------------

NotificationFanOutBenchmarks.Publish_Mediator_100Handlers: Job-ASUFOU(IterationCount=10, LaunchCount=1, WarmupCount=3)
Runtime = .NET 9.0.7 (9.0.725.31616), X64 RyuJIT AVX2; GC = Concurrent Workstation
Mean = 5.791 μs, StdErr = 0.030 μs (0.52%), N = 10, StdDev = 0.094 μs
Min = 5.673 μs, Q1 = 5.715 μs, Median = 5.780 μs, Q3 = 5.871 μs, Max = 5.935 μs
IQR = 0.155 μs, LowerFence = 5.482 μs, UpperFence = 6.104 μs
ConfidenceInterval = [5.649 μs; 5.934 μs] (CI 99.9%), Margin = 0.143 μs (2.46% of Mean)
Skewness = 0.12, Kurtosis = 1.18, MValue = 2
-------------------- Histogram --------------------
[5.648 μs ; 5.937 μs) | @@@@@@@@@@
---------------------------------------------------

NotificationFanOutBenchmarks.Publish_MediatR_100Handlers: Job-ASUFOU(IterationCount=10, LaunchCount=1, WarmupCount=3)
Runtime = .NET 9.0.7 (9.0.725.31616), X64 RyuJIT AVX2; GC = Concurrent Workstation
Mean = 6.738 μs, StdErr = 0.018 μs (0.27%), N = 9, StdDev = 0.054 μs
Min = 6.681 μs, Q1 = 6.702 μs, Median = 6.722 μs, Q3 = 6.783 μs, Max = 6.826 μs
IQR = 0.082 μs, LowerFence = 6.579 μs, UpperFence = 6.906 μs
ConfidenceInterval = [6.647 μs; 6.829 μs] (CI 99.9%), Margin = 0.091 μs (1.35% of Mean)
Skewness = 0.46, Kurtosis = 1.42, MValue = 2
-------------------- Histogram --------------------
[6.647 μs ; 6.860 μs) | @@@@@@@@@
---------------------------------------------------

// * Summary *

BenchmarkDotNet v0.14.0, Windows 11 (10.0.26200.8875)
12th Gen Intel Core i7-12700K, 1 CPU, 20 logical and 12 physical cores
.NET SDK 9.0.202
  [Host]     : .NET 9.0.7 (9.0.725.31616), X64 RyuJIT AVX2
  Job-ASUFOU : .NET 9.0.7 (9.0.725.31616), X64 RyuJIT AVX2

IterationCount=10  LaunchCount=1  WarmupCount=3  

| Method                       | Mean        | Error      | StdDev    | Ratio | RatioSD | Rank | Gen0   | Allocated | Alloc Ratio |
|----------------------------- |------------:|-----------:|----------:|------:|--------:|-----:|-------:|----------:|------------:|
| Publish_Mediator_1Handler    |    59.18 ns |   1.151 ns |  0.761 ns |  0.67 |    0.01 |    1 | 0.0092 |     120 B |        0.79 |
| Publish_Plaxion_1Handler     |    88.34 ns |   0.418 ns |  0.277 ns |  1.00 |    0.00 |    2 | 0.0116 |     152 B |        1.00 |
| Publish_MediatR_1Handler     |   113.45 ns |   4.705 ns |  3.112 ns |  1.28 |    0.03 |    3 | 0.0268 |     352 B |        2.32 |
| Publish_Mediator_10Handlers  |   569.75 ns |  13.272 ns |  8.779 ns |  6.45 |    0.10 |    4 | 0.0916 |    1200 B |        7.89 |
| Publish_Plaxion_10Handlers   |   576.66 ns |   5.180 ns |  3.083 ns |  6.53 |    0.04 |    4 | 0.0992 |    1304 B |        8.58 |
| Publish_MediatR_10Handlers   |   700.22 ns |   9.230 ns |  5.492 ns |  7.93 |    0.06 |    4 | 0.1917 |    2512 B |       16.53 |
| Publish_Plaxion_50Handlers   | 2,725.13 ns |  35.908 ns | 21.368 ns | 30.85 |    0.25 |    5 | 0.4883 |    6424 B |       42.26 |
| Publish_Mediator_50Handlers  | 2,933.72 ns |  65.398 ns | 43.257 ns | 33.21 |    0.48 |    5 | 0.4578 |    6000 B |       39.47 |
| Publish_MediatR_50Handlers   | 3,333.72 ns |  72.024 ns | 42.860 ns | 37.74 |    0.47 |    5 | 0.9232 |   12112 B |       79.68 |
| Publish_Plaxion_100Handlers  | 5,342.80 ns |  55.310 ns | 32.914 ns | 60.48 |    0.40 |    6 | 0.9766 |   12824 B |       84.37 |
| Publish_Mediator_100Handlers | 5,791.42 ns | 142.711 ns | 94.395 ns | 65.56 |    1.04 |    6 | 0.9155 |   12000 B |       78.95 |
| Publish_MediatR_100Handlers  | 6,738.48 ns |  90.987 ns | 54.145 ns | 76.28 |    0.62 |    6 | 1.8387 |   24112 B |      158.63 |

// * Legends *
  Mean        : Arithmetic mean of all measurements
  Error       : Half of 99.9% confidence interval
  StdDev      : Standard deviation of all measurements
  Ratio       : Mean of the ratio distribution ([Current]/[Baseline])
  RatioSD     : Standard deviation of the ratio distribution ([Current]/[Baseline])
  Rank        : Relative position of current benchmark mean among all benchmarks (Arabic style)
  Gen0        : GC Generation 0 collects per 1000 operations
  Allocated   : Allocated memory per single operation (managed only, inclusive, 1KB = 1024B)
  Alloc Ratio : Allocated memory ratio distribution ([Current]/[Baseline])
  1 ns        : 1 Nanosecond (0.000000001 sec)

// * Diagnostic Output - MemoryDiagnoser *


// ***** BenchmarkRunner: End *****
Run time: 00:02:38 (158.93 sec), executed benchmarks: 12

// Found 15 benchmarks:
//   PipelineBehaviorBenchmarks.Send_Plaxion_0Behaviors: Job-ASUFOU(IterationCount=10, LaunchCount=1, WarmupCount=3)
//   PipelineBehaviorBenchmarks.Send_Plaxion_1Behavior: Job-ASUFOU(IterationCount=10, LaunchCount=1, WarmupCount=3)
//   PipelineBehaviorBenchmarks.Send_Plaxion_5Behaviors: Job-ASUFOU(IterationCount=10, LaunchCount=1, WarmupCount=3)
//   PipelineBehaviorBenchmarks.Send_Plaxion_10Behaviors: Job-ASUFOU(IterationCount=10, LaunchCount=1, WarmupCount=3)
//   PipelineBehaviorBenchmarks.Send_Plaxion_20Behaviors: Job-ASUFOU(IterationCount=10, LaunchCount=1, WarmupCount=3)
//   PipelineBehaviorBenchmarks.Send_MediatR_0Behaviors: Job-ASUFOU(IterationCount=10, LaunchCount=1, WarmupCount=3)
//   PipelineBehaviorBenchmarks.Send_MediatR_1Behavior: Job-ASUFOU(IterationCount=10, LaunchCount=1, WarmupCount=3)
//   PipelineBehaviorBenchmarks.Send_MediatR_5Behaviors: Job-ASUFOU(IterationCount=10, LaunchCount=1, WarmupCount=3)
//   PipelineBehaviorBenchmarks.Send_MediatR_10Behaviors: Job-ASUFOU(IterationCount=10, LaunchCount=1, WarmupCount=3)
//   PipelineBehaviorBenchmarks.Send_MediatR_20Behaviors: Job-ASUFOU(IterationCount=10, LaunchCount=1, WarmupCount=3)
//   PipelineBehaviorBenchmarks.Send_Mediator_0Behaviors: Job-ASUFOU(IterationCount=10, LaunchCount=1, WarmupCount=3)
//   PipelineBehaviorBenchmarks.Send_Mediator_1Behavior: Job-ASUFOU(IterationCount=10, LaunchCount=1, WarmupCount=3)
//   PipelineBehaviorBenchmarks.Send_Mediator_5Behaviors: Job-ASUFOU(IterationCount=10, LaunchCount=1, WarmupCount=3)
//   PipelineBehaviorBenchmarks.Send_Mediator_10Behaviors: Job-ASUFOU(IterationCount=10, LaunchCount=1, WarmupCount=3)
//   PipelineBehaviorBenchmarks.Send_Mediator_20Behaviors: Job-ASUFOU(IterationCount=10, LaunchCount=1, WarmupCount=3)

Setup power plan (GUID: 8c5e7fda-e8bf-4a96-9a85-a6e23a8c635c FriendlyName: High performance)
// **************************
// Benchmark: PipelineBehaviorBenchmarks.Send_Plaxion_0Behaviors: Job-ASUFOU(IterationCount=10, LaunchCount=1, WarmupCount=3)
// *** Execute ***
// Launch: 1 / 1
// Execute: dotnet 8a773897-42cb-4ccd-8a9e-ce6ce7c896af.dll --anonymousPipes 1704 1692 --benchmarkName Plaxion.BenchMarks.Comparison.PipelineBehaviorBenchmarks.Send_Plaxion_0Behaviors --job "IterationCount=10, LaunchCount=1, WarmupCount=3" --benchmarkId 24 in C:\Users\Angel\RiderProjects\PlaxionMediator\benchmarks-comparison\src\Plaxion.BenchMarks.Comparison\bin\Release\net9.0\8a773897-42cb-4ccd-8a9e-ce6ce7c896af\bin\Release\net9.0
// BeforeAnythingElse

// Benchmark Process Environment Information:
// BenchmarkDotNet v0.14.0
// Runtime=.NET 9.0.7 (9.0.725.31616), X64 RyuJIT AVX2
// GC=Concurrent Workstation
// HardwareIntrinsics=AVX2,AES,BMI1,BMI2,FMA,LZCNT,PCLMUL,POPCNT,AvxVnni,SERIALIZE VectorSize=256
// Job: Job-VJROJK(IterationCount=10, LaunchCount=1, WarmupCount=3)

OverheadJitting  1: 1 op, 186300.00 ns, 186.3000 us/op
WorkloadJitting  1: 1 op, 3954800.00 ns, 3.9548 ms/op

OverheadJitting  2: 16 op, 295500.00 ns, 18.4688 us/op
WorkloadJitting  2: 16 op, 1129300.00 ns, 70.5813 us/op

WorkloadPilot    1: 16 op, 10700.00 ns, 668.7500 ns/op
WorkloadPilot    2: 32 op, 13100.00 ns, 409.3750 ns/op
WorkloadPilot    3: 64 op, 22400.00 ns, 350.0000 ns/op
WorkloadPilot    4: 128 op, 36400.00 ns, 284.3750 ns/op
WorkloadPilot    5: 256 op, 70400.00 ns, 275.0000 ns/op
WorkloadPilot    6: 512 op, 127900.00 ns, 249.8047 ns/op
WorkloadPilot    7: 1024 op, 253800.00 ns, 247.8516 ns/op
WorkloadPilot    8: 2048 op, 493300.00 ns, 240.8691 ns/op
WorkloadPilot    9: 4096 op, 1641600.00 ns, 400.7813 ns/op
WorkloadPilot   10: 8192 op, 1998300.00 ns, 243.9331 ns/op
WorkloadPilot   11: 16384 op, 3950400.00 ns, 241.1133 ns/op
WorkloadPilot   12: 32768 op, 7996500.00 ns, 244.0338 ns/op
WorkloadPilot   13: 65536 op, 16019000.00 ns, 244.4305 ns/op
WorkloadPilot   14: 131072 op, 31206700.00 ns, 238.0882 ns/op
WorkloadPilot   15: 262144 op, 61688900.00 ns, 235.3245 ns/op
WorkloadPilot   16: 524288 op, 89095400.00 ns, 169.9360 ns/op
WorkloadPilot   17: 1048576 op, 54343000.00 ns, 51.8255 ns/op
WorkloadPilot   18: 2097152 op, 106307300.00 ns, 50.6913 ns/op
WorkloadPilot   19: 4194304 op, 214024000.00 ns, 51.0273 ns/op
WorkloadPilot   20: 8388608 op, 426072700.00 ns, 50.7918 ns/op
WorkloadPilot   21: 16777216 op, 856613400.00 ns, 51.0581 ns/op

OverheadWarmup   1: 16777216 op, 42078400.00 ns, 2.5081 ns/op
OverheadWarmup   2: 16777216 op, 41993400.00 ns, 2.5030 ns/op
OverheadWarmup   3: 16777216 op, 41597100.00 ns, 2.4794 ns/op
OverheadWarmup   4: 16777216 op, 42746700.00 ns, 2.5479 ns/op
OverheadWarmup   5: 16777216 op, 42030900.00 ns, 2.5052 ns/op
OverheadWarmup   6: 16777216 op, 41398000.00 ns, 2.4675 ns/op
OverheadWarmup   7: 16777216 op, 42333600.00 ns, 2.5233 ns/op
OverheadWarmup   8: 16777216 op, 37416400.00 ns, 2.2302 ns/op

OverheadActual   1: 16777216 op, 34647500.00 ns, 2.0652 ns/op
OverheadActual   2: 16777216 op, 34489000.00 ns, 2.0557 ns/op
OverheadActual   3: 16777216 op, 35835200.00 ns, 2.1359 ns/op
OverheadActual   4: 16777216 op, 34900600.00 ns, 2.0802 ns/op
OverheadActual   5: 16777216 op, 35476600.00 ns, 2.1146 ns/op
OverheadActual   6: 16777216 op, 34507500.00 ns, 2.0568 ns/op
OverheadActual   7: 16777216 op, 35522600.00 ns, 2.1173 ns/op
OverheadActual   8: 16777216 op, 35139800.00 ns, 2.0945 ns/op
OverheadActual   9: 16777216 op, 35843400.00 ns, 2.1364 ns/op
OverheadActual  10: 16777216 op, 34495400.00 ns, 2.0561 ns/op
OverheadActual  11: 16777216 op, 34870300.00 ns, 2.0784 ns/op
OverheadActual  12: 16777216 op, 35845300.00 ns, 2.1365 ns/op
OverheadActual  13: 16777216 op, 34933000.00 ns, 2.0822 ns/op
OverheadActual  14: 16777216 op, 35200800.00 ns, 2.0981 ns/op
OverheadActual  15: 16777216 op, 34871800.00 ns, 2.0785 ns/op

WorkloadWarmup   1: 16777216 op, 853501700.00 ns, 50.8727 ns/op
WorkloadWarmup   2: 16777216 op, 862449100.00 ns, 51.4060 ns/op
WorkloadWarmup   3: 16777216 op, 841692000.00 ns, 50.1688 ns/op

// BeforeActualRun
WorkloadActual   1: 16777216 op, 846013500.00 ns, 50.4263 ns/op
WorkloadActual   2: 16777216 op, 844067000.00 ns, 50.3103 ns/op
WorkloadActual   3: 16777216 op, 859966900.00 ns, 51.2580 ns/op
WorkloadActual   4: 16777216 op, 846193200.00 ns, 50.4370 ns/op
WorkloadActual   5: 16777216 op, 840808500.00 ns, 50.1161 ns/op
WorkloadActual   6: 16777216 op, 843478800.00 ns, 50.2753 ns/op
WorkloadActual   7: 16777216 op, 851623600.00 ns, 50.7607 ns/op
WorkloadActual   8: 16777216 op, 843509200.00 ns, 50.2771 ns/op
WorkloadActual   9: 16777216 op, 840005000.00 ns, 50.0682 ns/op
WorkloadActual  10: 16777216 op, 852223300.00 ns, 50.7965 ns/op

// AfterActualRun
WorkloadResult   1: 16777216 op, 811080500.00 ns, 48.3442 ns/op
WorkloadResult   2: 16777216 op, 809134000.00 ns, 48.2281 ns/op
WorkloadResult   3: 16777216 op, 825033900.00 ns, 49.1759 ns/op
WorkloadResult   4: 16777216 op, 811260200.00 ns, 48.3549 ns/op
WorkloadResult   5: 16777216 op, 805875500.00 ns, 48.0339 ns/op
WorkloadResult   6: 16777216 op, 808545800.00 ns, 48.1931 ns/op
WorkloadResult   7: 16777216 op, 816690600.00 ns, 48.6786 ns/op
WorkloadResult   8: 16777216 op, 808576200.00 ns, 48.1949 ns/op
WorkloadResult   9: 16777216 op, 805072000.00 ns, 47.9860 ns/op
WorkloadResult  10: 16777216 op, 817290300.00 ns, 48.7143 ns/op
// GC:  0 0 0 64 16777216
// Threading:  0 0 16777216

// AfterAll
// Benchmark Process 63800 has exited with code 0.

Mean = 48.390 ns, StdErr = 0.116 ns (0.24%), N = 10, StdDev = 0.366 ns
Min = 47.986 ns, Q1 = 48.194 ns, Median = 48.286 ns, Q3 = 48.598 ns, Max = 49.176 ns
IQR = 0.404 ns, LowerFence = 47.587 ns, UpperFence = 49.204 ns
ConfidenceInterval = [47.838 ns; 48.943 ns] (CI 99.9%), Margin = 0.553 ns (1.14% of Mean)
Skewness = 0.84, Kurtosis = 2.49, MValue = 2

// ** Remained 17 (40.5%) benchmark(s) to run. Estimated finish 2026-08-03 12:27 (0h 3m from now) **
Setup power plan (GUID: 8c5e7fda-e8bf-4a96-9a85-a6e23a8c635c FriendlyName: High performance)
// **************************
// Benchmark: PipelineBehaviorBenchmarks.Send_Plaxion_1Behavior: Job-ASUFOU(IterationCount=10, LaunchCount=1, WarmupCount=3)
// *** Execute ***
// Launch: 1 / 1
// Execute: dotnet 8a773897-42cb-4ccd-8a9e-ce6ce7c896af.dll --anonymousPipes 1664 1656 --benchmarkName Plaxion.BenchMarks.Comparison.PipelineBehaviorBenchmarks.Send_Plaxion_1Behavior --job "IterationCount=10, LaunchCount=1, WarmupCount=3" --benchmarkId 25 in C:\Users\Angel\RiderProjects\PlaxionMediator\benchmarks-comparison\src\Plaxion.BenchMarks.Comparison\bin\Release\net9.0\8a773897-42cb-4ccd-8a9e-ce6ce7c896af\bin\Release\net9.0
// BeforeAnythingElse

// Benchmark Process Environment Information:
// BenchmarkDotNet v0.14.0
// Runtime=.NET 9.0.7 (9.0.725.31616), X64 RyuJIT AVX2
// GC=Concurrent Workstation
// HardwareIntrinsics=AVX2,AES,BMI1,BMI2,FMA,LZCNT,PCLMUL,POPCNT,AvxVnni,SERIALIZE VectorSize=256
// Job: Job-DOHRYH(IterationCount=10, LaunchCount=1, WarmupCount=3)

OverheadJitting  1: 1 op, 192100.00 ns, 192.1000 us/op
WorkloadJitting  1: 1 op, 6089700.00 ns, 6.0897 ms/op

OverheadJitting  2: 16 op, 302700.00 ns, 18.9188 us/op
WorkloadJitting  2: 16 op, 999700.00 ns, 62.4813 us/op

WorkloadPilot    1: 16 op, 32200.00 ns, 2.0125 us/op
WorkloadPilot    2: 32 op, 43700.00 ns, 1.3656 us/op
WorkloadPilot    3: 64 op, 59700.00 ns, 932.8125 ns/op
WorkloadPilot    4: 128 op, 105100.00 ns, 821.0938 ns/op
WorkloadPilot    5: 256 op, 209100.00 ns, 816.7969 ns/op
WorkloadPilot    6: 512 op, 458600.00 ns, 895.7031 ns/op
WorkloadPilot    7: 1024 op, 1328200.00 ns, 1.2971 us/op
WorkloadPilot    8: 2048 op, 1548500.00 ns, 756.1035 ns/op
WorkloadPilot    9: 4096 op, 3260800.00 ns, 796.0938 ns/op
WorkloadPilot   10: 8192 op, 6205400.00 ns, 757.4951 ns/op
WorkloadPilot   11: 16384 op, 12415700.00 ns, 757.7942 ns/op
WorkloadPilot   12: 32768 op, 24453900.00 ns, 746.2738 ns/op
WorkloadPilot   13: 65536 op, 42738500.00 ns, 652.1378 ns/op
WorkloadPilot   14: 131072 op, 81465300.00 ns, 621.5309 ns/op
WorkloadPilot   15: 262144 op, 173040500.00 ns, 660.0971 ns/op
WorkloadPilot   16: 524288 op, 87435200.00 ns, 166.7694 ns/op
WorkloadPilot   17: 1048576 op, 179475900.00 ns, 171.1616 ns/op
WorkloadPilot   18: 2097152 op, 360647600.00 ns, 171.9702 ns/op
WorkloadPilot   19: 4194304 op, 709333600.00 ns, 169.1183 ns/op

OverheadWarmup   1: 4194304 op, 10661200.00 ns, 2.5418 ns/op
OverheadWarmup   2: 4194304 op, 10820600.00 ns, 2.5798 ns/op
OverheadWarmup   3: 4194304 op, 10719000.00 ns, 2.5556 ns/op
OverheadWarmup   4: 4194304 op, 10853400.00 ns, 2.5877 ns/op
OverheadWarmup   5: 4194304 op, 10671000.00 ns, 2.5442 ns/op

OverheadActual   1: 4194304 op, 10925800.00 ns, 2.6049 ns/op
OverheadActual   2: 4194304 op, 10557900.00 ns, 2.5172 ns/op
OverheadActual   3: 4194304 op, 10387600.00 ns, 2.4766 ns/op
OverheadActual   4: 4194304 op, 10368700.00 ns, 2.4721 ns/op
OverheadActual   5: 4194304 op, 10524400.00 ns, 2.5092 ns/op
OverheadActual   6: 4194304 op, 10456200.00 ns, 2.4930 ns/op
OverheadActual   7: 4194304 op, 10552800.00 ns, 2.5160 ns/op
OverheadActual   8: 4194304 op, 10859500.00 ns, 2.5891 ns/op
OverheadActual   9: 4194304 op, 10664900.00 ns, 2.5427 ns/op
OverheadActual  10: 4194304 op, 10721000.00 ns, 2.5561 ns/op
OverheadActual  11: 4194304 op, 10741700.00 ns, 2.5610 ns/op
OverheadActual  12: 4194304 op, 10632400.00 ns, 2.5350 ns/op
OverheadActual  13: 4194304 op, 10815500.00 ns, 2.5786 ns/op
OverheadActual  14: 4194304 op, 10781000.00 ns, 2.5704 ns/op
OverheadActual  15: 4194304 op, 10632400.00 ns, 2.5350 ns/op

WorkloadWarmup   1: 4194304 op, 726773700.00 ns, 173.2764 ns/op
WorkloadWarmup   2: 4194304 op, 702060100.00 ns, 167.3842 ns/op
WorkloadWarmup   3: 4194304 op, 704603200.00 ns, 167.9905 ns/op

// BeforeActualRun
WorkloadActual   1: 4194304 op, 718399600.00 ns, 171.2798 ns/op
WorkloadActual   2: 4194304 op, 707982400.00 ns, 168.7962 ns/op
WorkloadActual   3: 4194304 op, 719077000.00 ns, 171.4413 ns/op
WorkloadActual   4: 4194304 op, 711811800.00 ns, 169.7092 ns/op
WorkloadActual   5: 4194304 op, 714361900.00 ns, 170.3171 ns/op
WorkloadActual   6: 4194304 op, 708973300.00 ns, 169.0324 ns/op
WorkloadActual   7: 4194304 op, 734546500.00 ns, 175.1295 ns/op
WorkloadActual   8: 4194304 op, 708318000.00 ns, 168.8762 ns/op
WorkloadActual   9: 4194304 op, 711943400.00 ns, 169.7405 ns/op
WorkloadActual  10: 4194304 op, 720903800.00 ns, 171.8769 ns/op

// AfterActualRun
WorkloadResult   1: 4194304 op, 707767200.00 ns, 168.7449 ns/op
WorkloadResult   2: 4194304 op, 697350000.00 ns, 166.2612 ns/op
WorkloadResult   3: 4194304 op, 708444600.00 ns, 168.9064 ns/op
WorkloadResult   4: 4194304 op, 701179400.00 ns, 167.1742 ns/op
WorkloadResult   5: 4194304 op, 703729500.00 ns, 167.7822 ns/op
WorkloadResult   6: 4194304 op, 698340900.00 ns, 166.4974 ns/op
WorkloadResult   7: 4194304 op, 697685600.00 ns, 166.3412 ns/op
WorkloadResult   8: 4194304 op, 701311000.00 ns, 167.2056 ns/op
WorkloadResult   9: 4194304 op, 710271400.00 ns, 169.3419 ns/op
// GC:  138 0 0 1811939392 4194304
// Threading:  0 0 4194304

// AfterAll
// Benchmark Process 39884 has exited with code 0.

Mean = 167.584 ns, StdErr = 0.391 ns (0.23%), N = 9, StdDev = 1.173 ns
Min = 166.261 ns, Q1 = 166.497 ns, Median = 167.206 ns, Q3 = 168.745 ns, Max = 169.342 ns
IQR = 2.247 ns, LowerFence = 163.126 ns, UpperFence = 172.116 ns
ConfidenceInterval = [165.612 ns; 169.555 ns] (CI 99.9%), Margin = 1.972 ns (1.18% of Mean)
Skewness = 0.25, Kurtosis = 1.25, MValue = 2

// ** Remained 16 (38.1%) benchmark(s) to run. Estimated finish 2026-08-03 12:27 (0h 3m from now) **
Setup power plan (GUID: 8c5e7fda-e8bf-4a96-9a85-a6e23a8c635c FriendlyName: High performance)
// **************************
// Benchmark: PipelineBehaviorBenchmarks.Send_Plaxion_5Behaviors: Job-ASUFOU(IterationCount=10, LaunchCount=1, WarmupCount=3)
// *** Execute ***
// Launch: 1 / 1
// Execute: dotnet 8a773897-42cb-4ccd-8a9e-ce6ce7c896af.dll --anonymousPipes 1496 1568 --benchmarkName Plaxion.BenchMarks.Comparison.PipelineBehaviorBenchmarks.Send_Plaxion_5Behaviors --job "IterationCount=10, LaunchCount=1, WarmupCount=3" --benchmarkId 26 in C:\Users\Angel\RiderProjects\PlaxionMediator\benchmarks-comparison\src\Plaxion.BenchMarks.Comparison\bin\Release\net9.0\8a773897-42cb-4ccd-8a9e-ce6ce7c896af\bin\Release\net9.0
// BeforeAnythingElse

// Benchmark Process Environment Information:
// BenchmarkDotNet v0.14.0
// Runtime=.NET 9.0.7 (9.0.725.31616), X64 RyuJIT AVX2
// GC=Concurrent Workstation
// HardwareIntrinsics=AVX2,AES,BMI1,BMI2,FMA,LZCNT,PCLMUL,POPCNT,AvxVnni,SERIALIZE VectorSize=256
// Job: Job-FTADNT(IterationCount=10, LaunchCount=1, WarmupCount=3)

OverheadJitting  1: 1 op, 202400.00 ns, 202.4000 us/op
WorkloadJitting  1: 1 op, 8219000.00 ns, 8.2190 ms/op

OverheadJitting  2: 16 op, 334000.00 ns, 20.8750 us/op
WorkloadJitting  2: 16 op, 895900.00 ns, 55.9938 us/op

WorkloadPilot    1: 16 op, 65900.00 ns, 4.1188 us/op
WorkloadPilot    2: 32 op, 93300.00 ns, 2.9156 us/op
WorkloadPilot    3: 64 op, 164500.00 ns, 2.5703 us/op
WorkloadPilot    4: 128 op, 276400.00 ns, 2.1594 us/op
WorkloadPilot    5: 256 op, 625800.00 ns, 2.4445 us/op
WorkloadPilot    6: 512 op, 2017500.00 ns, 3.9404 us/op
WorkloadPilot    7: 1024 op, 2389700.00 ns, 2.3337 us/op
WorkloadPilot    8: 2048 op, 4891100.00 ns, 2.3882 us/op
WorkloadPilot    9: 4096 op, 9401200.00 ns, 2.2952 us/op
WorkloadPilot   10: 8192 op, 18463300.00 ns, 2.2538 us/op
WorkloadPilot   11: 16384 op, 32492400.00 ns, 1.9832 us/op
WorkloadPilot   12: 32768 op, 62100100.00 ns, 1.8951 us/op
WorkloadPilot   13: 65536 op, 138146500.00 ns, 2.1079 us/op
WorkloadPilot   14: 131072 op, 117898400.00 ns, 899.4934 ns/op
WorkloadPilot   15: 262144 op, 146977400.00 ns, 560.6743 ns/op
WorkloadPilot   16: 524288 op, 287261600.00 ns, 547.9080 ns/op
WorkloadPilot   17: 1048576 op, 578330700.00 ns, 551.5391 ns/op

OverheadWarmup   1: 1048576 op, 2894200.00 ns, 2.7601 ns/op
OverheadWarmup   2: 1048576 op, 2830500.00 ns, 2.6994 ns/op
OverheadWarmup   3: 1048576 op, 2698500.00 ns, 2.5735 ns/op
OverheadWarmup   4: 1048576 op, 2674700.00 ns, 2.5508 ns/op
OverheadWarmup   5: 1048576 op, 2684900.00 ns, 2.5605 ns/op
OverheadWarmup   6: 1048576 op, 2644600.00 ns, 2.5221 ns/op
OverheadWarmup   7: 1048576 op, 2569700.00 ns, 2.4507 ns/op
OverheadWarmup   8: 1048576 op, 2668300.00 ns, 2.5447 ns/op
OverheadWarmup   9: 1048576 op, 2698400.00 ns, 2.5734 ns/op
OverheadWarmup  10: 1048576 op, 2700800.00 ns, 2.5757 ns/op

OverheadActual   1: 1048576 op, 2715300.00 ns, 2.5895 ns/op
OverheadActual   2: 1048576 op, 2747400.00 ns, 2.6201 ns/op
OverheadActual   3: 1048576 op, 2697300.00 ns, 2.5723 ns/op
OverheadActual   4: 1048576 op, 2639500.00 ns, 2.5172 ns/op
OverheadActual   5: 1048576 op, 2623400.00 ns, 2.5019 ns/op
OverheadActual   6: 1048576 op, 2689300.00 ns, 2.5647 ns/op
OverheadActual   7: 1048576 op, 2888300.00 ns, 2.7545 ns/op
OverheadActual   8: 1048576 op, 2828200.00 ns, 2.6972 ns/op
OverheadActual   9: 1048576 op, 2804600.00 ns, 2.6747 ns/op
OverheadActual  10: 1048576 op, 2808700.00 ns, 2.6786 ns/op
OverheadActual  11: 1048576 op, 2888500.00 ns, 2.7547 ns/op
OverheadActual  12: 1048576 op, 2741700.00 ns, 2.6147 ns/op
OverheadActual  13: 1048576 op, 2613800.00 ns, 2.4927 ns/op
OverheadActual  14: 1048576 op, 2626300.00 ns, 2.5046 ns/op
OverheadActual  15: 1048576 op, 2783600.00 ns, 2.6546 ns/op

WorkloadWarmup   1: 1048576 op, 577209800.00 ns, 550.4702 ns/op
WorkloadWarmup   2: 1048576 op, 585115100.00 ns, 558.0092 ns/op
WorkloadWarmup   3: 1048576 op, 592009000.00 ns, 564.5838 ns/op

// BeforeActualRun
WorkloadActual   1: 1048576 op, 584996000.00 ns, 557.8957 ns/op
WorkloadActual   2: 1048576 op, 586606600.00 ns, 559.4316 ns/op
WorkloadActual   3: 1048576 op, 587282200.00 ns, 560.0760 ns/op
WorkloadActual   4: 1048576 op, 571715900.00 ns, 545.2308 ns/op
WorkloadActual   5: 1048576 op, 583170500.00 ns, 556.1547 ns/op
WorkloadActual   6: 1048576 op, 586560500.00 ns, 559.3877 ns/op
WorkloadActual   7: 1048576 op, 613709500.00 ns, 585.2790 ns/op
WorkloadActual   8: 1048576 op, 564700500.00 ns, 538.5404 ns/op
WorkloadActual   9: 1048576 op, 567671500.00 ns, 541.3737 ns/op
WorkloadActual  10: 1048576 op, 562184800.00 ns, 536.1412 ns/op

// AfterActualRun
WorkloadResult   1: 1048576 op, 582254300.00 ns, 555.2810 ns/op
WorkloadResult   2: 1048576 op, 583864900.00 ns, 556.8170 ns/op
WorkloadResult   3: 1048576 op, 584540500.00 ns, 557.4613 ns/op
WorkloadResult   4: 1048576 op, 568974200.00 ns, 542.6161 ns/op
WorkloadResult   5: 1048576 op, 580428800.00 ns, 553.5400 ns/op
WorkloadResult   6: 1048576 op, 583818800.00 ns, 556.7730 ns/op
WorkloadResult   7: 1048576 op, 561958800.00 ns, 535.9257 ns/op
WorkloadResult   8: 1048576 op, 564929800.00 ns, 538.7590 ns/op
WorkloadResult   9: 1048576 op, 559443100.00 ns, 533.5265 ns/op
// GC:  111 0 0 1459618144 1048576
// Threading:  0 0 1048576

// AfterAll
// Benchmark Process 67440 has exited with code 0.

Mean = 547.856 ns, StdErr = 3.328 ns (0.61%), N = 9, StdDev = 9.984 ns
Min = 533.527 ns, Q1 = 538.759 ns, Median = 553.540 ns, Q3 = 556.773 ns, Max = 557.461 ns
IQR = 18.014 ns, LowerFence = 511.738 ns, UpperFence = 583.794 ns
ConfidenceInterval = [531.079 ns; 564.632 ns] (CI 99.9%), Margin = 16.777 ns (3.06% of Mean)
Skewness = -0.29, Kurtosis = 1.07, MValue = 2

// ** Remained 15 (35.7%) benchmark(s) to run. Estimated finish 2026-08-03 12:27 (0h 2m from now) **
Setup power plan (GUID: 8c5e7fda-e8bf-4a96-9a85-a6e23a8c635c FriendlyName: High performance)
// **************************
// Benchmark: PipelineBehaviorBenchmarks.Send_Plaxion_10Behaviors: Job-ASUFOU(IterationCount=10, LaunchCount=1, WarmupCount=3)
// *** Execute ***
// Launch: 1 / 1
// Execute: dotnet 8a773897-42cb-4ccd-8a9e-ce6ce7c896af.dll --anonymousPipes 1256 1696 --benchmarkName Plaxion.BenchMarks.Comparison.PipelineBehaviorBenchmarks.Send_Plaxion_10Behaviors --job "IterationCount=10, LaunchCount=1, WarmupCount=3" --benchmarkId 27 in C:\Users\Angel\RiderProjects\PlaxionMediator\benchmarks-comparison\src\Plaxion.BenchMarks.Comparison\bin\Release\net9.0\8a773897-42cb-4ccd-8a9e-ce6ce7c896af\bin\Release\net9.0
// BeforeAnythingElse

// Benchmark Process Environment Information:
// BenchmarkDotNet v0.14.0
// Runtime=.NET 9.0.7 (9.0.725.31616), X64 RyuJIT AVX2
// GC=Concurrent Workstation
// HardwareIntrinsics=AVX2,AES,BMI1,BMI2,FMA,LZCNT,PCLMUL,POPCNT,AvxVnni,SERIALIZE VectorSize=256
// Job: Job-HGDGBS(IterationCount=10, LaunchCount=1, WarmupCount=3)

OverheadJitting  1: 1 op, 180800.00 ns, 180.8000 us/op
WorkloadJitting  1: 1 op, 10296800.00 ns, 10.2968 ms/op

OverheadJitting  2: 16 op, 316600.00 ns, 19.7875 us/op
WorkloadJitting  2: 16 op, 1037800.00 ns, 64.8625 us/op

WorkloadPilot    1: 16 op, 89400.00 ns, 5.5875 us/op
WorkloadPilot    2: 32 op, 295200.00 ns, 9.2250 us/op
WorkloadPilot    3: 64 op, 308400.00 ns, 4.8188 us/op
WorkloadPilot    4: 128 op, 600800.00 ns, 4.6938 us/op
WorkloadPilot    5: 256 op, 1917500.00 ns, 7.4902 us/op
WorkloadPilot    6: 512 op, 2419000.00 ns, 4.7246 us/op
WorkloadPilot    7: 1024 op, 4626300.00 ns, 4.5179 us/op
WorkloadPilot    8: 2048 op, 8770500.00 ns, 4.2825 us/op
WorkloadPilot    9: 4096 op, 17711900.00 ns, 4.3242 us/op
WorkloadPilot   10: 8192 op, 32248300.00 ns, 3.9366 us/op
WorkloadPilot   11: 16384 op, 56897700.00 ns, 3.4728 us/op
WorkloadPilot   12: 32768 op, 128564600.00 ns, 3.9235 us/op
WorkloadPilot   13: 65536 op, 115302400.00 ns, 1.7594 us/op
WorkloadPilot   14: 131072 op, 129344900.00 ns, 986.8233 ns/op
WorkloadPilot   15: 262144 op, 242889800.00 ns, 926.5511 ns/op
WorkloadPilot   16: 524288 op, 486058100.00 ns, 927.0823 ns/op
WorkloadPilot   17: 1048576 op, 997985700.00 ns, 951.7533 ns/op

OverheadWarmup   1: 1048576 op, 2643400.00 ns, 2.5209 ns/op
OverheadWarmup   2: 1048576 op, 2605100.00 ns, 2.4844 ns/op
OverheadWarmup   3: 1048576 op, 2677600.00 ns, 2.5536 ns/op
OverheadWarmup   4: 1048576 op, 2820200.00 ns, 2.6896 ns/op
OverheadWarmup   5: 1048576 op, 2741700.00 ns, 2.6147 ns/op
OverheadWarmup   6: 1048576 op, 2832100.00 ns, 2.7009 ns/op
OverheadWarmup   7: 1048576 op, 3008600.00 ns, 2.8692 ns/op
OverheadWarmup   8: 1048576 op, 2825700.00 ns, 2.6948 ns/op

OverheadActual   1: 1048576 op, 3103100.00 ns, 2.9593 ns/op
OverheadActual   2: 1048576 op, 2858100.00 ns, 2.7257 ns/op
OverheadActual   3: 1048576 op, 3367400.00 ns, 3.2114 ns/op
OverheadActual   4: 1048576 op, 2845500.00 ns, 2.7137 ns/op
OverheadActual   5: 1048576 op, 2909000.00 ns, 2.7742 ns/op
OverheadActual   6: 1048576 op, 2909900.00 ns, 2.7751 ns/op
OverheadActual   7: 1048576 op, 2827600.00 ns, 2.6966 ns/op
OverheadActual   8: 1048576 op, 2796400.00 ns, 2.6669 ns/op
OverheadActual   9: 1048576 op, 2870400.00 ns, 2.7374 ns/op
OverheadActual  10: 1048576 op, 2823800.00 ns, 2.6930 ns/op
OverheadActual  11: 1048576 op, 2659700.00 ns, 2.5365 ns/op
OverheadActual  12: 1048576 op, 2691000.00 ns, 2.5663 ns/op
OverheadActual  13: 1048576 op, 2757100.00 ns, 2.6294 ns/op
OverheadActual  14: 1048576 op, 2691700.00 ns, 2.5670 ns/op
OverheadActual  15: 1048576 op, 2969800.00 ns, 2.8322 ns/op

WorkloadWarmup   1: 1048576 op, 980797200.00 ns, 935.3611 ns/op
WorkloadWarmup   2: 1048576 op, 998384600.00 ns, 952.1338 ns/op
WorkloadWarmup   3: 1048576 op, 978954600.00 ns, 933.6039 ns/op

// BeforeActualRun
WorkloadActual   1: 1048576 op, 993093700.00 ns, 947.0880 ns/op
WorkloadActual   2: 1048576 op, 984520200.00 ns, 938.9116 ns/op
WorkloadActual   3: 1048576 op, 1017025800.00 ns, 969.9114 ns/op
WorkloadActual   4: 1048576 op, 987769100.00 ns, 942.0100 ns/op
WorkloadActual   5: 1048576 op, 1002122200.00 ns, 955.6982 ns/op
WorkloadActual   6: 1048576 op, 1000347500.00 ns, 954.0057 ns/op
WorkloadActual   7: 1048576 op, 988644300.00 ns, 942.8447 ns/op
WorkloadActual   8: 1048576 op, 995129100.00 ns, 949.0291 ns/op
WorkloadActual   9: 1048576 op, 995916600.00 ns, 949.7801 ns/op
WorkloadActual  10: 1048576 op, 1004599000.00 ns, 958.0603 ns/op

// AfterActualRun
WorkloadResult   1: 1048576 op, 990248200.00 ns, 944.3743 ns/op
WorkloadResult   2: 1048576 op, 981674700.00 ns, 936.1979 ns/op
WorkloadResult   3: 1048576 op, 1014180300.00 ns, 967.1977 ns/op
WorkloadResult   4: 1048576 op, 984923600.00 ns, 939.2963 ns/op
WorkloadResult   5: 1048576 op, 999276700.00 ns, 952.9845 ns/op
WorkloadResult   6: 1048576 op, 997502000.00 ns, 951.2920 ns/op
WorkloadResult   7: 1048576 op, 985798800.00 ns, 940.1310 ns/op
WorkloadResult   8: 1048576 op, 992283600.00 ns, 946.3154 ns/op
WorkloadResult   9: 1048576 op, 993071100.00 ns, 947.0664 ns/op
WorkloadResult  10: 1048576 op, 1001753500.00 ns, 955.3466 ns/op
// GC:  207 0 0 2717909392 1048576
// Threading:  0 0 1048576

// AfterAll
// Benchmark Process 51552 has exited with code 0.

Mean = 948.020 ns, StdErr = 2.891 ns (0.30%), N = 10, StdDev = 9.141 ns
Min = 936.198 ns, Q1 = 941.192 ns, Median = 946.691 ns, Q3 = 952.561 ns, Max = 967.198 ns
IQR = 11.370 ns, LowerFence = 924.137 ns, UpperFence = 969.616 ns
ConfidenceInterval = [934.200 ns; 961.840 ns] (CI 99.9%), Margin = 13.820 ns (1.46% of Mean)
Skewness = 0.62, Kurtosis = 2.41, MValue = 2

// ** Remained 14 (33.3%) benchmark(s) to run. Estimated finish 2026-08-03 12:27 (0h 2m from now) **
Setup power plan (GUID: 8c5e7fda-e8bf-4a96-9a85-a6e23a8c635c FriendlyName: High performance)
// **************************
// Benchmark: PipelineBehaviorBenchmarks.Send_Plaxion_20Behaviors: Job-ASUFOU(IterationCount=10, LaunchCount=1, WarmupCount=3)
// *** Execute ***
// Launch: 1 / 1
// Execute: dotnet 8a773897-42cb-4ccd-8a9e-ce6ce7c896af.dll --anonymousPipes 1692 1744 --benchmarkName Plaxion.BenchMarks.Comparison.PipelineBehaviorBenchmarks.Send_Plaxion_20Behaviors --job "IterationCount=10, LaunchCount=1, WarmupCount=3" --benchmarkId 28 in C:\Users\Angel\RiderProjects\PlaxionMediator\benchmarks-comparison\src\Plaxion.BenchMarks.Comparison\bin\Release\net9.0\8a773897-42cb-4ccd-8a9e-ce6ce7c896af\bin\Release\net9.0
// BeforeAnythingElse

// Benchmark Process Environment Information:
// BenchmarkDotNet v0.14.0
// Runtime=.NET 9.0.7 (9.0.725.31616), X64 RyuJIT AVX2
// GC=Concurrent Workstation
// HardwareIntrinsics=AVX2,AES,BMI1,BMI2,FMA,LZCNT,PCLMUL,POPCNT,AvxVnni,SERIALIZE VectorSize=256
// Job: Job-JANMQW(IterationCount=10, LaunchCount=1, WarmupCount=3)

OverheadJitting  1: 1 op, 167200.00 ns, 167.2000 us/op
WorkloadJitting  1: 1 op, 14963700.00 ns, 14.9637 ms/op

OverheadJitting  2: 16 op, 304400.00 ns, 19.0250 us/op
WorkloadJitting  2: 16 op, 954500.00 ns, 59.6563 us/op

WorkloadPilot    1: 16 op, 160700.00 ns, 10.0438 us/op
WorkloadPilot    2: 32 op, 289300.00 ns, 9.0406 us/op
WorkloadPilot    3: 64 op, 561400.00 ns, 8.7719 us/op
WorkloadPilot    4: 128 op, 1642100.00 ns, 12.8289 us/op
WorkloadPilot    5: 256 op, 2110700.00 ns, 8.2449 us/op
WorkloadPilot    6: 512 op, 4339700.00 ns, 8.4760 us/op
WorkloadPilot    7: 1024 op, 8353000.00 ns, 8.1572 us/op
WorkloadPilot    8: 2048 op, 16857500.00 ns, 8.2312 us/op
WorkloadPilot    9: 4096 op, 29416100.00 ns, 7.1817 us/op
WorkloadPilot   10: 8192 op, 58124000.00 ns, 7.0952 us/op
WorkloadPilot   11: 16384 op, 125257200.00 ns, 7.6451 us/op
WorkloadPilot   12: 32768 op, 128561100.00 ns, 3.9234 us/op
WorkloadPilot   13: 65536 op, 131229100.00 ns, 2.0024 us/op
WorkloadPilot   14: 131072 op, 263301000.00 ns, 2.0088 us/op
WorkloadPilot   15: 262144 op, 537790500.00 ns, 2.0515 us/op

OverheadWarmup   1: 262144 op, 672500.00 ns, 2.5654 ns/op
OverheadWarmup   2: 262144 op, 661700.00 ns, 2.5242 ns/op
OverheadWarmup   3: 262144 op, 675000.00 ns, 2.5749 ns/op
OverheadWarmup   4: 262144 op, 680000.00 ns, 2.5940 ns/op
OverheadWarmup   5: 262144 op, 727700.00 ns, 2.7760 ns/op
OverheadWarmup   6: 262144 op, 675000.00 ns, 2.5749 ns/op
OverheadWarmup   7: 262144 op, 702200.00 ns, 2.6787 ns/op
OverheadWarmup   8: 262144 op, 668100.00 ns, 2.5486 ns/op

OverheadActual   1: 262144 op, 691000.00 ns, 2.6360 ns/op
OverheadActual   2: 262144 op, 682300.00 ns, 2.6028 ns/op
OverheadActual   3: 262144 op, 678700.00 ns, 2.5890 ns/op
OverheadActual   4: 262144 op, 663100.00 ns, 2.5295 ns/op
OverheadActual   5: 262144 op, 690700.00 ns, 2.6348 ns/op
OverheadActual   6: 262144 op, 669800.00 ns, 2.5551 ns/op
OverheadActual   7: 262144 op, 824500.00 ns, 3.1452 ns/op
OverheadActual   8: 262144 op, 710800.00 ns, 2.7115 ns/op
OverheadActual   9: 262144 op, 661500.00 ns, 2.5234 ns/op
OverheadActual  10: 262144 op, 682200.00 ns, 2.6024 ns/op
OverheadActual  11: 262144 op, 716100.00 ns, 2.7317 ns/op
OverheadActual  12: 262144 op, 815300.00 ns, 3.1101 ns/op
OverheadActual  13: 262144 op, 670000.00 ns, 2.5558 ns/op
OverheadActual  14: 262144 op, 722700.00 ns, 2.7569 ns/op
OverheadActual  15: 262144 op, 671400.00 ns, 2.5612 ns/op

WorkloadWarmup   1: 262144 op, 556017500.00 ns, 2.1210 us/op
WorkloadWarmup   2: 262144 op, 534752200.00 ns, 2.0399 us/op
WorkloadWarmup   3: 262144 op, 520559700.00 ns, 1.9858 us/op

// BeforeActualRun
WorkloadActual   1: 262144 op, 530632600.00 ns, 2.0242 us/op
WorkloadActual   2: 262144 op, 530534800.00 ns, 2.0238 us/op
WorkloadActual   3: 262144 op, 527624600.00 ns, 2.0127 us/op
WorkloadActual   4: 262144 op, 522240100.00 ns, 1.9922 us/op
WorkloadActual   5: 262144 op, 530404200.00 ns, 2.0233 us/op
WorkloadActual   6: 262144 op, 534312200.00 ns, 2.0382 us/op
WorkloadActual   7: 262144 op, 532819100.00 ns, 2.0325 us/op
WorkloadActual   8: 262144 op, 524165900.00 ns, 1.9995 us/op
WorkloadActual   9: 262144 op, 529005600.00 ns, 2.0180 us/op
WorkloadActual  10: 262144 op, 577522500.00 ns, 2.2031 us/op

// AfterActualRun
WorkloadResult   1: 262144 op, 529950300.00 ns, 2.0216 us/op
WorkloadResult   2: 262144 op, 529852500.00 ns, 2.0212 us/op
WorkloadResult   3: 262144 op, 526942300.00 ns, 2.0101 us/op
WorkloadResult   4: 262144 op, 521557800.00 ns, 1.9896 us/op
WorkloadResult   5: 262144 op, 529721900.00 ns, 2.0207 us/op
WorkloadResult   6: 262144 op, 533629900.00 ns, 2.0356 us/op
WorkloadResult   7: 262144 op, 532136800.00 ns, 2.0299 us/op
WorkloadResult   8: 262144 op, 523483600.00 ns, 1.9969 us/op
WorkloadResult   9: 262144 op, 528323300.00 ns, 2.0154 us/op
// GC:  100 0 0 1308623584 262144
// Threading:  0 0 262144

// AfterAll
// Benchmark Process 48840 has exited with code 0.

Mean = 2.016 μs, StdErr = 0.005 μs (0.25%), N = 9, StdDev = 0.015 μs
Min = 1.990 μs, Q1 = 2.010 μs, Median = 2.021 μs, Q3 = 2.022 μs, Max = 2.036 μs
IQR = 0.011 μs, LowerFence = 1.993 μs, UpperFence = 2.039 μs
ConfidenceInterval = [1.991 μs; 2.041 μs] (CI 99.9%), Margin = 0.025 μs (1.24% of Mean)
Skewness = -0.45, Kurtosis = 1.82, MValue = 2

// ** Remained 13 (31.0%) benchmark(s) to run. Estimated finish 2026-08-03 12:27 (0h 2m from now) **
Setup power plan (GUID: 8c5e7fda-e8bf-4a96-9a85-a6e23a8c635c FriendlyName: High performance)
// **************************
// Benchmark: PipelineBehaviorBenchmarks.Send_MediatR_0Behaviors: Job-ASUFOU(IterationCount=10, LaunchCount=1, WarmupCount=3)
// *** Execute ***
// Launch: 1 / 1
// Execute: dotnet 8a773897-42cb-4ccd-8a9e-ce6ce7c896af.dll --anonymousPipes 1740 1496 --benchmarkName Plaxion.BenchMarks.Comparison.PipelineBehaviorBenchmarks.Send_MediatR_0Behaviors --job "IterationCount=10, LaunchCount=1, WarmupCount=3" --benchmarkId 29 in C:\Users\Angel\RiderProjects\PlaxionMediator\benchmarks-comparison\src\Plaxion.BenchMarks.Comparison\bin\Release\net9.0\8a773897-42cb-4ccd-8a9e-ce6ce7c896af\bin\Release\net9.0
// BeforeAnythingElse

// Benchmark Process Environment Information:
// BenchmarkDotNet v0.14.0
// Runtime=.NET 9.0.7 (9.0.725.31616), X64 RyuJIT AVX2
// GC=Concurrent Workstation
// HardwareIntrinsics=AVX2,AES,BMI1,BMI2,FMA,LZCNT,PCLMUL,POPCNT,AvxVnni,SERIALIZE VectorSize=256
// Job: Job-MNCQKC(IterationCount=10, LaunchCount=1, WarmupCount=3)

OverheadJitting  1: 1 op, 173000.00 ns, 173.0000 us/op
WorkloadJitting  1: 1 op, 2370100.00 ns, 2.3701 ms/op

OverheadJitting  2: 16 op, 286200.00 ns, 17.8875 us/op
WorkloadJitting  2: 16 op, 842600.00 ns, 52.6625 us/op

WorkloadPilot    1: 16 op, 18300.00 ns, 1.1438 us/op
WorkloadPilot    2: 32 op, 31100.00 ns, 971.8750 ns/op
WorkloadPilot    3: 64 op, 36000.00 ns, 562.5000 ns/op
WorkloadPilot    4: 128 op, 55200.00 ns, 431.2500 ns/op
WorkloadPilot    5: 256 op, 162700.00 ns, 635.5469 ns/op
WorkloadPilot    6: 512 op, 149100.00 ns, 291.2109 ns/op
WorkloadPilot    7: 1024 op, 254200.00 ns, 248.2422 ns/op
WorkloadPilot    8: 2048 op, 504600.00 ns, 246.3867 ns/op
WorkloadPilot    9: 4096 op, 1031900.00 ns, 251.9287 ns/op
WorkloadPilot   10: 8192 op, 2119200.00 ns, 258.6914 ns/op
WorkloadPilot   11: 16384 op, 4184100.00 ns, 255.3772 ns/op
WorkloadPilot   12: 32768 op, 8924300.00 ns, 272.3480 ns/op
WorkloadPilot   13: 65536 op, 15868700.00 ns, 242.1371 ns/op
WorkloadPilot   14: 131072 op, 28720600.00 ns, 219.1208 ns/op
WorkloadPilot   15: 262144 op, 55924900.00 ns, 213.3366 ns/op
WorkloadPilot   16: 524288 op, 91977300.00 ns, 175.4328 ns/op
WorkloadPilot   17: 1048576 op, 57771000.00 ns, 55.0947 ns/op
WorkloadPilot   18: 2097152 op, 111982300.00 ns, 53.3973 ns/op
WorkloadPilot   19: 4194304 op, 227984000.00 ns, 54.3556 ns/op
WorkloadPilot   20: 8388608 op, 453645300.00 ns, 54.0787 ns/op
WorkloadPilot   21: 16777216 op, 903829000.00 ns, 53.8724 ns/op

OverheadWarmup   1: 16777216 op, 42081700.00 ns, 2.5083 ns/op
OverheadWarmup   2: 16777216 op, 42230800.00 ns, 2.5172 ns/op
OverheadWarmup   3: 16777216 op, 41375500.00 ns, 2.4662 ns/op
OverheadWarmup   4: 16777216 op, 40890100.00 ns, 2.4372 ns/op
OverheadWarmup   5: 16777216 op, 41621300.00 ns, 2.4808 ns/op
OverheadWarmup   6: 16777216 op, 41834200.00 ns, 2.4935 ns/op
OverheadWarmup   7: 16777216 op, 42203500.00 ns, 2.5155 ns/op
OverheadWarmup   8: 16777216 op, 38972500.00 ns, 2.3229 ns/op

OverheadActual   1: 16777216 op, 34940600.00 ns, 2.0826 ns/op
OverheadActual   2: 16777216 op, 34403100.00 ns, 2.0506 ns/op
OverheadActual   3: 16777216 op, 34725000.00 ns, 2.0698 ns/op
OverheadActual   4: 16777216 op, 35105900.00 ns, 2.0925 ns/op
OverheadActual   5: 16777216 op, 35834100.00 ns, 2.1359 ns/op
OverheadActual   6: 16777216 op, 34535500.00 ns, 2.0585 ns/op
OverheadActual   7: 16777216 op, 34737100.00 ns, 2.0705 ns/op
OverheadActual   8: 16777216 op, 34201100.00 ns, 2.0385 ns/op
OverheadActual   9: 16777216 op, 35020000.00 ns, 2.0874 ns/op
OverheadActual  10: 16777216 op, 34501600.00 ns, 2.0565 ns/op
OverheadActual  11: 16777216 op, 34774700.00 ns, 2.0727 ns/op
OverheadActual  12: 16777216 op, 36055800.00 ns, 2.1491 ns/op
OverheadActual  13: 16777216 op, 34916100.00 ns, 2.0812 ns/op
OverheadActual  14: 16777216 op, 34694400.00 ns, 2.0679 ns/op
OverheadActual  15: 16777216 op, 35021400.00 ns, 2.0874 ns/op

WorkloadWarmup   1: 16777216 op, 946223000.00 ns, 56.3993 ns/op
WorkloadWarmup   2: 16777216 op, 928424800.00 ns, 55.3384 ns/op
WorkloadWarmup   3: 16777216 op, 931315400.00 ns, 55.5107 ns/op

// BeforeActualRun
WorkloadActual   1: 16777216 op, 917555400.00 ns, 54.6906 ns/op
WorkloadActual   2: 16777216 op, 921263300.00 ns, 54.9116 ns/op
WorkloadActual   3: 16777216 op, 928128000.00 ns, 55.3207 ns/op
WorkloadActual   4: 16777216 op, 960041000.00 ns, 57.2229 ns/op
WorkloadActual   5: 16777216 op, 922151300.00 ns, 54.9645 ns/op
WorkloadActual   6: 16777216 op, 928675800.00 ns, 55.3534 ns/op
WorkloadActual   7: 16777216 op, 945336800.00 ns, 56.3465 ns/op
WorkloadActual   8: 16777216 op, 931886600.00 ns, 55.5448 ns/op
WorkloadActual   9: 16777216 op, 961835900.00 ns, 57.3299 ns/op
WorkloadActual  10: 16777216 op, 924945000.00 ns, 55.1310 ns/op

// AfterActualRun
WorkloadResult   1: 16777216 op, 882780700.00 ns, 52.6178 ns/op
WorkloadResult   2: 16777216 op, 886488600.00 ns, 52.8388 ns/op
WorkloadResult   3: 16777216 op, 893353300.00 ns, 53.2480 ns/op
WorkloadResult   4: 16777216 op, 925266300.00 ns, 55.1502 ns/op
WorkloadResult   5: 16777216 op, 887376600.00 ns, 52.8918 ns/op
WorkloadResult   6: 16777216 op, 893901100.00 ns, 53.2807 ns/op
WorkloadResult   7: 16777216 op, 910562100.00 ns, 54.2737 ns/op
WorkloadResult   8: 16777216 op, 897111900.00 ns, 53.4720 ns/op
WorkloadResult   9: 16777216 op, 927061200.00 ns, 55.2572 ns/op
WorkloadResult  10: 16777216 op, 890170300.00 ns, 53.0583 ns/op
// GC:  338 0 0 4429186048 16777216
// Threading:  0 0 16777216

// AfterAll
// Benchmark Process 51704 has exited with code 0.

Mean = 53.609 ns, StdErr = 0.302 ns (0.56%), N = 10, StdDev = 0.954 ns
Min = 52.618 ns, Q1 = 52.933 ns, Median = 53.264 ns, Q3 = 54.073 ns, Max = 55.257 ns
IQR = 1.140 ns, LowerFence = 51.224 ns, UpperFence = 55.783 ns
ConfidenceInterval = [52.167 ns; 55.051 ns] (CI 99.9%), Margin = 1.442 ns (2.69% of Mean)
Skewness = 0.74, Kurtosis = 1.8, MValue = 2

// ** Remained 12 (28.6%) benchmark(s) to run. Estimated finish 2026-08-03 12:27 (0h 2m from now) **
Setup power plan (GUID: 8c5e7fda-e8bf-4a96-9a85-a6e23a8c635c FriendlyName: High performance)
// **************************
// Benchmark: PipelineBehaviorBenchmarks.Send_MediatR_1Behavior: Job-ASUFOU(IterationCount=10, LaunchCount=1, WarmupCount=3)
// *** Execute ***
// Launch: 1 / 1
// Execute: dotnet 8a773897-42cb-4ccd-8a9e-ce6ce7c896af.dll --anonymousPipes 1452 1768 --benchmarkName Plaxion.BenchMarks.Comparison.PipelineBehaviorBenchmarks.Send_MediatR_1Behavior --job "IterationCount=10, LaunchCount=1, WarmupCount=3" --benchmarkId 30 in C:\Users\Angel\RiderProjects\PlaxionMediator\benchmarks-comparison\src\Plaxion.BenchMarks.Comparison\bin\Release\net9.0\8a773897-42cb-4ccd-8a9e-ce6ce7c896af\bin\Release\net9.0
// BeforeAnythingElse

// Benchmark Process Environment Information:
// BenchmarkDotNet v0.14.0
// Runtime=.NET 9.0.7 (9.0.725.31616), X64 RyuJIT AVX2
// GC=Concurrent Workstation
// HardwareIntrinsics=AVX2,AES,BMI1,BMI2,FMA,LZCNT,PCLMUL,POPCNT,AvxVnni,SERIALIZE VectorSize=256
// Job: Job-AAKPCM(IterationCount=10, LaunchCount=1, WarmupCount=3)

OverheadJitting  1: 1 op, 245600.00 ns, 245.6000 us/op
WorkloadJitting  1: 1 op, 3588500.00 ns, 3.5885 ms/op

OverheadJitting  2: 16 op, 288000.00 ns, 18.0000 us/op
WorkloadJitting  2: 16 op, 1066600.00 ns, 66.6625 us/op

WorkloadPilot    1: 16 op, 29800.00 ns, 1.8625 us/op
WorkloadPilot    2: 32 op, 41800.00 ns, 1.3063 us/op
WorkloadPilot    3: 64 op, 67000.00 ns, 1.0469 us/op
WorkloadPilot    4: 128 op, 192600.00 ns, 1.5047 us/op
WorkloadPilot    5: 256 op, 184800.00 ns, 721.8750 ns/op
WorkloadPilot    6: 512 op, 420100.00 ns, 820.5078 ns/op
WorkloadPilot    7: 1024 op, 794700.00 ns, 776.0742 ns/op
WorkloadPilot    8: 2048 op, 1744400.00 ns, 851.7578 ns/op
WorkloadPilot    9: 4096 op, 3415200.00 ns, 833.7891 ns/op
WorkloadPilot   10: 8192 op, 5873800.00 ns, 717.0166 ns/op
WorkloadPilot   11: 16384 op, 10926700.00 ns, 666.9128 ns/op
WorkloadPilot   12: 32768 op, 21167100.00 ns, 645.9686 ns/op
WorkloadPilot   13: 65536 op, 39040400.00 ns, 595.7092 ns/op
WorkloadPilot   14: 131072 op, 80162800.00 ns, 611.5936 ns/op
WorkloadPilot   15: 262144 op, 176900300.00 ns, 674.8211 ns/op
WorkloadPilot   16: 524288 op, 84126500.00 ns, 160.4586 ns/op
WorkloadPilot   17: 1048576 op, 165393100.00 ns, 157.7312 ns/op
WorkloadPilot   18: 2097152 op, 330883500.00 ns, 157.7775 ns/op
WorkloadPilot   19: 4194304 op, 655839800.00 ns, 156.3644 ns/op

OverheadWarmup   1: 4194304 op, 10538300.00 ns, 2.5125 ns/op
OverheadWarmup   2: 4194304 op, 10523900.00 ns, 2.5091 ns/op
OverheadWarmup   3: 4194304 op, 10534000.00 ns, 2.5115 ns/op
OverheadWarmup   4: 4194304 op, 10704000.00 ns, 2.5520 ns/op
OverheadWarmup   5: 4194304 op, 10647400.00 ns, 2.5385 ns/op
OverheadWarmup   6: 4194304 op, 10377700.00 ns, 2.4742 ns/op
OverheadWarmup   7: 4194304 op, 10495100.00 ns, 2.5022 ns/op
OverheadWarmup   8: 4194304 op, 10594800.00 ns, 2.5260 ns/op
OverheadWarmup   9: 4194304 op, 10786600.00 ns, 2.5717 ns/op
OverheadWarmup  10: 4194304 op, 10551800.00 ns, 2.5157 ns/op

OverheadActual   1: 4194304 op, 10413900.00 ns, 2.4829 ns/op
OverheadActual   2: 4194304 op, 10532000.00 ns, 2.5110 ns/op
OverheadActual   3: 4194304 op, 10632700.00 ns, 2.5350 ns/op
OverheadActual   4: 4194304 op, 10713600.00 ns, 2.5543 ns/op
OverheadActual   5: 4194304 op, 10802700.00 ns, 2.5756 ns/op
OverheadActual   6: 4194304 op, 10457500.00 ns, 2.4933 ns/op
OverheadActual   7: 4194304 op, 10358400.00 ns, 2.4696 ns/op
OverheadActual   8: 4194304 op, 10506900.00 ns, 2.5050 ns/op
OverheadActual   9: 4194304 op, 10576500.00 ns, 2.5216 ns/op
OverheadActual  10: 4194304 op, 10628500.00 ns, 2.5340 ns/op
OverheadActual  11: 4194304 op, 10493100.00 ns, 2.5017 ns/op
OverheadActual  12: 4194304 op, 10438700.00 ns, 2.4888 ns/op
OverheadActual  13: 4194304 op, 10410000.00 ns, 2.4819 ns/op
OverheadActual  14: 4194304 op, 10486700.00 ns, 2.5002 ns/op
OverheadActual  15: 4194304 op, 10625100.00 ns, 2.5332 ns/op

WorkloadWarmup   1: 4194304 op, 661632600.00 ns, 157.7455 ns/op
WorkloadWarmup   2: 4194304 op, 690510100.00 ns, 164.6304 ns/op
WorkloadWarmup   3: 4194304 op, 666656100.00 ns, 158.9432 ns/op

// BeforeActualRun
WorkloadActual   1: 4194304 op, 659272500.00 ns, 157.1828 ns/op
WorkloadActual   2: 4194304 op, 675558300.00 ns, 161.0656 ns/op
WorkloadActual   3: 4194304 op, 665819600.00 ns, 158.7438 ns/op
WorkloadActual   4: 4194304 op, 706613300.00 ns, 168.4697 ns/op
WorkloadActual   5: 4194304 op, 693533800.00 ns, 165.3513 ns/op
WorkloadActual   6: 4194304 op, 750748400.00 ns, 178.9924 ns/op
WorkloadActual   7: 4194304 op, 720107100.00 ns, 171.6869 ns/op
WorkloadActual   8: 4194304 op, 703084000.00 ns, 167.6283 ns/op
WorkloadActual   9: 4194304 op, 733196500.00 ns, 174.8077 ns/op
WorkloadActual  10: 4194304 op, 744239700.00 ns, 177.4406 ns/op

// AfterActualRun
WorkloadResult   1: 4194304 op, 648765600.00 ns, 154.6778 ns/op
WorkloadResult   2: 4194304 op, 665051400.00 ns, 158.5606 ns/op
WorkloadResult   3: 4194304 op, 655312700.00 ns, 156.2387 ns/op
WorkloadResult   4: 4194304 op, 696106400.00 ns, 165.9647 ns/op
WorkloadResult   5: 4194304 op, 683026900.00 ns, 162.8463 ns/op
WorkloadResult   6: 4194304 op, 740241500.00 ns, 176.4873 ns/op
WorkloadResult   7: 4194304 op, 709600200.00 ns, 169.1819 ns/op
WorkloadResult   8: 4194304 op, 692577100.00 ns, 165.1232 ns/op
WorkloadResult   9: 4194304 op, 722689600.00 ns, 172.3026 ns/op
WorkloadResult  10: 4194304 op, 733732800.00 ns, 174.9355 ns/op
// GC:  207 0 0 2717909680 4194304
// Threading:  0 0 4194304

// AfterAll
// Benchmark Process 46716 has exited with code 0.

Mean = 165.632 ns, StdErr = 2.422 ns (1.46%), N = 10, StdDev = 7.658 ns
Min = 154.678 ns, Q1 = 159.632 ns, Median = 165.544 ns, Q3 = 171.522 ns, Max = 176.487 ns
IQR = 11.890 ns, LowerFence = 141.796 ns, UpperFence = 189.358 ns
ConfidenceInterval = [154.054 ns; 177.210 ns] (CI 99.9%), Margin = 11.578 ns (6.99% of Mean)
Skewness = -0.02, Kurtosis = 1.4, MValue = 2

// ** Remained 11 (26.2%) benchmark(s) to run. Estimated finish 2026-08-03 12:27 (0h 2m from now) **
Setup power plan (GUID: 8c5e7fda-e8bf-4a96-9a85-a6e23a8c635c FriendlyName: High performance)
// **************************
// Benchmark: PipelineBehaviorBenchmarks.Send_MediatR_5Behaviors: Job-ASUFOU(IterationCount=10, LaunchCount=1, WarmupCount=3)
// *** Execute ***
// Launch: 1 / 1
// Execute: dotnet 8a773897-42cb-4ccd-8a9e-ce6ce7c896af.dll --anonymousPipes 1692 1664 --benchmarkName Plaxion.BenchMarks.Comparison.PipelineBehaviorBenchmarks.Send_MediatR_5Behaviors --job "IterationCount=10, LaunchCount=1, WarmupCount=3" --benchmarkId 31 in C:\Users\Angel\RiderProjects\PlaxionMediator\benchmarks-comparison\src\Plaxion.BenchMarks.Comparison\bin\Release\net9.0\8a773897-42cb-4ccd-8a9e-ce6ce7c896af\bin\Release\net9.0
// BeforeAnythingElse

// Benchmark Process Environment Information:
// BenchmarkDotNet v0.14.0
// Runtime=.NET 9.0.7 (9.0.725.31616), X64 RyuJIT AVX2
// GC=Concurrent Workstation
// HardwareIntrinsics=AVX2,AES,BMI1,BMI2,FMA,LZCNT,PCLMUL,POPCNT,AvxVnni,SERIALIZE VectorSize=256
// Job: Job-UYPUTK(IterationCount=10, LaunchCount=1, WarmupCount=3)

OverheadJitting  1: 1 op, 173200.00 ns, 173.2000 us/op
WorkloadJitting  1: 1 op, 6096800.00 ns, 6.0968 ms/op

OverheadJitting  2: 16 op, 310200.00 ns, 19.3875 us/op
WorkloadJitting  2: 16 op, 929500.00 ns, 58.0938 us/op

WorkloadPilot    1: 16 op, 62200.00 ns, 3.8875 us/op
WorkloadPilot    2: 32 op, 94100.00 ns, 2.9406 us/op
WorkloadPilot    3: 64 op, 178400.00 ns, 2.7875 us/op
WorkloadPilot    4: 128 op, 352400.00 ns, 2.7531 us/op
WorkloadPilot    5: 256 op, 592600.00 ns, 2.3148 us/op
WorkloadPilot    6: 512 op, 1186300.00 ns, 2.3170 us/op
WorkloadPilot    7: 1024 op, 2279900.00 ns, 2.2265 us/op
WorkloadPilot    8: 2048 op, 4412400.00 ns, 2.1545 us/op
WorkloadPilot    9: 4096 op, 9191900.00 ns, 2.2441 us/op
WorkloadPilot   10: 8192 op, 17337300.00 ns, 2.1164 us/op
WorkloadPilot   11: 16384 op, 27461900.00 ns, 1.6761 us/op
WorkloadPilot   12: 32768 op, 54391100.00 ns, 1.6599 us/op
WorkloadPilot   13: 65536 op, 119688000.00 ns, 1.8263 us/op
WorkloadPilot   14: 131072 op, 125456800.00 ns, 957.1594 ns/op
WorkloadPilot   15: 262144 op, 124173700.00 ns, 473.6851 ns/op
WorkloadPilot   16: 524288 op, 236032800.00 ns, 450.1968 ns/op
WorkloadPilot   17: 1048576 op, 504855300.00 ns, 481.4675 ns/op

OverheadWarmup   1: 1048576 op, 2703200.00 ns, 2.5780 ns/op
OverheadWarmup   2: 1048576 op, 2801600.00 ns, 2.6718 ns/op
OverheadWarmup   3: 1048576 op, 2717200.00 ns, 2.5913 ns/op
OverheadWarmup   4: 1048576 op, 2807100.00 ns, 2.6771 ns/op
OverheadWarmup   5: 1048576 op, 2670000.00 ns, 2.5463 ns/op

OverheadActual   1: 1048576 op, 2812700.00 ns, 2.6824 ns/op
OverheadActual   2: 1048576 op, 2677000.00 ns, 2.5530 ns/op
OverheadActual   3: 1048576 op, 2719800.00 ns, 2.5938 ns/op
OverheadActual   4: 1048576 op, 2665800.00 ns, 2.5423 ns/op
OverheadActual   5: 1048576 op, 2726600.00 ns, 2.6003 ns/op
OverheadActual   6: 1048576 op, 2728300.00 ns, 2.6019 ns/op
OverheadActual   7: 1048576 op, 2668000.00 ns, 2.5444 ns/op
OverheadActual   8: 1048576 op, 2690500.00 ns, 2.5659 ns/op
OverheadActual   9: 1048576 op, 2727900.00 ns, 2.6015 ns/op
OverheadActual  10: 1048576 op, 2838500.00 ns, 2.7070 ns/op
OverheadActual  11: 1048576 op, 2745300.00 ns, 2.6181 ns/op
OverheadActual  12: 1048576 op, 2707800.00 ns, 2.5824 ns/op
OverheadActual  13: 1048576 op, 2728400.00 ns, 2.6020 ns/op
OverheadActual  14: 1048576 op, 2670300.00 ns, 2.5466 ns/op
OverheadActual  15: 1048576 op, 2736600.00 ns, 2.6098 ns/op

WorkloadWarmup   1: 1048576 op, 486821300.00 ns, 464.2690 ns/op
WorkloadWarmup   2: 1048576 op, 519364200.00 ns, 495.3043 ns/op
WorkloadWarmup   3: 1048576 op, 504703300.00 ns, 481.3226 ns/op

// BeforeActualRun
WorkloadActual   1: 1048576 op, 532296600.00 ns, 507.6376 ns/op
WorkloadActual   2: 1048576 op, 498494400.00 ns, 475.4013 ns/op
WorkloadActual   3: 1048576 op, 525502600.00 ns, 501.1583 ns/op
WorkloadActual   4: 1048576 op, 491279000.00 ns, 468.5202 ns/op
WorkloadActual   5: 1048576 op, 510296400.00 ns, 486.6566 ns/op
WorkloadActual   6: 1048576 op, 504885400.00 ns, 481.4962 ns/op
WorkloadActual   7: 1048576 op, 517237600.00 ns, 493.2762 ns/op
WorkloadActual   8: 1048576 op, 567352500.00 ns, 541.0695 ns/op
WorkloadActual   9: 1048576 op, 491357800.00 ns, 468.5953 ns/op
WorkloadActual  10: 1048576 op, 496805600.00 ns, 473.7907 ns/op

// AfterActualRun
WorkloadResult   1: 1048576 op, 529570000.00 ns, 505.0373 ns/op
WorkloadResult   2: 1048576 op, 495767800.00 ns, 472.8010 ns/op
WorkloadResult   3: 1048576 op, 522776000.00 ns, 498.5580 ns/op
WorkloadResult   4: 1048576 op, 488552400.00 ns, 465.9199 ns/op
WorkloadResult   5: 1048576 op, 507569800.00 ns, 484.0563 ns/op
WorkloadResult   6: 1048576 op, 502158800.00 ns, 478.8960 ns/op
WorkloadResult   7: 1048576 op, 514511000.00 ns, 490.6759 ns/op
WorkloadResult   8: 1048576 op, 488631200.00 ns, 465.9950 ns/op
WorkloadResult   9: 1048576 op, 494079000.00 ns, 471.1905 ns/op
// GC:  152 0 0 1988100496 1048576
// Threading:  0 0 1048576

// AfterAll
// Benchmark Process 72312 has exited with code 0.

Mean = 481.459 ns, StdErr = 4.725 ns (0.98%), N = 9, StdDev = 14.176 ns
Min = 465.920 ns, Q1 = 471.190 ns, Median = 478.896 ns, Q3 = 490.676 ns, Max = 505.037 ns
IQR = 19.485 ns, LowerFence = 441.962 ns, UpperFence = 519.904 ns
ConfidenceInterval = [457.638 ns; 505.280 ns] (CI 99.9%), Margin = 23.821 ns (4.95% of Mean)
Skewness = 0.38, Kurtosis = 1.47, MValue = 2

// ** Remained 10 (23.8%) benchmark(s) to run. Estimated finish 2026-08-03 12:27 (0h 1m from now) **
Setup power plan (GUID: 8c5e7fda-e8bf-4a96-9a85-a6e23a8c635c FriendlyName: High performance)
// **************************
// Benchmark: PipelineBehaviorBenchmarks.Send_MediatR_10Behaviors: Job-ASUFOU(IterationCount=10, LaunchCount=1, WarmupCount=3)
// *** Execute ***
// Launch: 1 / 1
// Execute: dotnet 8a773897-42cb-4ccd-8a9e-ce6ce7c896af.dll --anonymousPipes 1704 1168 --benchmarkName Plaxion.BenchMarks.Comparison.PipelineBehaviorBenchmarks.Send_MediatR_10Behaviors --job "IterationCount=10, LaunchCount=1, WarmupCount=3" --benchmarkId 32 in C:\Users\Angel\RiderProjects\PlaxionMediator\benchmarks-comparison\src\Plaxion.BenchMarks.Comparison\bin\Release\net9.0\8a773897-42cb-4ccd-8a9e-ce6ce7c896af\bin\Release\net9.0
// BeforeAnythingElse

// Benchmark Process Environment Information:
// BenchmarkDotNet v0.14.0
// Runtime=.NET 9.0.7 (9.0.725.31616), X64 RyuJIT AVX2
// GC=Concurrent Workstation
// HardwareIntrinsics=AVX2,AES,BMI1,BMI2,FMA,LZCNT,PCLMUL,POPCNT,AvxVnni,SERIALIZE VectorSize=256
// Job: Job-BBPBTN(IterationCount=10, LaunchCount=1, WarmupCount=3)

OverheadJitting  1: 1 op, 179800.00 ns, 179.8000 us/op
WorkloadJitting  1: 1 op, 8225700.00 ns, 8.2257 ms/op

OverheadJitting  2: 16 op, 333300.00 ns, 20.8313 us/op
WorkloadJitting  2: 16 op, 995600.00 ns, 62.2250 us/op

WorkloadPilot    1: 16 op, 89900.00 ns, 5.6188 us/op
WorkloadPilot    2: 32 op, 159400.00 ns, 4.9813 us/op
WorkloadPilot    3: 64 op, 348600.00 ns, 5.4469 us/op
WorkloadPilot    4: 128 op, 524100.00 ns, 4.0945 us/op
WorkloadPilot    5: 256 op, 1064600.00 ns, 4.1586 us/op
WorkloadPilot    6: 512 op, 2098300.00 ns, 4.0982 us/op
WorkloadPilot    7: 1024 op, 4180100.00 ns, 4.0821 us/op
WorkloadPilot    8: 2048 op, 8496800.00 ns, 4.1488 us/op
WorkloadPilot    9: 4096 op, 15848600.00 ns, 3.8693 us/op
WorkloadPilot   10: 8192 op, 27164800.00 ns, 3.3160 us/op
WorkloadPilot   11: 16384 op, 50193700.00 ns, 3.0636 us/op
WorkloadPilot   12: 32768 op, 106388100.00 ns, 3.2467 us/op
WorkloadPilot   13: 65536 op, 144009200.00 ns, 2.1974 us/op
WorkloadPilot   14: 131072 op, 108119000.00 ns, 824.8825 ns/op
WorkloadPilot   15: 262144 op, 201938000.00 ns, 770.3323 ns/op
WorkloadPilot   16: 524288 op, 446278400.00 ns, 851.2085 ns/op
WorkloadPilot   17: 1048576 op, 881437200.00 ns, 840.6040 ns/op

OverheadWarmup   1: 1048576 op, 2702100.00 ns, 2.5769 ns/op
OverheadWarmup   2: 1048576 op, 2659700.00 ns, 2.5365 ns/op
OverheadWarmup   3: 1048576 op, 2791200.00 ns, 2.6619 ns/op
OverheadWarmup   4: 1048576 op, 2724700.00 ns, 2.5985 ns/op
OverheadWarmup   5: 1048576 op, 2718200.00 ns, 2.5923 ns/op
OverheadWarmup   6: 1048576 op, 2713800.00 ns, 2.5881 ns/op
OverheadWarmup   7: 1048576 op, 2688300.00 ns, 2.5638 ns/op
OverheadWarmup   8: 1048576 op, 2748200.00 ns, 2.6209 ns/op
OverheadWarmup   9: 1048576 op, 2675500.00 ns, 2.5516 ns/op

OverheadActual   1: 1048576 op, 2669900.00 ns, 2.5462 ns/op
OverheadActual   2: 1048576 op, 2778500.00 ns, 2.6498 ns/op
OverheadActual   3: 1048576 op, 2784600.00 ns, 2.6556 ns/op
OverheadActual   4: 1048576 op, 2741100.00 ns, 2.6141 ns/op
OverheadActual   5: 1048576 op, 2716600.00 ns, 2.5908 ns/op
OverheadActual   6: 1048576 op, 2665900.00 ns, 2.5424 ns/op
OverheadActual   7: 1048576 op, 2729800.00 ns, 2.6033 ns/op
OverheadActual   8: 1048576 op, 2639900.00 ns, 2.5176 ns/op
OverheadActual   9: 1048576 op, 2782400.00 ns, 2.6535 ns/op
OverheadActual  10: 1048576 op, 2818100.00 ns, 2.6875 ns/op
OverheadActual  11: 1048576 op, 2721900.00 ns, 2.5958 ns/op
OverheadActual  12: 1048576 op, 2716400.00 ns, 2.5906 ns/op
OverheadActual  13: 1048576 op, 2744800.00 ns, 2.6176 ns/op
OverheadActual  14: 1048576 op, 2774100.00 ns, 2.6456 ns/op
OverheadActual  15: 1048576 op, 2620600.00 ns, 2.4992 ns/op

WorkloadWarmup   1: 1048576 op, 885193900.00 ns, 844.1867 ns/op
WorkloadWarmup   2: 1048576 op, 856186900.00 ns, 816.5235 ns/op
WorkloadWarmup   3: 1048576 op, 814720100.00 ns, 776.9776 ns/op

// BeforeActualRun
WorkloadActual   1: 1048576 op, 814800200.00 ns, 777.0540 ns/op
WorkloadActual   2: 1048576 op, 840991100.00 ns, 802.0316 ns/op
WorkloadActual   3: 1048576 op, 828431800.00 ns, 790.0541 ns/op
WorkloadActual   4: 1048576 op, 863254000.00 ns, 823.2632 ns/op
WorkloadActual   5: 1048576 op, 902450900.00 ns, 860.6442 ns/op
WorkloadActual   6: 1048576 op, 844289500.00 ns, 805.1772 ns/op
WorkloadActual   7: 1048576 op, 844371600.00 ns, 805.2555 ns/op
WorkloadActual   8: 1048576 op, 838925500.00 ns, 800.0617 ns/op
WorkloadActual   9: 1048576 op, 840941100.00 ns, 801.9839 ns/op
WorkloadActual  10: 1048576 op, 859426900.00 ns, 819.6134 ns/op

// AfterActualRun
WorkloadResult   1: 1048576 op, 812070400.00 ns, 774.4507 ns/op
WorkloadResult   2: 1048576 op, 838261300.00 ns, 799.4283 ns/op
WorkloadResult   3: 1048576 op, 825702000.00 ns, 787.4508 ns/op
WorkloadResult   4: 1048576 op, 860524200.00 ns, 820.6598 ns/op
WorkloadResult   5: 1048576 op, 841559700.00 ns, 802.5739 ns/op
WorkloadResult   6: 1048576 op, 841641800.00 ns, 802.6522 ns/op
WorkloadResult   7: 1048576 op, 836195700.00 ns, 797.4584 ns/op
WorkloadResult   8: 1048576 op, 838211300.00 ns, 799.3806 ns/op
WorkloadResult   9: 1048576 op, 856697100.00 ns, 817.0100 ns/op
// GC:  277 0 0 3623878720 1048576
// Threading:  0 0 1048576

// AfterAll
// Benchmark Process 3964 has exited with code 0.

Mean = 800.118 ns, StdErr = 4.635 ns (0.58%), N = 9, StdDev = 13.906 ns
Min = 774.451 ns, Q1 = 797.458 ns, Median = 799.428 ns, Q3 = 802.652 ns, Max = 820.660 ns
IQR = 5.194 ns, LowerFence = 789.668 ns, UpperFence = 810.443 ns
ConfidenceInterval = [776.749 ns; 823.487 ns] (CI 99.9%), Margin = 23.369 ns (2.92% of Mean)
Skewness = -0.22, Kurtosis = 2.14, MValue = 2

// ** Remained 9 (21.4%) benchmark(s) to run. Estimated finish 2026-08-03 12:27 (0h 1m from now) **
Setup power plan (GUID: 8c5e7fda-e8bf-4a96-9a85-a6e23a8c635c FriendlyName: High performance)
// **************************
// Benchmark: PipelineBehaviorBenchmarks.Send_MediatR_20Behaviors: Job-ASUFOU(IterationCount=10, LaunchCount=1, WarmupCount=3)
// *** Execute ***
// Launch: 1 / 1
// Execute: dotnet 8a773897-42cb-4ccd-8a9e-ce6ce7c896af.dll --anonymousPipes 1804 1796 --benchmarkName Plaxion.BenchMarks.Comparison.PipelineBehaviorBenchmarks.Send_MediatR_20Behaviors --job "IterationCount=10, LaunchCount=1, WarmupCount=3" --benchmarkId 33 in C:\Users\Angel\RiderProjects\PlaxionMediator\benchmarks-comparison\src\Plaxion.BenchMarks.Comparison\bin\Release\net9.0\8a773897-42cb-4ccd-8a9e-ce6ce7c896af\bin\Release\net9.0
// BeforeAnythingElse

// Benchmark Process Environment Information:
// BenchmarkDotNet v0.14.0
// Runtime=.NET 9.0.7 (9.0.725.31616), X64 RyuJIT AVX2
// GC=Concurrent Workstation
// HardwareIntrinsics=AVX2,AES,BMI1,BMI2,FMA,LZCNT,PCLMUL,POPCNT,AvxVnni,SERIALIZE VectorSize=256
// Job: Job-KTHCEV(IterationCount=10, LaunchCount=1, WarmupCount=3)

OverheadJitting  1: 1 op, 193900.00 ns, 193.9000 us/op
WorkloadJitting  1: 1 op, 11395700.00 ns, 11.3957 ms/op

OverheadJitting  2: 16 op, 299100.00 ns, 18.6938 us/op
WorkloadJitting  2: 16 op, 1033100.00 ns, 64.5688 us/op

WorkloadPilot    1: 16 op, 155900.00 ns, 9.7438 us/op
WorkloadPilot    2: 32 op, 246000.00 ns, 7.6875 us/op
WorkloadPilot    3: 64 op, 584800.00 ns, 9.1375 us/op
WorkloadPilot    4: 128 op, 1043100.00 ns, 8.1492 us/op
WorkloadPilot    5: 256 op, 1968400.00 ns, 7.6891 us/op
WorkloadPilot    6: 512 op, 4090400.00 ns, 7.9891 us/op
WorkloadPilot    7: 1024 op, 7818100.00 ns, 7.6349 us/op
WorkloadPilot    8: 2048 op, 16340800.00 ns, 7.9789 us/op
WorkloadPilot    9: 4096 op, 25202000.00 ns, 6.1528 us/op
WorkloadPilot   10: 8192 op, 50082300.00 ns, 6.1136 us/op
WorkloadPilot   11: 16384 op, 106768800.00 ns, 6.5167 us/op
WorkloadPilot   12: 32768 op, 151140300.00 ns, 4.6124 us/op
WorkloadPilot   13: 65536 op, 103867500.00 ns, 1.5849 us/op
WorkloadPilot   14: 131072 op, 239909500.00 ns, 1.8304 us/op
WorkloadPilot   15: 262144 op, 435771000.00 ns, 1.6623 us/op
WorkloadPilot   16: 524288 op, 867145400.00 ns, 1.6539 us/op

OverheadWarmup   1: 524288 op, 1369600.00 ns, 2.6123 ns/op
OverheadWarmup   2: 524288 op, 1333800.00 ns, 2.5440 ns/op
OverheadWarmup   3: 524288 op, 1314900.00 ns, 2.5080 ns/op
OverheadWarmup   4: 524288 op, 1311900.00 ns, 2.5023 ns/op
OverheadWarmup   5: 524288 op, 1335500.00 ns, 2.5473 ns/op
OverheadWarmup   6: 524288 op, 1313600.00 ns, 2.5055 ns/op
OverheadWarmup   7: 524288 op, 1437200.00 ns, 2.7412 ns/op
OverheadWarmup   8: 524288 op, 1372200.00 ns, 2.6173 ns/op

OverheadActual   1: 524288 op, 1393700.00 ns, 2.6583 ns/op
OverheadActual   2: 524288 op, 1344500.00 ns, 2.5644 ns/op
OverheadActual   3: 524288 op, 1353300.00 ns, 2.5812 ns/op
OverheadActual   4: 524288 op, 1316700.00 ns, 2.5114 ns/op
OverheadActual   5: 524288 op, 1380700.00 ns, 2.6335 ns/op
OverheadActual   6: 524288 op, 1339600.00 ns, 2.5551 ns/op
OverheadActual   7: 524288 op, 1332600.00 ns, 2.5417 ns/op
OverheadActual   8: 524288 op, 1308100.00 ns, 2.4950 ns/op
OverheadActual   9: 524288 op, 1397000.00 ns, 2.6646 ns/op
OverheadActual  10: 524288 op, 1340400.00 ns, 2.5566 ns/op
OverheadActual  11: 524288 op, 1296600.00 ns, 2.4731 ns/op
OverheadActual  12: 524288 op, 1348900.00 ns, 2.5728 ns/op
OverheadActual  13: 524288 op, 1359300.00 ns, 2.5927 ns/op
OverheadActual  14: 524288 op, 1356400.00 ns, 2.5871 ns/op
OverheadActual  15: 524288 op, 1377000.00 ns, 2.6264 ns/op

WorkloadWarmup   1: 524288 op, 876409600.00 ns, 1.6716 us/op
WorkloadWarmup   2: 524288 op, 855495300.00 ns, 1.6317 us/op
WorkloadWarmup   3: 524288 op, 915735400.00 ns, 1.7466 us/op

// BeforeActualRun
WorkloadActual   1: 524288 op, 862492900.00 ns, 1.6451 us/op
WorkloadActual   2: 524288 op, 856520300.00 ns, 1.6337 us/op
WorkloadActual   3: 524288 op, 884230300.00 ns, 1.6865 us/op
WorkloadActual   4: 524288 op, 906804200.00 ns, 1.7296 us/op
WorkloadActual   5: 524288 op, 917267300.00 ns, 1.7495 us/op
WorkloadActual   6: 524288 op, 877883400.00 ns, 1.6744 us/op
WorkloadActual   7: 524288 op, 943263200.00 ns, 1.7991 us/op
WorkloadActual   8: 524288 op, 903255900.00 ns, 1.7228 us/op
WorkloadActual   9: 524288 op, 893223100.00 ns, 1.7037 us/op
WorkloadActual  10: 524288 op, 879875800.00 ns, 1.6782 us/op

// AfterActualRun
WorkloadResult   1: 524288 op, 861144000.00 ns, 1.6425 us/op
WorkloadResult   2: 524288 op, 855171400.00 ns, 1.6311 us/op
WorkloadResult   3: 524288 op, 882881400.00 ns, 1.6840 us/op
WorkloadResult   4: 524288 op, 905455300.00 ns, 1.7270 us/op
WorkloadResult   5: 524288 op, 915918400.00 ns, 1.7470 us/op
WorkloadResult   6: 524288 op, 876534500.00 ns, 1.6719 us/op
WorkloadResult   7: 524288 op, 941914300.00 ns, 1.7966 us/op
WorkloadResult   8: 524288 op, 901907000.00 ns, 1.7203 us/op
WorkloadResult   9: 524288 op, 891874200.00 ns, 1.7011 us/op
WorkloadResult  10: 524288 op, 878526900.00 ns, 1.6757 us/op
// GC:  263 1 0 3447718576 524288
// Threading:  0 0 524288

// AfterAll
// Benchmark Process 60900 has exited with code 0.

Mean = 1.700 μs, StdErr = 0.016 μs (0.93%), N = 10, StdDev = 0.050 μs
Min = 1.631 μs, Q1 = 1.673 μs, Median = 1.693 μs, Q3 = 1.725 μs, Max = 1.797 μs
IQR = 0.053 μs, LowerFence = 1.594 μs, UpperFence = 1.804 μs
ConfidenceInterval = [1.624 μs; 1.775 μs] (CI 99.9%), Margin = 0.075 μs (4.43% of Mean)
Skewness = 0.4, Kurtosis = 2.07, MValue = 2

// ** Remained 8 (19.0%) benchmark(s) to run. Estimated finish 2026-08-03 12:27 (0h 1m from now) **
Setup power plan (GUID: 8c5e7fda-e8bf-4a96-9a85-a6e23a8c635c FriendlyName: High performance)
// **************************
// Benchmark: PipelineBehaviorBenchmarks.Send_Mediator_0Behaviors: Job-ASUFOU(IterationCount=10, LaunchCount=1, WarmupCount=3)
// *** Execute ***
// Launch: 1 / 1
// Execute: dotnet 8a773897-42cb-4ccd-8a9e-ce6ce7c896af.dll --anonymousPipes 1740 1452 --benchmarkName Plaxion.BenchMarks.Comparison.PipelineBehaviorBenchmarks.Send_Mediator_0Behaviors --job "IterationCount=10, LaunchCount=1, WarmupCount=3" --benchmarkId 34 in C:\Users\Angel\RiderProjects\PlaxionMediator\benchmarks-comparison\src\Plaxion.BenchMarks.Comparison\bin\Release\net9.0\8a773897-42cb-4ccd-8a9e-ce6ce7c896af\bin\Release\net9.0
// BeforeAnythingElse

// Benchmark Process Environment Information:
// BenchmarkDotNet v0.14.0
// Runtime=.NET 9.0.7 (9.0.725.31616), X64 RyuJIT AVX2
// GC=Concurrent Workstation
// HardwareIntrinsics=AVX2,AES,BMI1,BMI2,FMA,LZCNT,PCLMUL,POPCNT,AvxVnni,SERIALIZE VectorSize=256
// Job: Job-FLUPJR(IterationCount=10, LaunchCount=1, WarmupCount=3)

OverheadJitting  1: 1 op, 180500.00 ns, 180.5000 us/op
WorkloadJitting  1: 1 op, 11157700.00 ns, 11.1577 ms/op

OverheadJitting  2: 16 op, 369800.00 ns, 23.1125 us/op
WorkloadJitting  2: 16 op, 339100.00 ns, 21.1938 us/op

WorkloadPilot    1: 16 op, 5100.00 ns, 318.7500 ns/op
WorkloadPilot    2: 32 op, 5300.00 ns, 165.6250 ns/op
WorkloadPilot    3: 64 op, 6500.00 ns, 101.5625 ns/op
WorkloadPilot    4: 128 op, 9200.00 ns, 71.8750 ns/op
WorkloadPilot    5: 256 op, 15500.00 ns, 60.5469 ns/op
WorkloadPilot    6: 512 op, 28700.00 ns, 56.0547 ns/op
WorkloadPilot    7: 1024 op, 56500.00 ns, 55.1758 ns/op
WorkloadPilot    8: 2048 op, 109400.00 ns, 53.4180 ns/op
WorkloadPilot    9: 4096 op, 207400.00 ns, 50.6348 ns/op
WorkloadPilot   10: 8192 op, 417500.00 ns, 50.9644 ns/op
WorkloadPilot   11: 16384 op, 821900.00 ns, 50.1648 ns/op
WorkloadPilot   12: 32768 op, 1639500.00 ns, 50.0336 ns/op
WorkloadPilot   13: 65536 op, 3334200.00 ns, 50.8759 ns/op
WorkloadPilot   14: 131072 op, 6548900.00 ns, 49.9641 ns/op
WorkloadPilot   15: 262144 op, 13033100.00 ns, 49.7173 ns/op
WorkloadPilot   16: 524288 op, 26346300.00 ns, 50.2516 ns/op
WorkloadPilot   17: 1048576 op, 52965300.00 ns, 50.5116 ns/op
WorkloadPilot   18: 2097152 op, 70178200.00 ns, 33.4636 ns/op
WorkloadPilot   19: 4194304 op, 80733400.00 ns, 19.2483 ns/op
WorkloadPilot   20: 8388608 op, 159571100.00 ns, 19.0224 ns/op
WorkloadPilot   21: 16777216 op, 322593300.00 ns, 19.2281 ns/op
WorkloadPilot   22: 33554432 op, 633057900.00 ns, 18.8666 ns/op

OverheadWarmup   1: 33554432 op, 84183500.00 ns, 2.5089 ns/op
OverheadWarmup   2: 33554432 op, 84630100.00 ns, 2.5222 ns/op
OverheadWarmup   3: 33554432 op, 77406600.00 ns, 2.3069 ns/op
OverheadWarmup   4: 33554432 op, 70912000.00 ns, 2.1133 ns/op
OverheadWarmup   5: 33554432 op, 70747000.00 ns, 2.1084 ns/op
OverheadWarmup   6: 33554432 op, 73981100.00 ns, 2.2048 ns/op
OverheadWarmup   7: 33554432 op, 70943300.00 ns, 2.1143 ns/op

OverheadActual   1: 33554432 op, 70576900.00 ns, 2.1034 ns/op
OverheadActual   2: 33554432 op, 71506100.00 ns, 2.1310 ns/op
OverheadActual   3: 33554432 op, 69505900.00 ns, 2.0714 ns/op
OverheadActual   4: 33554432 op, 70330000.00 ns, 2.0960 ns/op
OverheadActual   5: 33554432 op, 69643500.00 ns, 2.0755 ns/op
OverheadActual   6: 33554432 op, 72335600.00 ns, 2.1558 ns/op
OverheadActual   7: 33554432 op, 70177100.00 ns, 2.0914 ns/op
OverheadActual   8: 33554432 op, 71057100.00 ns, 2.1177 ns/op
OverheadActual   9: 33554432 op, 70822400.00 ns, 2.1107 ns/op
OverheadActual  10: 33554432 op, 70812600.00 ns, 2.1104 ns/op
OverheadActual  11: 33554432 op, 72095200.00 ns, 2.1486 ns/op
OverheadActual  12: 33554432 op, 70520100.00 ns, 2.1017 ns/op
OverheadActual  13: 33554432 op, 70433900.00 ns, 2.0991 ns/op
OverheadActual  14: 33554432 op, 70931200.00 ns, 2.1139 ns/op
OverheadActual  15: 33554432 op, 70900700.00 ns, 2.1130 ns/op

WorkloadWarmup   1: 33554432 op, 637043100.00 ns, 18.9854 ns/op
WorkloadWarmup   2: 33554432 op, 634317000.00 ns, 18.9041 ns/op
WorkloadWarmup   3: 33554432 op, 637685500.00 ns, 19.0045 ns/op

// BeforeActualRun
WorkloadActual   1: 33554432 op, 635110200.00 ns, 18.9278 ns/op
WorkloadActual   2: 33554432 op, 637520900.00 ns, 18.9996 ns/op
WorkloadActual   3: 33554432 op, 629161500.00 ns, 18.7505 ns/op
WorkloadActual   4: 33554432 op, 644519700.00 ns, 19.2082 ns/op
WorkloadActual   5: 33554432 op, 640708100.00 ns, 19.0946 ns/op
WorkloadActual   6: 33554432 op, 637744300.00 ns, 19.0063 ns/op
WorkloadActual   7: 33554432 op, 635311600.00 ns, 18.9338 ns/op
WorkloadActual   8: 33554432 op, 639755600.00 ns, 19.0662 ns/op
WorkloadActual   9: 33554432 op, 638298200.00 ns, 19.0228 ns/op
WorkloadActual  10: 33554432 op, 636932100.00 ns, 18.9821 ns/op

// AfterActualRun
WorkloadResult   1: 33554432 op, 564297600.00 ns, 16.8174 ns/op
WorkloadResult   2: 33554432 op, 566708300.00 ns, 16.8892 ns/op
WorkloadResult   3: 33554432 op, 558348900.00 ns, 16.6401 ns/op
WorkloadResult   4: 33554432 op, 573707100.00 ns, 17.0978 ns/op
WorkloadResult   5: 33554432 op, 569895500.00 ns, 16.9842 ns/op
WorkloadResult   6: 33554432 op, 566931700.00 ns, 16.8959 ns/op
WorkloadResult   7: 33554432 op, 564499000.00 ns, 16.8234 ns/op
WorkloadResult   8: 33554432 op, 568943000.00 ns, 16.9558 ns/op
WorkloadResult   9: 33554432 op, 567485600.00 ns, 16.9124 ns/op
WorkloadResult  10: 33554432 op, 566119500.00 ns, 16.8717 ns/op
// GC:  0 0 0 64 33554432
// Threading:  0 0 33554432

// AfterAll
// Benchmark Process 2548 has exited with code 0.

Mean = 16.889 ns, StdErr = 0.038 ns (0.22%), N = 10, StdDev = 0.120 ns
Min = 16.640 ns, Q1 = 16.835 ns, Median = 16.893 ns, Q3 = 16.945 ns, Max = 17.098 ns
IQR = 0.110 ns, LowerFence = 16.671 ns, UpperFence = 17.109 ns
ConfidenceInterval = [16.707 ns; 17.070 ns] (CI 99.9%), Margin = 0.181 ns (1.07% of Mean)
Skewness = -0.33, Kurtosis = 2.84, MValue = 2

// ** Remained 7 (16.7%) benchmark(s) to run. Estimated finish 2026-08-03 12:27 (0h 1m from now) **
Setup power plan (GUID: 8c5e7fda-e8bf-4a96-9a85-a6e23a8c635c FriendlyName: High performance)
// **************************
// Benchmark: PipelineBehaviorBenchmarks.Send_Mediator_1Behavior: Job-ASUFOU(IterationCount=10, LaunchCount=1, WarmupCount=3)
// *** Execute ***
// Launch: 1 / 1
// Execute: dotnet 8a773897-42cb-4ccd-8a9e-ce6ce7c896af.dll --anonymousPipes 1460 1656 --benchmarkName Plaxion.BenchMarks.Comparison.PipelineBehaviorBenchmarks.Send_Mediator_1Behavior --job "IterationCount=10, LaunchCount=1, WarmupCount=3" --benchmarkId 35 in C:\Users\Angel\RiderProjects\PlaxionMediator\benchmarks-comparison\src\Plaxion.BenchMarks.Comparison\bin\Release\net9.0\8a773897-42cb-4ccd-8a9e-ce6ce7c896af\bin\Release\net9.0
// BeforeAnythingElse

// Benchmark Process Environment Information:
// BenchmarkDotNet v0.14.0
// Runtime=.NET 9.0.7 (9.0.725.31616), X64 RyuJIT AVX2
// GC=Concurrent Workstation
// HardwareIntrinsics=AVX2,AES,BMI1,BMI2,FMA,LZCNT,PCLMUL,POPCNT,AvxVnni,SERIALIZE VectorSize=256
// Job: Job-YNSCVV(IterationCount=10, LaunchCount=1, WarmupCount=3)

OverheadJitting  1: 1 op, 160700.00 ns, 160.7000 us/op
WorkloadJitting  1: 1 op, 12100200.00 ns, 12.1002 ms/op

OverheadJitting  2: 16 op, 346500.00 ns, 21.6563 us/op
WorkloadJitting  2: 16 op, 368200.00 ns, 23.0125 us/op

WorkloadPilot    1: 16 op, 18200.00 ns, 1.1375 us/op
WorkloadPilot    2: 32 op, 15400.00 ns, 481.2500 ns/op
WorkloadPilot    3: 64 op, 23400.00 ns, 365.6250 ns/op
WorkloadPilot    4: 128 op, 38400.00 ns, 300.0000 ns/op
WorkloadPilot    5: 256 op, 62300.00 ns, 243.3594 ns/op
WorkloadPilot    6: 512 op, 100400.00 ns, 196.0938 ns/op
WorkloadPilot    7: 1024 op, 236800.00 ns, 231.2500 ns/op
WorkloadPilot    8: 2048 op, 508200.00 ns, 248.1445 ns/op
WorkloadPilot    9: 4096 op, 951000.00 ns, 232.1777 ns/op
WorkloadPilot   10: 8192 op, 1795400.00 ns, 219.1650 ns/op
WorkloadPilot   11: 16384 op, 3335000.00 ns, 203.5522 ns/op
WorkloadPilot   12: 32768 op, 7013200.00 ns, 214.0259 ns/op
WorkloadPilot   13: 65536 op, 13568000.00 ns, 207.0313 ns/op
WorkloadPilot   14: 131072 op, 26221100.00 ns, 200.0511 ns/op
WorkloadPilot   15: 262144 op, 49072400.00 ns, 187.1964 ns/op
WorkloadPilot   16: 524288 op, 104605800.00 ns, 199.5197 ns/op
WorkloadPilot   17: 1048576 op, 133282400.00 ns, 127.1080 ns/op
WorkloadPilot   18: 2097152 op, 148274000.00 ns, 70.7026 ns/op
WorkloadPilot   19: 4194304 op, 300443400.00 ns, 71.6313 ns/op
WorkloadPilot   20: 8388608 op, 602749300.00 ns, 71.8533 ns/op

OverheadWarmup   1: 8388608 op, 21293700.00 ns, 2.5384 ns/op
OverheadWarmup   2: 8388608 op, 21283000.00 ns, 2.5371 ns/op
OverheadWarmup   3: 8388608 op, 21314700.00 ns, 2.5409 ns/op
OverheadWarmup   4: 8388608 op, 21319100.00 ns, 2.5414 ns/op
OverheadWarmup   5: 8388608 op, 21175800.00 ns, 2.5244 ns/op
OverheadWarmup   6: 8388608 op, 21302600.00 ns, 2.5395 ns/op
OverheadWarmup   7: 8388608 op, 21076500.00 ns, 2.5125 ns/op

OverheadActual   1: 8388608 op, 21434800.00 ns, 2.5552 ns/op
OverheadActual   2: 8388608 op, 20875600.00 ns, 2.4886 ns/op
OverheadActual   3: 8388608 op, 20972800.00 ns, 2.5002 ns/op
OverheadActual   4: 8388608 op, 21248800.00 ns, 2.5331 ns/op
OverheadActual   5: 8388608 op, 21195000.00 ns, 2.5266 ns/op
OverheadActual   6: 8388608 op, 21222400.00 ns, 2.5299 ns/op
OverheadActual   7: 8388608 op, 20963800.00 ns, 2.4991 ns/op
OverheadActual   8: 8388608 op, 22667700.00 ns, 2.7022 ns/op
OverheadActual   9: 8388608 op, 21290900.00 ns, 2.5381 ns/op
OverheadActual  10: 8388608 op, 21603700.00 ns, 2.5754 ns/op
OverheadActual  11: 8388608 op, 23588200.00 ns, 2.8119 ns/op
OverheadActual  12: 8388608 op, 19188500.00 ns, 2.2874 ns/op
OverheadActual  13: 8388608 op, 19287600.00 ns, 2.2993 ns/op
OverheadActual  14: 8388608 op, 18237100.00 ns, 2.1740 ns/op
OverheadActual  15: 8388608 op, 17524000.00 ns, 2.0890 ns/op
OverheadActual  16: 8388608 op, 17714100.00 ns, 2.1117 ns/op
OverheadActual  17: 8388608 op, 17667500.00 ns, 2.1061 ns/op
OverheadActual  18: 8388608 op, 17614600.00 ns, 2.0998 ns/op
OverheadActual  19: 8388608 op, 17651300.00 ns, 2.1042 ns/op
OverheadActual  20: 8388608 op, 17605200.00 ns, 2.0987 ns/op

WorkloadWarmup   1: 8388608 op, 586027000.00 ns, 69.8599 ns/op
WorkloadWarmup   2: 8388608 op, 590670500.00 ns, 70.4134 ns/op
WorkloadWarmup   3: 8388608 op, 593065800.00 ns, 70.6990 ns/op

// BeforeActualRun
WorkloadActual   1: 8388608 op, 586196100.00 ns, 69.8800 ns/op
WorkloadActual   2: 8388608 op, 598044900.00 ns, 71.2925 ns/op
WorkloadActual   3: 8388608 op, 597728400.00 ns, 71.2548 ns/op
WorkloadActual   4: 8388608 op, 589737900.00 ns, 70.3022 ns/op
WorkloadActual   5: 8388608 op, 593630500.00 ns, 70.7663 ns/op
WorkloadActual   6: 8388608 op, 581322600.00 ns, 69.2991 ns/op
WorkloadActual   7: 8388608 op, 588718800.00 ns, 70.1807 ns/op
WorkloadActual   8: 8388608 op, 584521800.00 ns, 69.6804 ns/op
WorkloadActual   9: 8388608 op, 635254500.00 ns, 75.7282 ns/op
WorkloadActual  10: 8388608 op, 618081200.00 ns, 73.6810 ns/op

// AfterActualRun
WorkloadResult   1: 8388608 op, 565276400.00 ns, 67.3862 ns/op
WorkloadResult   2: 8388608 op, 577125200.00 ns, 68.7987 ns/op
WorkloadResult   3: 8388608 op, 576808700.00 ns, 68.7610 ns/op
WorkloadResult   4: 8388608 op, 568818200.00 ns, 67.8084 ns/op
WorkloadResult   5: 8388608 op, 572710800.00 ns, 68.2724 ns/op
WorkloadResult   6: 8388608 op, 560402900.00 ns, 66.8052 ns/op
WorkloadResult   7: 8388608 op, 567799100.00 ns, 67.6869 ns/op
WorkloadResult   8: 8388608 op, 563602100.00 ns, 67.1866 ns/op
// GC:  82 0 0 1073741936 8388608
// Threading:  0 0 8388608

// AfterAll
// Benchmark Process 52860 has exited with code 0.

Mean = 67.838 ns, StdErr = 0.256 ns (0.38%), N = 8, StdDev = 0.725 ns
Min = 66.805 ns, Q1 = 67.336 ns, Median = 67.748 ns, Q3 = 68.395 ns, Max = 68.799 ns
IQR = 1.058 ns, LowerFence = 65.749 ns, UpperFence = 69.982 ns
ConfidenceInterval = [66.451 ns; 69.225 ns] (CI 99.9%), Margin = 1.387 ns (2.04% of Mean)
Skewness = 0.09, Kurtosis = 1.34, MValue = 2

// ** Remained 6 (14.3%) benchmark(s) to run. Estimated finish 2026-08-03 12:27 (0h 1m from now) **
Setup power plan (GUID: 8c5e7fda-e8bf-4a96-9a85-a6e23a8c635c FriendlyName: High performance)
// **************************
// Benchmark: PipelineBehaviorBenchmarks.Send_Mediator_5Behaviors: Job-ASUFOU(IterationCount=10, LaunchCount=1, WarmupCount=3)
// *** Execute ***
// Launch: 1 / 1
// Execute: dotnet 8a773897-42cb-4ccd-8a9e-ce6ce7c896af.dll --anonymousPipes 1760 1768 --benchmarkName Plaxion.BenchMarks.Comparison.PipelineBehaviorBenchmarks.Send_Mediator_5Behaviors --job "IterationCount=10, LaunchCount=1, WarmupCount=3" --benchmarkId 36 in C:\Users\Angel\RiderProjects\PlaxionMediator\benchmarks-comparison\src\Plaxion.BenchMarks.Comparison\bin\Release\net9.0\8a773897-42cb-4ccd-8a9e-ce6ce7c896af\bin\Release\net9.0
// BeforeAnythingElse

// Benchmark Process Environment Information:
// BenchmarkDotNet v0.14.0
// Runtime=.NET 9.0.7 (9.0.725.31616), X64 RyuJIT AVX2
// GC=Concurrent Workstation
// HardwareIntrinsics=AVX2,AES,BMI1,BMI2,FMA,LZCNT,PCLMUL,POPCNT,AvxVnni,SERIALIZE VectorSize=256
// Job: Job-QHGOXT(IterationCount=10, LaunchCount=1, WarmupCount=3)

OverheadJitting  1: 1 op, 207300.00 ns, 207.3000 us/op
WorkloadJitting  1: 1 op, 14708900.00 ns, 14.7089 ms/op

OverheadJitting  2: 16 op, 429300.00 ns, 26.8313 us/op
WorkloadJitting  2: 16 op, 464800.00 ns, 29.0500 us/op

WorkloadPilot    1: 16 op, 45600.00 ns, 2.8500 us/op
WorkloadPilot    2: 32 op, 50100.00 ns, 1.5656 us/op
WorkloadPilot    3: 64 op, 72400.00 ns, 1.1313 us/op
WorkloadPilot    4: 128 op, 174300.00 ns, 1.3617 us/op
WorkloadPilot    5: 256 op, 274000.00 ns, 1.0703 us/op
WorkloadPilot    6: 512 op, 548300.00 ns, 1.0709 us/op
WorkloadPilot    7: 1024 op, 1029500.00 ns, 1.0054 us/op
WorkloadPilot    8: 2048 op, 1944100.00 ns, 949.2676 ns/op
WorkloadPilot    9: 4096 op, 3781500.00 ns, 923.2178 ns/op
WorkloadPilot   10: 8192 op, 7776600.00 ns, 949.2920 ns/op
WorkloadPilot   11: 16384 op, 14380000.00 ns, 877.6855 ns/op
WorkloadPilot   12: 32768 op, 25792800.00 ns, 787.1338 ns/op
WorkloadPilot   13: 65536 op, 50593300.00 ns, 771.9925 ns/op
WorkloadPilot   14: 131072 op, 112047500.00 ns, 854.8546 ns/op
WorkloadPilot   15: 262144 op, 120715700.00 ns, 460.4939 ns/op
WorkloadPilot   16: 524288 op, 157953100.00 ns, 301.2716 ns/op
WorkloadPilot   17: 1048576 op, 330062900.00 ns, 314.7725 ns/op
WorkloadPilot   18: 2097152 op, 674654200.00 ns, 321.7002 ns/op

OverheadWarmup   1: 2097152 op, 5394900.00 ns, 2.5725 ns/op
OverheadWarmup   2: 2097152 op, 5352400.00 ns, 2.5522 ns/op
OverheadWarmup   3: 2097152 op, 5433100.00 ns, 2.5907 ns/op
OverheadWarmup   4: 2097152 op, 5355000.00 ns, 2.5535 ns/op
OverheadWarmup   5: 2097152 op, 5348600.00 ns, 2.5504 ns/op
OverheadWarmup   6: 2097152 op, 5338500.00 ns, 2.5456 ns/op
OverheadWarmup   7: 2097152 op, 5471300.00 ns, 2.6089 ns/op
OverheadWarmup   8: 2097152 op, 5362500.00 ns, 2.5570 ns/op

OverheadActual   1: 2097152 op, 5386400.00 ns, 2.5684 ns/op
OverheadActual   2: 2097152 op, 5487800.00 ns, 2.6168 ns/op
OverheadActual   3: 2097152 op, 5356100.00 ns, 2.5540 ns/op
OverheadActual   4: 2097152 op, 5360600.00 ns, 2.5561 ns/op
OverheadActual   5: 2097152 op, 5347000.00 ns, 2.5496 ns/op
OverheadActual   6: 2097152 op, 5385600.00 ns, 2.5681 ns/op
OverheadActual   7: 2097152 op, 5477500.00 ns, 2.6119 ns/op
OverheadActual   8: 2097152 op, 5383500.00 ns, 2.5671 ns/op
OverheadActual   9: 2097152 op, 5348500.00 ns, 2.5504 ns/op
OverheadActual  10: 2097152 op, 5398000.00 ns, 2.5740 ns/op
OverheadActual  11: 2097152 op, 5374500.00 ns, 2.5628 ns/op
OverheadActual  12: 2097152 op, 5509600.00 ns, 2.6272 ns/op
OverheadActual  13: 2097152 op, 5253700.00 ns, 2.5052 ns/op
OverheadActual  14: 2097152 op, 5283000.00 ns, 2.5191 ns/op
OverheadActual  15: 2097152 op, 5330900.00 ns, 2.5420 ns/op

WorkloadWarmup   1: 2097152 op, 677809800.00 ns, 323.2049 ns/op
WorkloadWarmup   2: 2097152 op, 641960700.00 ns, 306.1107 ns/op
WorkloadWarmup   3: 2097152 op, 641934100.00 ns, 306.0980 ns/op

// BeforeActualRun
WorkloadActual   1: 2097152 op, 634732400.00 ns, 302.6640 ns/op
WorkloadActual   2: 2097152 op, 673844200.00 ns, 321.3140 ns/op
WorkloadActual   3: 2097152 op, 663330200.00 ns, 316.3005 ns/op
WorkloadActual   4: 2097152 op, 652291400.00 ns, 311.0368 ns/op
WorkloadActual   5: 2097152 op, 658705000.00 ns, 314.0950 ns/op
WorkloadActual   6: 2097152 op, 660949500.00 ns, 315.1653 ns/op
WorkloadActual   7: 2097152 op, 650920400.00 ns, 310.3830 ns/op
WorkloadActual   8: 2097152 op, 672913100.00 ns, 320.8700 ns/op
WorkloadActual   9: 2097152 op, 656255000.00 ns, 312.9268 ns/op
WorkloadActual  10: 2097152 op, 684115100.00 ns, 326.2115 ns/op

// AfterActualRun
WorkloadResult   1: 2097152 op, 629357900.00 ns, 300.1012 ns/op
WorkloadResult   2: 2097152 op, 668469700.00 ns, 318.7512 ns/op
WorkloadResult   3: 2097152 op, 657955700.00 ns, 313.7377 ns/op
WorkloadResult   4: 2097152 op, 646916900.00 ns, 308.4740 ns/op
WorkloadResult   5: 2097152 op, 653330500.00 ns, 311.5323 ns/op
WorkloadResult   6: 2097152 op, 655575000.00 ns, 312.6025 ns/op
WorkloadResult   7: 2097152 op, 645545900.00 ns, 307.8203 ns/op
WorkloadResult   8: 2097152 op, 667538600.00 ns, 318.3072 ns/op
WorkloadResult   9: 2097152 op, 650880500.00 ns, 310.3640 ns/op
WorkloadResult  10: 2097152 op, 678740600.00 ns, 323.6487 ns/op
// GC:  102 0 0 1342177392 2097152
// Threading:  0 0 2097152

// AfterAll
// Benchmark Process 25248 has exited with code 0.

Mean = 312.534 ns, StdErr = 2.098 ns (0.67%), N = 10, StdDev = 6.633 ns
Min = 300.101 ns, Q1 = 308.947 ns, Median = 312.067 ns, Q3 = 317.165 ns, Max = 323.649 ns
IQR = 8.218 ns, LowerFence = 296.619 ns, UpperFence = 329.492 ns
ConfidenceInterval = [302.506 ns; 322.562 ns] (CI 99.9%), Margin = 10.028 ns (3.21% of Mean)
Skewness = -0.1, Kurtosis = 2.2, MValue = 2

// ** Remained 5 (11.9%) benchmark(s) to run. Estimated finish 2026-08-03 12:27 (0h 1m from now) **
Setup power plan (GUID: 8c5e7fda-e8bf-4a96-9a85-a6e23a8c635c FriendlyName: High performance)
// **************************
// Benchmark: PipelineBehaviorBenchmarks.Send_Mediator_10Behaviors: Job-ASUFOU(IterationCount=10, LaunchCount=1, WarmupCount=3)
// *** Execute ***
// Launch: 1 / 1
// Execute: dotnet 8a773897-42cb-4ccd-8a9e-ce6ce7c896af.dll --anonymousPipes 1056 1440 --benchmarkName Plaxion.BenchMarks.Comparison.PipelineBehaviorBenchmarks.Send_Mediator_10Behaviors --job "IterationCount=10, LaunchCount=1, WarmupCount=3" --benchmarkId 37 in C:\Users\Angel\RiderProjects\PlaxionMediator\benchmarks-comparison\src\Plaxion.BenchMarks.Comparison\bin\Release\net9.0\8a773897-42cb-4ccd-8a9e-ce6ce7c896af\bin\Release\net9.0
// BeforeAnythingElse

// Benchmark Process Environment Information:
// BenchmarkDotNet v0.14.0
// Runtime=.NET 9.0.7 (9.0.725.31616), X64 RyuJIT AVX2
// GC=Concurrent Workstation
// HardwareIntrinsics=AVX2,AES,BMI1,BMI2,FMA,LZCNT,PCLMUL,POPCNT,AvxVnni,SERIALIZE VectorSize=256
// Job: Job-LKFIVX(IterationCount=10, LaunchCount=1, WarmupCount=3)

OverheadJitting  1: 1 op, 181300.00 ns, 181.3000 us/op
WorkloadJitting  1: 1 op, 17358200.00 ns, 17.3582 ms/op

OverheadJitting  2: 16 op, 348300.00 ns, 21.7688 us/op
WorkloadJitting  2: 16 op, 435400.00 ns, 27.2125 us/op

WorkloadPilot    1: 16 op, 41800.00 ns, 2.6125 us/op
WorkloadPilot    2: 32 op, 61700.00 ns, 1.9281 us/op
WorkloadPilot    3: 64 op, 142000.00 ns, 2.2188 us/op
WorkloadPilot    4: 128 op, 274100.00 ns, 2.1414 us/op
WorkloadPilot    5: 256 op, 546100.00 ns, 2.1332 us/op
WorkloadPilot    6: 512 op, 1018900.00 ns, 1.9900 us/op
WorkloadPilot    7: 1024 op, 1973400.00 ns, 1.9271 us/op
WorkloadPilot    8: 2048 op, 3849000.00 ns, 1.8794 us/op
WorkloadPilot    9: 4096 op, 7537300.00 ns, 1.8402 us/op
WorkloadPilot   10: 8192 op, 14833900.00 ns, 1.8108 us/op
WorkloadPilot   11: 16384 op, 26183800.00 ns, 1.5981 us/op
WorkloadPilot   12: 32768 op, 50371400.00 ns, 1.5372 us/op
WorkloadPilot   13: 65536 op, 120992700.00 ns, 1.8462 us/op
WorkloadPilot   14: 131072 op, 121065200.00 ns, 923.6542 ns/op
WorkloadPilot   15: 262144 op, 159793200.00 ns, 609.5627 ns/op
WorkloadPilot   16: 524288 op, 319526900.00 ns, 609.4492 ns/op
WorkloadPilot   17: 1048576 op, 644722500.00 ns, 614.8553 ns/op

OverheadWarmup   1: 1048576 op, 2713200.00 ns, 2.5875 ns/op
OverheadWarmup   2: 1048576 op, 2710500.00 ns, 2.5849 ns/op
OverheadWarmup   3: 1048576 op, 2661300.00 ns, 2.5380 ns/op
OverheadWarmup   4: 1048576 op, 2728900.00 ns, 2.6025 ns/op
OverheadWarmup   5: 1048576 op, 2734300.00 ns, 2.6076 ns/op
OverheadWarmup   6: 1048576 op, 2661500.00 ns, 2.5382 ns/op
OverheadWarmup   7: 1048576 op, 2666300.00 ns, 2.5428 ns/op
OverheadWarmup   8: 1048576 op, 2699100.00 ns, 2.5741 ns/op
OverheadWarmup   9: 1048576 op, 2663400.00 ns, 2.5400 ns/op

OverheadActual   1: 1048576 op, 2665900.00 ns, 2.5424 ns/op
OverheadActual   2: 1048576 op, 2689100.00 ns, 2.5645 ns/op
OverheadActual   3: 1048576 op, 2719600.00 ns, 2.5936 ns/op
OverheadActual   4: 1048576 op, 2673600.00 ns, 2.5497 ns/op
OverheadActual   5: 1048576 op, 2676000.00 ns, 2.5520 ns/op
OverheadActual   6: 1048576 op, 2647200.00 ns, 2.5246 ns/op
OverheadActual   7: 1048576 op, 2718900.00 ns, 2.5929 ns/op
OverheadActual   8: 1048576 op, 2706100.00 ns, 2.5807 ns/op
OverheadActual   9: 1048576 op, 2634600.00 ns, 2.5126 ns/op
OverheadActual  10: 1048576 op, 2657400.00 ns, 2.5343 ns/op
OverheadActual  11: 1048576 op, 2634200.00 ns, 2.5122 ns/op
OverheadActual  12: 1048576 op, 2636800.00 ns, 2.5146 ns/op
OverheadActual  13: 1048576 op, 2666800.00 ns, 2.5433 ns/op
OverheadActual  14: 1048576 op, 2657000.00 ns, 2.5339 ns/op
OverheadActual  15: 1048576 op, 2663900.00 ns, 2.5405 ns/op

WorkloadWarmup   1: 1048576 op, 661636200.00 ns, 630.9855 ns/op
WorkloadWarmup   2: 1048576 op, 650773100.00 ns, 620.6256 ns/op
WorkloadWarmup   3: 1048576 op, 644965600.00 ns, 615.0871 ns/op

// BeforeActualRun
WorkloadActual   1: 1048576 op, 645779900.00 ns, 615.8637 ns/op
WorkloadActual   2: 1048576 op, 636528600.00 ns, 607.0410 ns/op
WorkloadActual   3: 1048576 op, 636468000.00 ns, 606.9832 ns/op
WorkloadActual   4: 1048576 op, 639082900.00 ns, 609.4769 ns/op
WorkloadActual   5: 1048576 op, 641749100.00 ns, 612.0196 ns/op
WorkloadActual   6: 1048576 op, 627226300.00 ns, 598.1696 ns/op
WorkloadActual   7: 1048576 op, 659994900.00 ns, 629.4202 ns/op
WorkloadActual   8: 1048576 op, 633819200.00 ns, 604.4571 ns/op
WorkloadActual   9: 1048576 op, 628372900.00 ns, 599.2631 ns/op
WorkloadActual  10: 1048576 op, 634801500.00 ns, 605.3939 ns/op

// AfterActualRun
WorkloadResult   1: 1048576 op, 643114000.00 ns, 613.3213 ns/op
WorkloadResult   2: 1048576 op, 633862700.00 ns, 604.4986 ns/op
WorkloadResult   3: 1048576 op, 633802100.00 ns, 604.4408 ns/op
WorkloadResult   4: 1048576 op, 636417000.00 ns, 606.9345 ns/op
WorkloadResult   5: 1048576 op, 639083200.00 ns, 609.4772 ns/op
WorkloadResult   6: 1048576 op, 624560400.00 ns, 595.6272 ns/op
WorkloadResult   7: 1048576 op, 631153300.00 ns, 601.9147 ns/op
WorkloadResult   8: 1048576 op, 625707000.00 ns, 596.7207 ns/op
WorkloadResult   9: 1048576 op, 632135600.00 ns, 602.8515 ns/op
// GC:  102 0 0 1342177344 1048576
// Threading:  0 0 1048576

// AfterAll
// Benchmark Process 14592 has exited with code 0.

Mean = 603.976 ns, StdErr = 1.881 ns (0.31%), N = 9, StdDev = 5.642 ns
Min = 595.627 ns, Q1 = 601.915 ns, Median = 604.441 ns, Q3 = 606.935 ns, Max = 613.321 ns
IQR = 5.020 ns, LowerFence = 594.385 ns, UpperFence = 614.464 ns
ConfidenceInterval = [594.495 ns; 613.458 ns] (CI 99.9%), Margin = 9.482 ns (1.57% of Mean)
Skewness = 0.02, Kurtosis = 1.78, MValue = 2

// ** Remained 4 (9.5%) benchmark(s) to run. Estimated finish 2026-08-03 12:27 (0h 0m from now) **
Setup power plan (GUID: 8c5e7fda-e8bf-4a96-9a85-a6e23a8c635c FriendlyName: High performance)
// **************************
// Benchmark: PipelineBehaviorBenchmarks.Send_Mediator_20Behaviors: Job-ASUFOU(IterationCount=10, LaunchCount=1, WarmupCount=3)
// *** Execute ***
// Launch: 1 / 1
// Execute: dotnet 8a773897-42cb-4ccd-8a9e-ce6ce7c896af.dll --anonymousPipes 1440 1164 --benchmarkName Plaxion.BenchMarks.Comparison.PipelineBehaviorBenchmarks.Send_Mediator_20Behaviors --job "IterationCount=10, LaunchCount=1, WarmupCount=3" --benchmarkId 38 in C:\Users\Angel\RiderProjects\PlaxionMediator\benchmarks-comparison\src\Plaxion.BenchMarks.Comparison\bin\Release\net9.0\8a773897-42cb-4ccd-8a9e-ce6ce7c896af\bin\Release\net9.0
// BeforeAnythingElse

// Benchmark Process Environment Information:
// BenchmarkDotNet v0.14.0
// Runtime=.NET 9.0.7 (9.0.725.31616), X64 RyuJIT AVX2
// GC=Concurrent Workstation
// HardwareIntrinsics=AVX2,AES,BMI1,BMI2,FMA,LZCNT,PCLMUL,POPCNT,AvxVnni,SERIALIZE VectorSize=256
// Job: Job-HAMDMQ(IterationCount=10, LaunchCount=1, WarmupCount=3)

OverheadJitting  1: 1 op, 176400.00 ns, 176.4000 us/op
WorkloadJitting  1: 1 op, 24176500.00 ns, 24.1765 ms/op

OverheadJitting  2: 16 op, 339900.00 ns, 21.2438 us/op
WorkloadJitting  2: 16 op, 472500.00 ns, 29.5313 us/op

WorkloadPilot    1: 16 op, 83900.00 ns, 5.2438 us/op
WorkloadPilot    2: 32 op, 159900.00 ns, 4.9969 us/op
WorkloadPilot    3: 64 op, 302600.00 ns, 4.7281 us/op
WorkloadPilot    4: 128 op, 599600.00 ns, 4.6844 us/op
WorkloadPilot    5: 256 op, 1097700.00 ns, 4.2879 us/op
WorkloadPilot    6: 512 op, 2207600.00 ns, 4.3117 us/op
WorkloadPilot    7: 1024 op, 3729200.00 ns, 3.6418 us/op
WorkloadPilot    8: 2048 op, 7778700.00 ns, 3.7982 us/op
WorkloadPilot    9: 4096 op, 15611400.00 ns, 3.8114 us/op
WorkloadPilot   10: 8192 op, 27137300.00 ns, 3.3127 us/op
WorkloadPilot   11: 16384 op, 52085600.00 ns, 3.1791 us/op
WorkloadPilot   12: 32768 op, 122651700.00 ns, 3.7430 us/op
WorkloadPilot   13: 65536 op, 122566100.00 ns, 1.8702 us/op
WorkloadPilot   14: 131072 op, 173034100.00 ns, 1.3201 us/op
WorkloadPilot   15: 262144 op, 340638800.00 ns, 1.2994 us/op
WorkloadPilot   16: 524288 op, 661093200.00 ns, 1.2609 us/op

OverheadWarmup   1: 524288 op, 1373100.00 ns, 2.6190 ns/op
OverheadWarmup   2: 524288 op, 1344700.00 ns, 2.5648 ns/op
OverheadWarmup   3: 524288 op, 1428400.00 ns, 2.7245 ns/op
OverheadWarmup   4: 524288 op, 1344200.00 ns, 2.5639 ns/op
OverheadWarmup   5: 524288 op, 1377300.00 ns, 2.6270 ns/op
OverheadWarmup   6: 524288 op, 1346900.00 ns, 2.5690 ns/op

OverheadActual   1: 524288 op, 1364800.00 ns, 2.6031 ns/op
OverheadActual   2: 524288 op, 1343500.00 ns, 2.5625 ns/op
OverheadActual   3: 524288 op, 1335100.00 ns, 2.5465 ns/op
OverheadActual   4: 524288 op, 1360800.00 ns, 2.5955 ns/op
OverheadActual   5: 524288 op, 1334800.00 ns, 2.5459 ns/op
OverheadActual   6: 524288 op, 1339500.00 ns, 2.5549 ns/op
OverheadActual   7: 524288 op, 1369700.00 ns, 2.6125 ns/op
OverheadActual   8: 524288 op, 1331900.00 ns, 2.5404 ns/op
OverheadActual   9: 524288 op, 1360500.00 ns, 2.5949 ns/op
OverheadActual  10: 524288 op, 1373200.00 ns, 2.6192 ns/op
OverheadActual  11: 524288 op, 1336300.00 ns, 2.5488 ns/op
OverheadActual  12: 524288 op, 1373600.00 ns, 2.6199 ns/op
OverheadActual  13: 524288 op, 1344200.00 ns, 2.5639 ns/op
OverheadActual  14: 524288 op, 1410900.00 ns, 2.6911 ns/op
OverheadActual  15: 524288 op, 1324200.00 ns, 2.5257 ns/op

WorkloadWarmup   1: 524288 op, 679498400.00 ns, 1.2960 us/op
WorkloadWarmup   2: 524288 op, 670899200.00 ns, 1.2796 us/op
WorkloadWarmup   3: 524288 op, 669410600.00 ns, 1.2768 us/op

// BeforeActualRun
WorkloadActual   1: 524288 op, 669202500.00 ns, 1.2764 us/op
WorkloadActual   2: 524288 op, 689398800.00 ns, 1.3149 us/op
WorkloadActual   3: 524288 op, 672279100.00 ns, 1.2823 us/op
WorkloadActual   4: 524288 op, 675760200.00 ns, 1.2889 us/op
WorkloadActual   5: 524288 op, 675845000.00 ns, 1.2891 us/op
WorkloadActual   6: 524288 op, 685275200.00 ns, 1.3071 us/op
WorkloadActual   7: 524288 op, 661143500.00 ns, 1.2610 us/op
WorkloadActual   8: 524288 op, 674175700.00 ns, 1.2859 us/op
WorkloadActual   9: 524288 op, 673419600.00 ns, 1.2844 us/op
WorkloadActual  10: 524288 op, 659988900.00 ns, 1.2588 us/op

// AfterActualRun
WorkloadResult   1: 524288 op, 667858300.00 ns, 1.2738 us/op
WorkloadResult   2: 524288 op, 670934900.00 ns, 1.2797 us/op
WorkloadResult   3: 524288 op, 674416000.00 ns, 1.2863 us/op
WorkloadResult   4: 524288 op, 674500800.00 ns, 1.2865 us/op
WorkloadResult   5: 524288 op, 659799300.00 ns, 1.2585 us/op
WorkloadResult   6: 524288 op, 672831500.00 ns, 1.2833 us/op
WorkloadResult   7: 524288 op, 672075400.00 ns, 1.2819 us/op
WorkloadResult   8: 524288 op, 658644700.00 ns, 1.2563 us/op
// GC:  102 0 0 1342177344 524288
// Threading:  0 0 524288

// AfterAll
// Benchmark Process 75296 has exited with code 0.

Mean = 1.276 μs, StdErr = 0.004 μs (0.33%), N = 8, StdDev = 0.012 μs
Min = 1.256 μs, Q1 = 1.270 μs, Median = 1.281 μs, Q3 = 1.284 μs, Max = 1.287 μs
IQR = 0.014 μs, LowerFence = 1.249 μs, UpperFence = 1.305 μs
ConfidenceInterval = [1.253 μs; 1.299 μs] (CI 99.9%), Margin = 0.023 μs (1.81% of Mean)
Skewness = -0.68, Kurtosis = 1.56, MValue = 2

// ** Remained 3 (7.1%) benchmark(s) to run. Estimated finish 2026-08-03 12:27 (0h 0m from now) **
Successfully reverted power plan (GUID: 381b4222-f694-41f0-9685-ff5bb260df2e FriendlyName: Balanced)
// ***** BenchmarkRunner: Finish  *****

// * Export *
  BenchmarkDotNet.Artifacts\results\Plaxion.BenchMarks.Comparison.PipelineBehaviorBenchmarks-report-full.json
  BenchmarkDotNet.Artifacts\results\Plaxion.BenchMarks.Comparison.PipelineBehaviorBenchmarks-report.csv
  BenchmarkDotNet.Artifacts\results\Plaxion.BenchMarks.Comparison.PipelineBehaviorBenchmarks-report-github.md

// * Detailed results *
PipelineBehaviorBenchmarks.Send_Mediator_0Behaviors: Job-ASUFOU(IterationCount=10, LaunchCount=1, WarmupCount=3)
Runtime = .NET 9.0.7 (9.0.725.31616), X64 RyuJIT AVX2; GC = Concurrent Workstation
Mean = 16.889 ns, StdErr = 0.038 ns (0.22%), N = 10, StdDev = 0.120 ns
Min = 16.640 ns, Q1 = 16.835 ns, Median = 16.893 ns, Q3 = 16.945 ns, Max = 17.098 ns
IQR = 0.110 ns, LowerFence = 16.671 ns, UpperFence = 17.109 ns
ConfidenceInterval = [16.707 ns; 17.070 ns] (CI 99.9%), Margin = 0.181 ns (1.07% of Mean)
Skewness = -0.33, Kurtosis = 2.84, MValue = 2
-------------------- Histogram --------------------
[16.567 ns ; 17.171 ns) | @@@@@@@@@@
---------------------------------------------------

PipelineBehaviorBenchmarks.Send_Plaxion_0Behaviors: Job-ASUFOU(IterationCount=10, LaunchCount=1, WarmupCount=3)
Runtime = .NET 9.0.7 (9.0.725.31616), X64 RyuJIT AVX2; GC = Concurrent Workstation
Mean = 48.390 ns, StdErr = 0.116 ns (0.24%), N = 10, StdDev = 0.366 ns
Min = 47.986 ns, Q1 = 48.194 ns, Median = 48.286 ns, Q3 = 48.598 ns, Max = 49.176 ns
IQR = 0.404 ns, LowerFence = 47.587 ns, UpperFence = 49.204 ns
ConfidenceInterval = [47.838 ns; 48.943 ns] (CI 99.9%), Margin = 0.553 ns (1.14% of Mean)
Skewness = 0.84, Kurtosis = 2.49, MValue = 2
-------------------- Histogram --------------------
[47.763 ns ; 49.399 ns) | @@@@@@@@@@
---------------------------------------------------

PipelineBehaviorBenchmarks.Send_MediatR_0Behaviors: Job-ASUFOU(IterationCount=10, LaunchCount=1, WarmupCount=3)
Runtime = .NET 9.0.7 (9.0.725.31616), X64 RyuJIT AVX2; GC = Concurrent Workstation
Mean = 53.609 ns, StdErr = 0.302 ns (0.56%), N = 10, StdDev = 0.954 ns
Min = 52.618 ns, Q1 = 52.933 ns, Median = 53.264 ns, Q3 = 54.073 ns, Max = 55.257 ns
IQR = 1.140 ns, LowerFence = 51.224 ns, UpperFence = 55.783 ns
ConfidenceInterval = [52.167 ns; 55.051 ns] (CI 99.9%), Margin = 1.442 ns (2.69% of Mean)
Skewness = 0.74, Kurtosis = 1.8, MValue = 2
-------------------- Histogram --------------------
[52.464 ns ; 53.626 ns) | @@@@@@@
[53.626 ns ; 55.346 ns) | @@@
---------------------------------------------------

PipelineBehaviorBenchmarks.Send_Mediator_1Behavior: Job-ASUFOU(IterationCount=10, LaunchCount=1, WarmupCount=3)
Runtime = .NET 9.0.7 (9.0.725.31616), X64 RyuJIT AVX2; GC = Concurrent Workstation
Mean = 67.838 ns, StdErr = 0.256 ns (0.38%), N = 8, StdDev = 0.725 ns
Min = 66.805 ns, Q1 = 67.336 ns, Median = 67.748 ns, Q3 = 68.395 ns, Max = 68.799 ns
IQR = 1.058 ns, LowerFence = 65.749 ns, UpperFence = 69.982 ns
ConfidenceInterval = [66.451 ns; 69.225 ns] (CI 99.9%), Margin = 1.387 ns (2.04% of Mean)
Skewness = 0.09, Kurtosis = 1.34, MValue = 2
-------------------- Histogram --------------------
[66.329 ns ; 69.275 ns) | @@@@@@@@
---------------------------------------------------

PipelineBehaviorBenchmarks.Send_MediatR_1Behavior: Job-ASUFOU(IterationCount=10, LaunchCount=1, WarmupCount=3)
Runtime = .NET 9.0.7 (9.0.725.31616), X64 RyuJIT AVX2; GC = Concurrent Workstation
Mean = 165.632 ns, StdErr = 2.422 ns (1.46%), N = 10, StdDev = 7.658 ns
Min = 154.678 ns, Q1 = 159.632 ns, Median = 165.544 ns, Q3 = 171.522 ns, Max = 176.487 ns
IQR = 11.890 ns, LowerFence = 141.796 ns, UpperFence = 189.358 ns
ConfidenceInterval = [154.054 ns; 177.210 ns] (CI 99.9%), Margin = 11.578 ns (6.99% of Mean)
Skewness = -0.02, Kurtosis = 1.4, MValue = 2
-------------------- Histogram --------------------
[151.954 ns ; 161.349 ns) | @@@
[161.349 ns ; 170.680 ns) | @@@@
[170.680 ns ; 181.153 ns) | @@@
---------------------------------------------------

PipelineBehaviorBenchmarks.Send_Plaxion_1Behavior: Job-ASUFOU(IterationCount=10, LaunchCount=1, WarmupCount=3)
Runtime = .NET 9.0.7 (9.0.725.31616), X64 RyuJIT AVX2; GC = Concurrent Workstation
Mean = 167.584 ns, StdErr = 0.391 ns (0.23%), N = 9, StdDev = 1.173 ns
Min = 166.261 ns, Q1 = 166.497 ns, Median = 167.206 ns, Q3 = 168.745 ns, Max = 169.342 ns
IQR = 2.247 ns, LowerFence = 163.126 ns, UpperFence = 172.116 ns
ConfidenceInterval = [165.612 ns; 169.555 ns] (CI 99.9%), Margin = 1.972 ns (1.18% of Mean)
Skewness = 0.25, Kurtosis = 1.25, MValue = 2
-------------------- Histogram --------------------
[165.521 ns ; 170.082 ns) | @@@@@@@@@
---------------------------------------------------

PipelineBehaviorBenchmarks.Send_Mediator_5Behaviors: Job-ASUFOU(IterationCount=10, LaunchCount=1, WarmupCount=3)
Runtime = .NET 9.0.7 (9.0.725.31616), X64 RyuJIT AVX2; GC = Concurrent Workstation
Mean = 312.534 ns, StdErr = 2.098 ns (0.67%), N = 10, StdDev = 6.633 ns
Min = 300.101 ns, Q1 = 308.947 ns, Median = 312.067 ns, Q3 = 317.165 ns, Max = 323.649 ns
IQR = 8.218 ns, LowerFence = 296.619 ns, UpperFence = 329.492 ns
ConfidenceInterval = [302.506 ns; 322.562 ns] (CI 99.9%), Margin = 10.028 ns (3.21% of Mean)
Skewness = -0.1, Kurtosis = 2.2, MValue = 2
-------------------- Histogram --------------------
[296.060 ns ; 306.738 ns) | @
[306.738 ns ; 314.820 ns) | @@@@@@
[314.820 ns ; 325.019 ns) | @@@
---------------------------------------------------

PipelineBehaviorBenchmarks.Send_MediatR_5Behaviors: Job-ASUFOU(IterationCount=10, LaunchCount=1, WarmupCount=3)
Runtime = .NET 9.0.7 (9.0.725.31616), X64 RyuJIT AVX2; GC = Concurrent Workstation
Mean = 481.459 ns, StdErr = 4.725 ns (0.98%), N = 9, StdDev = 14.176 ns
Min = 465.920 ns, Q1 = 471.190 ns, Median = 478.896 ns, Q3 = 490.676 ns, Max = 505.037 ns
IQR = 19.485 ns, LowerFence = 441.962 ns, UpperFence = 519.904 ns
ConfidenceInterval = [457.638 ns; 505.280 ns] (CI 99.9%), Margin = 23.821 ns (4.95% of Mean)
Skewness = 0.38, Kurtosis = 1.47, MValue = 2
-------------------- Histogram --------------------
[463.463 ns ; 481.353 ns) | @@@@@
[481.353 ns ; 506.801 ns) | @@@@
---------------------------------------------------

PipelineBehaviorBenchmarks.Send_Plaxion_5Behaviors: Job-ASUFOU(IterationCount=10, LaunchCount=1, WarmupCount=3)
Runtime = .NET 9.0.7 (9.0.725.31616), X64 RyuJIT AVX2; GC = Concurrent Workstation
Mean = 547.856 ns, StdErr = 3.328 ns (0.61%), N = 9, StdDev = 9.984 ns
Min = 533.527 ns, Q1 = 538.759 ns, Median = 553.540 ns, Q3 = 556.773 ns, Max = 557.461 ns
IQR = 18.014 ns, LowerFence = 511.738 ns, UpperFence = 583.794 ns
ConfidenceInterval = [531.079 ns; 564.632 ns] (CI 99.9%), Margin = 16.777 ns (3.06% of Mean)
Skewness = -0.29, Kurtosis = 1.07, MValue = 2
-------------------- Histogram --------------------
[531.772 ns ; 549.201 ns) | @@@@
[549.201 ns ; 563.761 ns) | @@@@@
---------------------------------------------------

PipelineBehaviorBenchmarks.Send_Mediator_10Behaviors: Job-ASUFOU(IterationCount=10, LaunchCount=1, WarmupCount=3)
Runtime = .NET 9.0.7 (9.0.725.31616), X64 RyuJIT AVX2; GC = Concurrent Workstation
Mean = 603.976 ns, StdErr = 1.881 ns (0.31%), N = 9, StdDev = 5.642 ns
Min = 595.627 ns, Q1 = 601.915 ns, Median = 604.441 ns, Q3 = 606.935 ns, Max = 613.321 ns
IQR = 5.020 ns, LowerFence = 594.385 ns, UpperFence = 614.464 ns
ConfidenceInterval = [594.495 ns; 613.458 ns] (CI 99.9%), Margin = 9.482 ns (1.57% of Mean)
Skewness = 0.02, Kurtosis = 1.78, MValue = 2
-------------------- Histogram --------------------
[592.067 ns ; 616.882 ns) | @@@@@@@@@
---------------------------------------------------

PipelineBehaviorBenchmarks.Send_MediatR_10Behaviors: Job-ASUFOU(IterationCount=10, LaunchCount=1, WarmupCount=3)
Runtime = .NET 9.0.7 (9.0.725.31616), X64 RyuJIT AVX2; GC = Concurrent Workstation
Mean = 800.118 ns, StdErr = 4.635 ns (0.58%), N = 9, StdDev = 13.906 ns
Min = 774.451 ns, Q1 = 797.458 ns, Median = 799.428 ns, Q3 = 802.652 ns, Max = 820.660 ns
IQR = 5.194 ns, LowerFence = 789.668 ns, UpperFence = 810.443 ns
ConfidenceInterval = [776.749 ns; 823.487 ns] (CI 99.9%), Margin = 23.369 ns (2.92% of Mean)
Skewness = -0.22, Kurtosis = 2.14, MValue = 2
-------------------- Histogram --------------------
[765.676 ns ; 786.277 ns) | @
[786.277 ns ; 810.060 ns) | @@@@@@
[810.060 ns ; 829.435 ns) | @@
---------------------------------------------------

PipelineBehaviorBenchmarks.Send_Plaxion_10Behaviors: Job-ASUFOU(IterationCount=10, LaunchCount=1, WarmupCount=3)
Runtime = .NET 9.0.7 (9.0.725.31616), X64 RyuJIT AVX2; GC = Concurrent Workstation
Mean = 948.020 ns, StdErr = 2.891 ns (0.30%), N = 10, StdDev = 9.141 ns
Min = 936.198 ns, Q1 = 941.192 ns, Median = 946.691 ns, Q3 = 952.561 ns, Max = 967.198 ns
IQR = 11.370 ns, LowerFence = 924.137 ns, UpperFence = 969.616 ns
ConfidenceInterval = [934.200 ns; 961.840 ns] (CI 99.9%), Margin = 13.820 ns (1.46% of Mean)
Skewness = 0.62, Kurtosis = 2.41, MValue = 2
-------------------- Histogram --------------------
[932.216 ns ; 972.767 ns) | @@@@@@@@@@
---------------------------------------------------

PipelineBehaviorBenchmarks.Send_Mediator_20Behaviors: Job-ASUFOU(IterationCount=10, LaunchCount=1, WarmupCount=3)
Runtime = .NET 9.0.7 (9.0.725.31616), X64 RyuJIT AVX2; GC = Concurrent Workstation
Mean = 1.276 μs, StdErr = 0.004 μs (0.33%), N = 8, StdDev = 0.012 μs
Min = 1.256 μs, Q1 = 1.270 μs, Median = 1.281 μs, Q3 = 1.284 μs, Max = 1.287 μs
IQR = 0.014 μs, LowerFence = 1.249 μs, UpperFence = 1.305 μs
ConfidenceInterval = [1.253 μs; 1.299 μs] (CI 99.9%), Margin = 0.023 μs (1.81% of Mean)
Skewness = -0.68, Kurtosis = 1.56, MValue = 2
-------------------- Histogram --------------------
[1.248 μs ; 1.294 μs) | @@@@@@@@
---------------------------------------------------

PipelineBehaviorBenchmarks.Send_MediatR_20Behaviors: Job-ASUFOU(IterationCount=10, LaunchCount=1, WarmupCount=3)
Runtime = .NET 9.0.7 (9.0.725.31616), X64 RyuJIT AVX2; GC = Concurrent Workstation
Mean = 1.700 μs, StdErr = 0.016 μs (0.93%), N = 10, StdDev = 0.050 μs
Min = 1.631 μs, Q1 = 1.673 μs, Median = 1.693 μs, Q3 = 1.725 μs, Max = 1.797 μs
IQR = 0.053 μs, LowerFence = 1.594 μs, UpperFence = 1.804 μs
ConfidenceInterval = [1.624 μs; 1.775 μs] (CI 99.9%), Margin = 0.075 μs (4.43% of Mean)
Skewness = 0.4, Kurtosis = 2.07, MValue = 2
-------------------- Histogram --------------------
[1.601 μs ; 1.669 μs) | @@
[1.669 μs ; 1.730 μs) | @@@@@@
[1.730 μs ; 1.802 μs) | @@
---------------------------------------------------

PipelineBehaviorBenchmarks.Send_Plaxion_20Behaviors: Job-ASUFOU(IterationCount=10, LaunchCount=1, WarmupCount=3)
Runtime = .NET 9.0.7 (9.0.725.31616), X64 RyuJIT AVX2; GC = Concurrent Workstation
Mean = 2.016 μs, StdErr = 0.005 μs (0.25%), N = 9, StdDev = 0.015 μs
Min = 1.990 μs, Q1 = 2.010 μs, Median = 2.021 μs, Q3 = 2.022 μs, Max = 2.036 μs
IQR = 0.011 μs, LowerFence = 1.993 μs, UpperFence = 2.039 μs
ConfidenceInterval = [1.991 μs; 2.041 μs] (CI 99.9%), Margin = 0.025 μs (1.24% of Mean)
Skewness = -0.45, Kurtosis = 1.82, MValue = 2
-------------------- Histogram --------------------
[1.980 μs ; 2.036 μs) | @@@@@@@@@
---------------------------------------------------

// * Summary *

BenchmarkDotNet v0.14.0, Windows 11 (10.0.26200.8875)
12th Gen Intel Core i7-12700K, 1 CPU, 20 logical and 12 physical cores
.NET SDK 9.0.202
  [Host]     : .NET 9.0.7 (9.0.725.31616), X64 RyuJIT AVX2
  Job-ASUFOU : .NET 9.0.7 (9.0.725.31616), X64 RyuJIT AVX2

IterationCount=10  LaunchCount=1  WarmupCount=3  

| Method                    | Mean        | Error     | StdDev    | Ratio | RatioSD | Rank | Gen0   | Gen1   | Allocated | Alloc Ratio |
|-------------------------- |------------:|----------:|----------:|------:|--------:|-----:|-------:|-------:|----------:|------------:|
| Send_Mediator_0Behaviors  |    16.89 ns |  0.181 ns |  0.120 ns |  0.35 |    0.00 |    1 |      - |      - |         - |          NA |
| Send_Plaxion_0Behaviors   |    48.39 ns |  0.553 ns |  0.366 ns |  1.00 |    0.01 |    2 |      - |      - |         - |          NA |
| Send_MediatR_0Behaviors   |    53.61 ns |  1.442 ns |  0.954 ns |  1.11 |    0.02 |    3 | 0.0201 |      - |     264 B |          NA |
| Send_Mediator_1Behavior   |    67.84 ns |  1.387 ns |  0.725 ns |  1.40 |    0.02 |    4 | 0.0098 |      - |     128 B |          NA |
| Send_MediatR_1Behavior    |   165.63 ns | 11.578 ns |  7.658 ns |  3.42 |    0.15 |    5 | 0.0494 |      - |     648 B |          NA |
| Send_Plaxion_1Behavior    |   167.58 ns |  1.972 ns |  1.173 ns |  3.46 |    0.03 |    5 | 0.0329 |      - |     432 B |          NA |
| Send_Mediator_5Behaviors  |   312.53 ns | 10.028 ns |  6.633 ns |  6.46 |    0.14 |    6 | 0.0486 |      - |     640 B |          NA |
| Send_MediatR_5Behaviors   |   481.46 ns | 23.821 ns | 14.176 ns |  9.95 |    0.29 |    7 | 0.1450 |      - |    1896 B |          NA |
| Send_Plaxion_5Behaviors   |   547.86 ns | 16.777 ns |  9.984 ns | 11.32 |    0.21 |    7 | 0.1059 |      - |    1392 B |          NA |
| Send_Mediator_10Behaviors |   603.98 ns |  9.482 ns |  5.642 ns | 12.48 |    0.14 |    7 | 0.0973 |      - |    1280 B |          NA |
| Send_MediatR_10Behaviors  |   800.12 ns | 23.369 ns | 13.906 ns | 16.54 |    0.30 |    8 | 0.2642 |      - |    3456 B |          NA |
| Send_Plaxion_10Behaviors  |   948.02 ns | 13.820 ns |  9.141 ns | 19.59 |    0.23 |    8 | 0.1974 |      - |    2592 B |          NA |
| Send_Mediator_20Behaviors | 1,275.79 ns | 23.087 ns | 12.075 ns | 26.37 |    0.30 |    9 | 0.1945 |      - |    2560 B |          NA |
| Send_MediatR_20Behaviors  | 1,699.70 ns | 75.365 ns | 49.849 ns | 35.13 |    1.01 |   10 | 0.5016 | 0.0019 |    6576 B |          NA |
| Send_Plaxion_20Behaviors  | 2,015.69 ns | 24.899 ns | 14.817 ns | 41.66 |    0.42 |   10 | 0.3815 |      - |    4992 B |          NA |

// * Legends *
  Mean        : Arithmetic mean of all measurements
  Error       : Half of 99.9% confidence interval
  StdDev      : Standard deviation of all measurements
  Ratio       : Mean of the ratio distribution ([Current]/[Baseline])
  RatioSD     : Standard deviation of the ratio distribution ([Current]/[Baseline])
  Rank        : Relative position of current benchmark mean among all benchmarks (Arabic style)
  Gen0        : GC Generation 0 collects per 1000 operations
  Gen1        : GC Generation 1 collects per 1000 operations
  Allocated   : Allocated memory per single operation (managed only, inclusive, 1KB = 1024B)
  Alloc Ratio : Allocated memory ratio distribution ([Current]/[Baseline])
  1 ns        : 1 Nanosecond (0.000000001 sec)

// * Diagnostic Output - MemoryDiagnoser *


// ***** BenchmarkRunner: End *****
Run time: 00:03:06 (186.06 sec), executed benchmarks: 15

// Found 3 benchmarks:
//   TypeVarietyBenchmarks.Dispatch_Plaxion_50Types: Job-ASUFOU(IterationCount=10, LaunchCount=1, WarmupCount=3)
//   TypeVarietyBenchmarks.Dispatch_MediatR_50Types: Job-ASUFOU(IterationCount=10, LaunchCount=1, WarmupCount=3)
//   TypeVarietyBenchmarks.Dispatch_Mediator_50Types: Job-ASUFOU(IterationCount=10, LaunchCount=1, WarmupCount=3)

Setup power plan (GUID: 8c5e7fda-e8bf-4a96-9a85-a6e23a8c635c FriendlyName: High performance)
// **************************
// Benchmark: TypeVarietyBenchmarks.Dispatch_Plaxion_50Types: Job-ASUFOU(IterationCount=10, LaunchCount=1, WarmupCount=3)
// *** Execute ***
// Launch: 1 / 1
// Execute: dotnet 8a773897-42cb-4ccd-8a9e-ce6ce7c896af.dll --anonymousPipes 1164 1776 --benchmarkName Plaxion.BenchMarks.Comparison.TypeVarietyBenchmarks.Dispatch_Plaxion_50Types --job "IterationCount=10, LaunchCount=1, WarmupCount=3" --benchmarkId 39 in C:\Users\Angel\RiderProjects\PlaxionMediator\benchmarks-comparison\src\Plaxion.BenchMarks.Comparison\bin\Release\net9.0\8a773897-42cb-4ccd-8a9e-ce6ce7c896af\bin\Release\net9.0
// BeforeAnythingElse

// Benchmark Process Environment Information:
// BenchmarkDotNet v0.14.0
// Runtime=.NET 9.0.7 (9.0.725.31616), X64 RyuJIT AVX2
// GC=Concurrent Workstation
// HardwareIntrinsics=AVX2,AES,BMI1,BMI2,FMA,LZCNT,PCLMUL,POPCNT,AvxVnni,SERIALIZE VectorSize=256
// Job: Job-WUKEYS(IterationCount=10, LaunchCount=1, WarmupCount=3)

OverheadJitting  1: 1 op, 138700.00 ns, 138.7000 us/op
WorkloadJitting  1: 1 op, 11634500.00 ns, 11.6345 ms/op

OverheadJitting  2: 16 op, 125600.00 ns, 7.8500 us/op
WorkloadJitting  2: 16 op, 1127900.00 ns, 70.4938 us/op

WorkloadPilot    1: 16 op, 530900.00 ns, 33.1813 us/op
WorkloadPilot    2: 32 op, 568100.00 ns, 17.7531 us/op
WorkloadPilot    3: 64 op, 1180700.00 ns, 18.4484 us/op
WorkloadPilot    4: 128 op, 13918600.00 ns, 108.7391 us/op
WorkloadPilot    5: 256 op, 4183000.00 ns, 16.3398 us/op
WorkloadPilot    6: 512 op, 8020300.00 ns, 15.6646 us/op
WorkloadPilot    7: 1024 op, 15954300.00 ns, 15.5804 us/op
WorkloadPilot    8: 2048 op, 31283300.00 ns, 15.2750 us/op
WorkloadPilot    9: 4096 op, 61201800.00 ns, 14.9418 us/op
WorkloadPilot   10: 8192 op, 110696200.00 ns, 13.5127 us/op
WorkloadPilot   11: 16384 op, 117427000.00 ns, 7.1672 us/op
WorkloadPilot   12: 32768 op, 210207300.00 ns, 6.4150 us/op
WorkloadPilot   13: 65536 op, 426291600.00 ns, 6.5047 us/op
WorkloadPilot   14: 131072 op, 846276300.00 ns, 6.4566 us/op

OverheadWarmup   1: 131072 op, 198000.00 ns, 1.5106 ns/op
OverheadWarmup   2: 131072 op, 207000.00 ns, 1.5793 ns/op
OverheadWarmup   3: 131072 op, 196900.00 ns, 1.5022 ns/op
OverheadWarmup   4: 131072 op, 196900.00 ns, 1.5022 ns/op
OverheadWarmup   5: 131072 op, 197000.00 ns, 1.5030 ns/op

OverheadActual   1: 131072 op, 196800.00 ns, 1.5015 ns/op
OverheadActual   2: 131072 op, 197000.00 ns, 1.5030 ns/op
OverheadActual   3: 131072 op, 196900.00 ns, 1.5022 ns/op
OverheadActual   4: 131072 op, 196900.00 ns, 1.5022 ns/op
OverheadActual   5: 131072 op, 196900.00 ns, 1.5022 ns/op
OverheadActual   6: 131072 op, 196800.00 ns, 1.5015 ns/op
OverheadActual   7: 131072 op, 196900.00 ns, 1.5022 ns/op
OverheadActual   8: 131072 op, 196900.00 ns, 1.5022 ns/op
OverheadActual   9: 131072 op, 324500.00 ns, 2.4757 ns/op
OverheadActual  10: 131072 op, 274400.00 ns, 2.0935 ns/op
OverheadActual  11: 131072 op, 196900.00 ns, 1.5022 ns/op
OverheadActual  12: 131072 op, 196900.00 ns, 1.5022 ns/op
OverheadActual  13: 131072 op, 196800.00 ns, 1.5015 ns/op
OverheadActual  14: 131072 op, 196900.00 ns, 1.5022 ns/op
OverheadActual  15: 131072 op, 196800.00 ns, 1.5015 ns/op

WorkloadWarmup   1: 131072 op, 842065700.00 ns, 6.4245 us/op
WorkloadWarmup   2: 131072 op, 846585100.00 ns, 6.4589 us/op
WorkloadWarmup   3: 131072 op, 843295100.00 ns, 6.4338 us/op

// BeforeActualRun
WorkloadActual   1: 131072 op, 840761500.00 ns, 6.4145 us/op
WorkloadActual   2: 131072 op, 846777900.00 ns, 6.4604 us/op
WorkloadActual   3: 131072 op, 848122500.00 ns, 6.4707 us/op
WorkloadActual   4: 131072 op, 844146500.00 ns, 6.4403 us/op
WorkloadActual   5: 131072 op, 852190900.00 ns, 6.5017 us/op
WorkloadActual   6: 131072 op, 836232800.00 ns, 6.3799 us/op
WorkloadActual   7: 131072 op, 843282000.00 ns, 6.4337 us/op
WorkloadActual   8: 131072 op, 841991400.00 ns, 6.4239 us/op
WorkloadActual   9: 131072 op, 843811900.00 ns, 6.4378 us/op
WorkloadActual  10: 131072 op, 839004900.00 ns, 6.4011 us/op

// AfterActualRun
WorkloadResult   1: 131072 op, 840564600.00 ns, 6.4130 us/op
WorkloadResult   2: 131072 op, 846581000.00 ns, 6.4589 us/op
WorkloadResult   3: 131072 op, 847925600.00 ns, 6.4692 us/op
WorkloadResult   4: 131072 op, 843949600.00 ns, 6.4388 us/op
WorkloadResult   5: 131072 op, 851994000.00 ns, 6.5002 us/op
WorkloadResult   6: 131072 op, 836035900.00 ns, 6.3784 us/op
WorkloadResult   7: 131072 op, 843085100.00 ns, 6.4322 us/op
WorkloadResult   8: 131072 op, 841794500.00 ns, 6.4224 us/op
WorkloadResult   9: 131072 op, 843615000.00 ns, 6.4363 us/op
WorkloadResult  10: 131072 op, 838808000.00 ns, 6.3996 us/op
// GC:  0 0 0 64 131072
// Threading:  0 0 131072

// AfterAll
// Benchmark Process 68840 has exited with code 0.

Mean = 6.435 μs, StdErr = 0.011 μs (0.17%), N = 10, StdDev = 0.035 μs
Min = 6.378 μs, Q1 = 6.415 μs, Median = 6.434 μs, Q3 = 6.454 μs, Max = 6.500 μs
IQR = 0.039 μs, LowerFence = 6.358 μs, UpperFence = 6.512 μs
ConfidenceInterval = [6.382 μs; 6.488 μs] (CI 99.9%), Margin = 0.053 μs (0.83% of Mean)
Skewness = 0.22, Kurtosis = 2.09, MValue = 2

// ** Remained 2 (4.8%) benchmark(s) to run. Estimated finish 2026-08-03 12:27 (0h 0m from now) **
Setup power plan (GUID: 8c5e7fda-e8bf-4a96-9a85-a6e23a8c635c FriendlyName: High performance)
// **************************
// Benchmark: TypeVarietyBenchmarks.Dispatch_MediatR_50Types: Job-ASUFOU(IterationCount=10, LaunchCount=1, WarmupCount=3)
// *** Execute ***
// Launch: 1 / 1
// Execute: dotnet 8a773897-42cb-4ccd-8a9e-ce6ce7c896af.dll --anonymousPipes 1732 1836 --benchmarkName Plaxion.BenchMarks.Comparison.TypeVarietyBenchmarks.Dispatch_MediatR_50Types --job "IterationCount=10, LaunchCount=1, WarmupCount=3" --benchmarkId 40 in C:\Users\Angel\RiderProjects\PlaxionMediator\benchmarks-comparison\src\Plaxion.BenchMarks.Comparison\bin\Release\net9.0\8a773897-42cb-4ccd-8a9e-ce6ce7c896af\bin\Release\net9.0
// BeforeAnythingElse

// Benchmark Process Environment Information:
// BenchmarkDotNet v0.14.0
// Runtime=.NET 9.0.7 (9.0.725.31616), X64 RyuJIT AVX2
// GC=Concurrent Workstation
// HardwareIntrinsics=AVX2,AES,BMI1,BMI2,FMA,LZCNT,PCLMUL,POPCNT,AvxVnni,SERIALIZE VectorSize=256
// Job: Job-PQNPLC(IterationCount=10, LaunchCount=1, WarmupCount=3)

OverheadJitting  1: 1 op, 146000.00 ns, 146.0000 us/op
WorkloadJitting  1: 1 op, 6935200.00 ns, 6.9352 ms/op

OverheadJitting  2: 16 op, 164300.00 ns, 10.2688 us/op
WorkloadJitting  2: 16 op, 5588000.00 ns, 349.2500 us/op

WorkloadPilot    1: 16 op, 255600.00 ns, 15.9750 us/op
WorkloadPilot    2: 32 op, 510000.00 ns, 15.9375 us/op
WorkloadPilot    3: 64 op, 1066900.00 ns, 16.6703 us/op
WorkloadPilot    4: 128 op, 2252400.00 ns, 17.5969 us/op
WorkloadPilot    5: 256 op, 4606100.00 ns, 17.9926 us/op
WorkloadPilot    6: 512 op, 8873000.00 ns, 17.3301 us/op
WorkloadPilot    7: 1024 op, 17952400.00 ns, 17.5316 us/op
WorkloadPilot    8: 2048 op, 30783100.00 ns, 15.0308 us/op
WorkloadPilot    9: 4096 op, 57286100.00 ns, 13.9859 us/op
WorkloadPilot   10: 8192 op, 94177800.00 ns, 11.4963 us/op
WorkloadPilot   11: 16384 op, 83392700.00 ns, 5.0899 us/op
WorkloadPilot   12: 32768 op, 155586400.00 ns, 4.7481 us/op
WorkloadPilot   13: 65536 op, 311924100.00 ns, 4.7596 us/op
WorkloadPilot   14: 131072 op, 626083300.00 ns, 4.7766 us/op

OverheadWarmup   1: 131072 op, 199900.00 ns, 1.5251 ns/op
OverheadWarmup   2: 131072 op, 199400.00 ns, 1.5213 ns/op
OverheadWarmup   3: 131072 op, 251900.00 ns, 1.9218 ns/op
OverheadWarmup   4: 131072 op, 199100.00 ns, 1.5190 ns/op
OverheadWarmup   5: 131072 op, 199200.00 ns, 1.5198 ns/op
OverheadWarmup   6: 131072 op, 199200.00 ns, 1.5198 ns/op

OverheadActual   1: 131072 op, 199400.00 ns, 1.5213 ns/op
OverheadActual   2: 131072 op, 199200.00 ns, 1.5198 ns/op
OverheadActual   3: 131072 op, 199200.00 ns, 1.5198 ns/op
OverheadActual   4: 131072 op, 199300.00 ns, 1.5205 ns/op
OverheadActual   5: 131072 op, 199200.00 ns, 1.5198 ns/op
OverheadActual   6: 131072 op, 209200.00 ns, 1.5961 ns/op
OverheadActual   7: 131072 op, 199200.00 ns, 1.5198 ns/op
OverheadActual   8: 131072 op, 199200.00 ns, 1.5198 ns/op
OverheadActual   9: 131072 op, 199100.00 ns, 1.5190 ns/op
OverheadActual  10: 131072 op, 199100.00 ns, 1.5190 ns/op
OverheadActual  11: 131072 op, 199200.00 ns, 1.5198 ns/op
OverheadActual  12: 131072 op, 199100.00 ns, 1.5190 ns/op
OverheadActual  13: 131072 op, 199300.00 ns, 1.5205 ns/op
OverheadActual  14: 131072 op, 199300.00 ns, 1.5205 ns/op
OverheadActual  15: 131072 op, 199100.00 ns, 1.5190 ns/op

WorkloadWarmup   1: 131072 op, 629263900.00 ns, 4.8009 us/op
WorkloadWarmup   2: 131072 op, 637096800.00 ns, 4.8607 us/op
WorkloadWarmup   3: 131072 op, 634770300.00 ns, 4.8429 us/op

// BeforeActualRun
WorkloadActual   1: 131072 op, 628748800.00 ns, 4.7970 us/op
WorkloadActual   2: 131072 op, 643793900.00 ns, 4.9118 us/op
WorkloadActual   3: 131072 op, 622716900.00 ns, 4.7510 us/op
WorkloadActual   4: 131072 op, 626888800.00 ns, 4.7828 us/op
WorkloadActual   5: 131072 op, 642288400.00 ns, 4.9003 us/op
WorkloadActual   6: 131072 op, 649081100.00 ns, 4.9521 us/op
WorkloadActual   7: 131072 op, 625086100.00 ns, 4.7690 us/op
WorkloadActual   8: 131072 op, 639564200.00 ns, 4.8795 us/op
WorkloadActual   9: 131072 op, 633016400.00 ns, 4.8295 us/op
WorkloadActual  10: 131072 op, 625804200.00 ns, 4.7745 us/op

// AfterActualRun
WorkloadResult   1: 131072 op, 628549600.00 ns, 4.7955 us/op
WorkloadResult   2: 131072 op, 643594700.00 ns, 4.9102 us/op
WorkloadResult   3: 131072 op, 622517700.00 ns, 4.7494 us/op
WorkloadResult   4: 131072 op, 626689600.00 ns, 4.7813 us/op
WorkloadResult   5: 131072 op, 642089200.00 ns, 4.8988 us/op
WorkloadResult   6: 131072 op, 648881900.00 ns, 4.9506 us/op
WorkloadResult   7: 131072 op, 624886900.00 ns, 4.7675 us/op
WorkloadResult   8: 131072 op, 639365000.00 ns, 4.8780 us/op
WorkloadResult   9: 131072 op, 632817200.00 ns, 4.8280 us/op
WorkloadResult  10: 131072 op, 625605000.00 ns, 4.7730 us/op
// GC:  132 0 0 1730150464 131072
// Threading:  0 0 131072

// AfterAll
// Benchmark Process 49832 has exited with code 0.

Mean = 4.833 μs, StdErr = 0.022 μs (0.46%), N = 10, StdDev = 0.071 μs
Min = 4.749 μs, Q1 = 4.775 μs, Median = 4.812 μs, Q3 = 4.894 μs, Max = 4.951 μs
IQR = 0.118 μs, LowerFence = 4.597 μs, UpperFence = 5.071 μs
ConfidenceInterval = [4.726 μs; 4.940 μs] (CI 99.9%), Margin = 0.107 μs (2.21% of Mean)
Skewness = 0.33, Kurtosis = 1.34, MValue = 2

// ** Remained 1 (2.4%) benchmark(s) to run. Estimated finish 2026-08-03 12:27 (0h 0m from now) **
Setup power plan (GUID: 8c5e7fda-e8bf-4a96-9a85-a6e23a8c635c FriendlyName: High performance)
// **************************
// Benchmark: TypeVarietyBenchmarks.Dispatch_Mediator_50Types: Job-ASUFOU(IterationCount=10, LaunchCount=1, WarmupCount=3)
// *** Execute ***
// Launch: 1 / 1
// Execute: dotnet 8a773897-42cb-4ccd-8a9e-ce6ce7c896af.dll --anonymousPipes 1620 996 --benchmarkName Plaxion.BenchMarks.Comparison.TypeVarietyBenchmarks.Dispatch_Mediator_50Types --job "IterationCount=10, LaunchCount=1, WarmupCount=3" --benchmarkId 41 in C:\Users\Angel\RiderProjects\PlaxionMediator\benchmarks-comparison\src\Plaxion.BenchMarks.Comparison\bin\Release\net9.0\8a773897-42cb-4ccd-8a9e-ce6ce7c896af\bin\Release\net9.0
// BeforeAnythingElse

// Benchmark Process Environment Information:
// BenchmarkDotNet v0.14.0
// Runtime=.NET 9.0.7 (9.0.725.31616), X64 RyuJIT AVX2
// GC=Concurrent Workstation
// HardwareIntrinsics=AVX2,AES,BMI1,BMI2,FMA,LZCNT,PCLMUL,POPCNT,AvxVnni,SERIALIZE VectorSize=256
// Job: Job-VUIGRW(IterationCount=10, LaunchCount=1, WarmupCount=3)

OverheadJitting  1: 1 op, 136100.00 ns, 136.1000 us/op
WorkloadJitting  1: 1 op, 11087700.00 ns, 11.0877 ms/op

OverheadJitting  2: 16 op, 144400.00 ns, 9.0250 us/op
WorkloadJitting  2: 16 op, 174300.00 ns, 10.8938 us/op

WorkloadPilot    1: 16 op, 42500.00 ns, 2.6563 us/op
WorkloadPilot    2: 32 op, 78700.00 ns, 2.4594 us/op
WorkloadPilot    3: 64 op, 153800.00 ns, 2.4031 us/op
WorkloadPilot    4: 128 op, 418000.00 ns, 3.2656 us/op
WorkloadPilot    5: 256 op, 643100.00 ns, 2.5121 us/op
WorkloadPilot    6: 512 op, 1208700.00 ns, 2.3607 us/op
WorkloadPilot    7: 1024 op, 2411600.00 ns, 2.3551 us/op
WorkloadPilot    8: 2048 op, 4737200.00 ns, 2.3131 us/op
WorkloadPilot    9: 4096 op, 9433900.00 ns, 2.3032 us/op
WorkloadPilot   10: 8192 op, 18515900.00 ns, 2.2602 us/op
WorkloadPilot   11: 16384 op, 37576000.00 ns, 2.2935 us/op
WorkloadPilot   12: 32768 op, 75409300.00 ns, 2.3013 us/op
WorkloadPilot   13: 65536 op, 91603000.00 ns, 1.3978 us/op
WorkloadPilot   14: 131072 op, 115285600.00 ns, 879.5593 ns/op
WorkloadPilot   15: 262144 op, 234339300.00 ns, 893.9335 ns/op
WorkloadPilot   16: 524288 op, 478456600.00 ns, 912.5835 ns/op
WorkloadPilot   17: 1048576 op, 979482000.00 ns, 934.1068 ns/op

OverheadWarmup   1: 1048576 op, 1595700.00 ns, 1.5218 ns/op
OverheadWarmup   2: 1048576 op, 1594500.00 ns, 1.5206 ns/op
OverheadWarmup   3: 1048576 op, 1641800.00 ns, 1.5657 ns/op
OverheadWarmup   4: 1048576 op, 1594300.00 ns, 1.5204 ns/op
OverheadWarmup   5: 1048576 op, 1597500.00 ns, 1.5235 ns/op
OverheadWarmup   6: 1048576 op, 1705500.00 ns, 1.6265 ns/op
OverheadWarmup   7: 1048576 op, 1596800.00 ns, 1.5228 ns/op

OverheadActual   1: 1048576 op, 1608500.00 ns, 1.5340 ns/op
OverheadActual   2: 1048576 op, 1594900.00 ns, 1.5210 ns/op
OverheadActual   3: 1048576 op, 1595200.00 ns, 1.5213 ns/op
OverheadActual   4: 1048576 op, 1592900.00 ns, 1.5191 ns/op
OverheadActual   5: 1048576 op, 1593100.00 ns, 1.5193 ns/op
OverheadActual   6: 1048576 op, 1592800.00 ns, 1.5190 ns/op
OverheadActual   7: 1048576 op, 1595500.00 ns, 1.5216 ns/op
OverheadActual   8: 1048576 op, 1594100.00 ns, 1.5203 ns/op
OverheadActual   9: 1048576 op, 1600300.00 ns, 1.5262 ns/op
OverheadActual  10: 1048576 op, 1591500.00 ns, 1.5178 ns/op
OverheadActual  11: 1048576 op, 1607400.00 ns, 1.5329 ns/op
OverheadActual  12: 1048576 op, 1593800.00 ns, 1.5200 ns/op
OverheadActual  13: 1048576 op, 1570500.00 ns, 1.4977 ns/op
OverheadActual  14: 1048576 op, 1563100.00 ns, 1.4907 ns/op
OverheadActual  15: 1048576 op, 1596400.00 ns, 1.5224 ns/op

WorkloadWarmup   1: 1048576 op, 942560400.00 ns, 898.8956 ns/op
WorkloadWarmup   2: 1048576 op, 972987900.00 ns, 927.9136 ns/op
WorkloadWarmup   3: 1048576 op, 950551600.00 ns, 906.5166 ns/op

// BeforeActualRun
WorkloadActual   1: 1048576 op, 939866100.00 ns, 896.3262 ns/op
WorkloadActual   2: 1048576 op, 931104600.00 ns, 887.9705 ns/op
WorkloadActual   3: 1048576 op, 967820600.00 ns, 922.9856 ns/op
WorkloadActual   4: 1048576 op, 942222100.00 ns, 898.5730 ns/op
WorkloadActual   5: 1048576 op, 937287300.00 ns, 893.8668 ns/op
WorkloadActual   6: 1048576 op, 967432700.00 ns, 922.6157 ns/op
WorkloadActual   7: 1048576 op, 948362600.00 ns, 904.4291 ns/op
WorkloadActual   8: 1048576 op, 954289000.00 ns, 910.0809 ns/op
WorkloadActual   9: 1048576 op, 958494100.00 ns, 914.0912 ns/op
WorkloadActual  10: 1048576 op, 960340800.00 ns, 915.8524 ns/op

// AfterActualRun
WorkloadResult   1: 1048576 op, 938272000.00 ns, 894.8059 ns/op
WorkloadResult   2: 1048576 op, 929510500.00 ns, 886.4503 ns/op
WorkloadResult   3: 1048576 op, 966226500.00 ns, 921.4654 ns/op
WorkloadResult   4: 1048576 op, 940628000.00 ns, 897.0528 ns/op
WorkloadResult   5: 1048576 op, 935693200.00 ns, 892.3466 ns/op
WorkloadResult   6: 1048576 op, 965838600.00 ns, 921.0955 ns/op
WorkloadResult   7: 1048576 op, 946768500.00 ns, 902.9088 ns/op
WorkloadResult   8: 1048576 op, 952694900.00 ns, 908.5607 ns/op
WorkloadResult   9: 1048576 op, 956900000.00 ns, 912.5710 ns/op
WorkloadResult  10: 1048576 op, 958746700.00 ns, 914.3321 ns/op
// GC:  0 0 0 7360 1048576
// Threading:  1 0 1048576

// AfterAll
// Benchmark Process 62096 has exited with code 0.

Mean = 905.159 ns, StdErr = 3.891 ns (0.43%), N = 10, StdDev = 12.305 ns
Min = 886.450 ns, Q1 = 895.368 ns, Median = 905.735 ns, Q3 = 913.892 ns, Max = 921.465 ns
IQR = 18.524 ns, LowerFence = 867.581 ns, UpperFence = 941.678 ns
ConfidenceInterval = [886.556 ns; 923.762 ns] (CI 99.9%), Margin = 18.603 ns (2.06% of Mean)
Skewness = -0.04, Kurtosis = 1.36, MValue = 2

// ** Remained 0 (0.0%) benchmark(s) to run. Estimated finish 2026-08-03 12:27 (0h 0m from now) **
Successfully reverted power plan (GUID: 381b4222-f694-41f0-9685-ff5bb260df2e FriendlyName: Balanced)
// ***** BenchmarkRunner: Finish  *****

// * Export *
  BenchmarkDotNet.Artifacts\results\Plaxion.BenchMarks.Comparison.TypeVarietyBenchmarks-report-full.json
  BenchmarkDotNet.Artifacts\results\Plaxion.BenchMarks.Comparison.TypeVarietyBenchmarks-report.csv
  BenchmarkDotNet.Artifacts\results\Plaxion.BenchMarks.Comparison.TypeVarietyBenchmarks-report-github.md

// * Detailed results *
TypeVarietyBenchmarks.Dispatch_Mediator_50Types: Job-ASUFOU(IterationCount=10, LaunchCount=1, WarmupCount=3)
Runtime = .NET 9.0.7 (9.0.725.31616), X64 RyuJIT AVX2; GC = Concurrent Workstation
Mean = 905.159 ns, StdErr = 3.891 ns (0.43%), N = 10, StdDev = 12.305 ns
Min = 886.450 ns, Q1 = 895.368 ns, Median = 905.735 ns, Q3 = 913.892 ns, Max = 921.465 ns
IQR = 18.524 ns, LowerFence = 867.581 ns, UpperFence = 941.678 ns
ConfidenceInterval = [886.556 ns; 923.762 ns] (CI 99.9%), Margin = 18.603 ns (2.06% of Mean)
Skewness = -0.04, Kurtosis = 1.36, MValue = 2
-------------------- Histogram --------------------
[878.954 ns ; 924.163 ns) | @@@@@@@@@@
---------------------------------------------------

TypeVarietyBenchmarks.Dispatch_MediatR_50Types: Job-ASUFOU(IterationCount=10, LaunchCount=1, WarmupCount=3)
Runtime = .NET 9.0.7 (9.0.725.31616), X64 RyuJIT AVX2; GC = Concurrent Workstation
Mean = 4.833 μs, StdErr = 0.022 μs (0.46%), N = 10, StdDev = 0.071 μs
Min = 4.749 μs, Q1 = 4.775 μs, Median = 4.812 μs, Q3 = 4.894 μs, Max = 4.951 μs
IQR = 0.118 μs, LowerFence = 4.597 μs, UpperFence = 5.071 μs
ConfidenceInterval = [4.726 μs; 4.940 μs] (CI 99.9%), Margin = 0.107 μs (2.21% of Mean)
Skewness = 0.33, Kurtosis = 1.34, MValue = 2
-------------------- Histogram --------------------
[4.741 μs ; 4.963 μs) | @@@@@@@@@@
---------------------------------------------------

TypeVarietyBenchmarks.Dispatch_Plaxion_50Types: Job-ASUFOU(IterationCount=10, LaunchCount=1, WarmupCount=3)
Runtime = .NET 9.0.7 (9.0.725.31616), X64 RyuJIT AVX2; GC = Concurrent Workstation
Mean = 6.435 μs, StdErr = 0.011 μs (0.17%), N = 10, StdDev = 0.035 μs
Min = 6.378 μs, Q1 = 6.415 μs, Median = 6.434 μs, Q3 = 6.454 μs, Max = 6.500 μs
IQR = 0.039 μs, LowerFence = 6.358 μs, UpperFence = 6.512 μs
ConfidenceInterval = [6.382 μs; 6.488 μs] (CI 99.9%), Margin = 0.053 μs (0.83% of Mean)
Skewness = 0.22, Kurtosis = 2.09, MValue = 2
-------------------- Histogram --------------------
[6.357 μs ; 6.522 μs) | @@@@@@@@@@
---------------------------------------------------

// * Summary *

BenchmarkDotNet v0.14.0, Windows 11 (10.0.26200.8875)
12th Gen Intel Core i7-12700K, 1 CPU, 20 logical and 12 physical cores
.NET SDK 9.0.202
  [Host]     : .NET 9.0.7 (9.0.725.31616), X64 RyuJIT AVX2
  Job-ASUFOU : .NET 9.0.7 (9.0.725.31616), X64 RyuJIT AVX2

IterationCount=10  LaunchCount=1  WarmupCount=3  

| Method                    | Mean       | Error     | StdDev   | Ratio | Rank | Gen0   | Allocated | Alloc Ratio |
|-------------------------- |-----------:|----------:|---------:|------:|-----:|-------:|----------:|------------:|
| Dispatch_Mediator_50Types |   905.2 ns |  18.60 ns | 12.30 ns |  0.14 |    1 |      - |         - |          NA |
| Dispatch_MediatR_50Types  | 4,833.2 ns | 107.05 ns | 70.81 ns |  0.75 |    2 | 1.0071 |   13200 B |          NA |
| Dispatch_Plaxion_50Types  | 6,434.9 ns |  53.11 ns | 35.13 ns |  1.00 |    3 |      - |         - |          NA |

// * Legends *
  Mean        : Arithmetic mean of all measurements
  Error       : Half of 99.9% confidence interval
  StdDev      : Standard deviation of all measurements
  Ratio       : Mean of the ratio distribution ([Current]/[Baseline])
  Rank        : Relative position of current benchmark mean among all benchmarks (Arabic style)
  Gen0        : GC Generation 0 collects per 1000 operations
  Allocated   : Allocated memory per single operation (managed only, inclusive, 1KB = 1024B)
  Alloc Ratio : Allocated memory ratio distribution ([Current]/[Baseline])
  1 ns        : 1 Nanosecond (0.000000001 sec)

// * Diagnostic Output - MemoryDiagnoser *


// ***** BenchmarkRunner: End *****
Run time: 00:00:40 (40.54 sec), executed benchmarks: 3

Global total time: 00:08:50 (530.45 sec), executed benchmarks: 42
// * Artifacts cleanup *
Artifacts cleanup is finished
