// Validating benchmarks:
// ***** BenchmarkRunner: Start   *****
// ***** Found 42 benchmark(s) in total *****
// ***** Building 1 exe(s) in Parallel: Start   *****
// start dotnet  restore /p:UseSharedCompilation=false /p:BuildInParallel=false /m:1 /p:Deterministic=true /p:Optimize=true /p:IntermediateOutputPath="C:\Users\Angel\RiderProjects\PlaxionMediator\benchmarks-comparison\src\Plaxion.BenchMarks.Comparison\bin\Release\net9.0\fbed55cd-ae87-46ee-a39a-ce1c8134860e\obj\Release\net9.0/" /p:OutDir="C:\Users\Angel\RiderProjects\PlaxionMediator\benchmarks-comparison\src\Plaxion.BenchMarks.Comparison\bin\Release\net9.0\fbed55cd-ae87-46ee-a39a-ce1c8134860e\bin\Release\net9.0/" /p:OutputPath="C:\Users\Angel\RiderProjects\PlaxionMediator\benchmarks-comparison\src\Plaxion.BenchMarks.Comparison\bin\Release\net9.0\fbed55cd-ae87-46ee-a39a-ce1c8134860e\bin\Release\net9.0/" in C:\Users\Angel\RiderProjects\PlaxionMediator\benchmarks-comparison\src\Plaxion.BenchMarks.Comparison\bin\Release\net9.0\fbed55cd-ae87-46ee-a39a-ce1c8134860e
// command took 1.12 sec and exited with 0
// start dotnet  build -c Release --no-restore /p:UseSharedCompilation=false /p:BuildInParallel=false /m:1 /p:Deterministic=true /p:Optimize=true /p:IntermediateOutputPath="C:\Users\Angel\RiderProjects\PlaxionMediator\benchmarks-comparison\src\Plaxion.BenchMarks.Comparison\bin\Release\net9.0\fbed55cd-ae87-46ee-a39a-ce1c8134860e\obj\Release\net9.0/" /p:OutDir="C:\Users\Angel\RiderProjects\PlaxionMediator\benchmarks-comparison\src\Plaxion.BenchMarks.Comparison\bin\Release\net9.0\fbed55cd-ae87-46ee-a39a-ce1c8134860e\bin\Release\net9.0/" /p:OutputPath="C:\Users\Angel\RiderProjects\PlaxionMediator\benchmarks-comparison\src\Plaxion.BenchMarks.Comparison\bin\Release\net9.0\fbed55cd-ae87-46ee-a39a-ce1c8134860e\bin\Release\net9.0/" --output "C:\Users\Angel\RiderProjects\PlaxionMediator\benchmarks-comparison\src\Plaxion.BenchMarks.Comparison\bin\Release\net9.0\fbed55cd-ae87-46ee-a39a-ce1c8134860e\bin\Release\net9.0/" in C:\Users\Angel\RiderProjects\PlaxionMediator\benchmarks-comparison\src\Plaxion.BenchMarks.Comparison\bin\Release\net9.0\fbed55cd-ae87-46ee-a39a-ce1c8134860e
// command took 19.67 sec and exited with 0
// ***** Done, took 00:00:20 (20.9 sec)   *****
// Found 12 benchmarks:
//   ConcurrencyBenchmarks.Concurrent_Plaxion_1: Dry(IterationCount=1, LaunchCount=1, RunStrategy=ColdStart, UnrollFactor=1, WarmupCount=1)
//   ConcurrencyBenchmarks.Concurrent_Plaxion_8: Dry(IterationCount=1, LaunchCount=1, RunStrategy=ColdStart, UnrollFactor=1, WarmupCount=1)
//   ConcurrencyBenchmarks.Concurrent_Plaxion_32: Dry(IterationCount=1, LaunchCount=1, RunStrategy=ColdStart, UnrollFactor=1, WarmupCount=1)
//   ConcurrencyBenchmarks.Concurrent_Plaxion_128: Dry(IterationCount=1, LaunchCount=1, RunStrategy=ColdStart, UnrollFactor=1, WarmupCount=1)
//   ConcurrencyBenchmarks.Concurrent_MediatR_1: Dry(IterationCount=1, LaunchCount=1, RunStrategy=ColdStart, UnrollFactor=1, WarmupCount=1)
//   ConcurrencyBenchmarks.Concurrent_MediatR_8: Dry(IterationCount=1, LaunchCount=1, RunStrategy=ColdStart, UnrollFactor=1, WarmupCount=1)
//   ConcurrencyBenchmarks.Concurrent_MediatR_32: Dry(IterationCount=1, LaunchCount=1, RunStrategy=ColdStart, UnrollFactor=1, WarmupCount=1)
//   ConcurrencyBenchmarks.Concurrent_MediatR_128: Dry(IterationCount=1, LaunchCount=1, RunStrategy=ColdStart, UnrollFactor=1, WarmupCount=1)
//   ConcurrencyBenchmarks.Concurrent_Mediator_1: Dry(IterationCount=1, LaunchCount=1, RunStrategy=ColdStart, UnrollFactor=1, WarmupCount=1)
//   ConcurrencyBenchmarks.Concurrent_Mediator_8: Dry(IterationCount=1, LaunchCount=1, RunStrategy=ColdStart, UnrollFactor=1, WarmupCount=1)
//   ConcurrencyBenchmarks.Concurrent_Mediator_32: Dry(IterationCount=1, LaunchCount=1, RunStrategy=ColdStart, UnrollFactor=1, WarmupCount=1)
//   ConcurrencyBenchmarks.Concurrent_Mediator_128: Dry(IterationCount=1, LaunchCount=1, RunStrategy=ColdStart, UnrollFactor=1, WarmupCount=1)

Setup power plan (GUID: 8c5e7fda-e8bf-4a96-9a85-a6e23a8c635c FriendlyName: High performance)
// **************************
// Benchmark: ConcurrencyBenchmarks.Concurrent_Plaxion_1: Dry(IterationCount=1, LaunchCount=1, RunStrategy=ColdStart, UnrollFactor=1, WarmupCount=1)
// *** Execute ***
// Launch: 1 / 1
// Execute: dotnet fbed55cd-ae87-46ee-a39a-ce1c8134860e.dll --anonymousPipes 2460 2176 --benchmarkName Plaxion.BenchMarks.Comparison.ConcurrencyBenchmarks.Concurrent_Plaxion_1 --job Dry --benchmarkId 0 in C:\Users\Angel\RiderProjects\PlaxionMediator\benchmarks-comparison\src\Plaxion.BenchMarks.Comparison\bin\Release\net9.0\fbed55cd-ae87-46ee-a39a-ce1c8134860e\bin\Release\net9.0
// BeforeAnythingElse

// Benchmark Process Environment Information:
// BenchmarkDotNet v0.14.0
// Runtime=.NET 9.0.7 (9.0.725.31616), X64 RyuJIT AVX2
// GC=Concurrent Workstation
// HardwareIntrinsics=AVX2,AES,BMI1,BMI2,FMA,LZCNT,PCLMUL,POPCNT,AvxVnni,SERIALIZE VectorSize=256
// Job: Dry(IterationCount=1, LaunchCount=1, RunStrategy=ColdStart, UnrollFactor=1, WarmupCount=1)

// BeforeActualRun
WorkloadActual   1: 1 op, 4576400.00 ns, 4.5764 ms/op

// AfterActualRun
WorkloadResult   1: 1 op, 4576400.00 ns, 4.5764 ms/op
// GC:  0 0 0 1688 1
// Threading:  0 0 1

// AfterAll
// Benchmark Process 15304 has exited with code 0.

Mean = 4.576 ms, StdErr = 0.000 ms (0.00%), N = 1, StdDev = 0.000 ms
Min = 4.576 ms, Q1 = 4.576 ms, Median = 4.576 ms, Q3 = 4.576 ms, Max = 4.576 ms
IQR = 0.000 ms, LowerFence = 4.576 ms, UpperFence = 4.576 ms
ConfidenceInterval = [NaN ms; NaN ms] (CI 99.9%), Margin = NaN ms (NaN% of Mean)
Skewness = NaN, Kurtosis = NaN, MValue = 2

// ** Remained 41 (97.6%) benchmark(s) to run. Estimated finish 2026-08-03 11:43 (0h 0m from now) **
Setup power plan (GUID: 8c5e7fda-e8bf-4a96-9a85-a6e23a8c635c FriendlyName: High performance)
// **************************
// Benchmark: ConcurrencyBenchmarks.Concurrent_Plaxion_8: Dry(IterationCount=1, LaunchCount=1, RunStrategy=ColdStart, UnrollFactor=1, WarmupCount=1)
// *** Execute ***
// Launch: 1 / 1
// Execute: dotnet fbed55cd-ae87-46ee-a39a-ce1c8134860e.dll --anonymousPipes 2172 2496 --benchmarkName Plaxion.BenchMarks.Comparison.ConcurrencyBenchmarks.Concurrent_Plaxion_8 --job Dry --benchmarkId 1 in C:\Users\Angel\RiderProjects\PlaxionMediator\benchmarks-comparison\src\Plaxion.BenchMarks.Comparison\bin\Release\net9.0\fbed55cd-ae87-46ee-a39a-ce1c8134860e\bin\Release\net9.0
// BeforeAnythingElse

// Benchmark Process Environment Information:
// BenchmarkDotNet v0.14.0
// Runtime=.NET 9.0.7 (9.0.725.31616), X64 RyuJIT AVX2
// GC=Concurrent Workstation
// HardwareIntrinsics=AVX2,AES,BMI1,BMI2,FMA,LZCNT,PCLMUL,POPCNT,AvxVnni,SERIALIZE VectorSize=256
// Job: Dry(IterationCount=1, LaunchCount=1, RunStrategy=ColdStart, UnrollFactor=1, WarmupCount=1)

// BeforeActualRun
WorkloadActual   1: 1 op, 5031500.00 ns, 5.0315 ms/op

// AfterActualRun
WorkloadResult   1: 1 op, 5031500.00 ns, 5.0315 ms/op
// GC:  0 0 0 1472 1
// Threading:  0 0 1

// AfterAll
// Benchmark Process 3904 has exited with code 0.

Mean = 5.032 ms, StdErr = 0.000 ms (0.00%), N = 1, StdDev = 0.000 ms
Min = 5.032 ms, Q1 = 5.032 ms, Median = 5.032 ms, Q3 = 5.032 ms, Max = 5.032 ms
IQR = 0.000 ms, LowerFence = 5.032 ms, UpperFence = 5.032 ms
ConfidenceInterval = [NaN ms; NaN ms] (CI 99.9%), Margin = NaN ms (NaN% of Mean)
Skewness = NaN, Kurtosis = NaN, MValue = 2

// ** Remained 40 (95.2%) benchmark(s) to run. Estimated finish 2026-08-03 11:42 (0h 0m from now) **
Setup power plan (GUID: 8c5e7fda-e8bf-4a96-9a85-a6e23a8c635c FriendlyName: High performance)
// **************************
// Benchmark: ConcurrencyBenchmarks.Concurrent_Plaxion_32: Dry(IterationCount=1, LaunchCount=1, RunStrategy=ColdStart, UnrollFactor=1, WarmupCount=1)
// *** Execute ***
// Launch: 1 / 1
// Execute: dotnet fbed55cd-ae87-46ee-a39a-ce1c8134860e.dll --anonymousPipes 2392 1732 --benchmarkName Plaxion.BenchMarks.Comparison.ConcurrencyBenchmarks.Concurrent_Plaxion_32 --job Dry --benchmarkId 2 in C:\Users\Angel\RiderProjects\PlaxionMediator\benchmarks-comparison\src\Plaxion.BenchMarks.Comparison\bin\Release\net9.0\fbed55cd-ae87-46ee-a39a-ce1c8134860e\bin\Release\net9.0
// BeforeAnythingElse

// Benchmark Process Environment Information:
// BenchmarkDotNet v0.14.0
// Runtime=.NET 9.0.7 (9.0.725.31616), X64 RyuJIT AVX2
// GC=Concurrent Workstation
// HardwareIntrinsics=AVX2,AES,BMI1,BMI2,FMA,LZCNT,PCLMUL,POPCNT,AvxVnni,SERIALIZE VectorSize=256
// Job: Dry(IterationCount=1, LaunchCount=1, RunStrategy=ColdStart, UnrollFactor=1, WarmupCount=1)

// BeforeActualRun
WorkloadActual   1: 1 op, 4535500.00 ns, 4.5355 ms/op

// AfterActualRun
WorkloadResult   1: 1 op, 4535500.00 ns, 4.5355 ms/op
// GC:  0 0 0 3392 1
// Threading:  0 0 1

// AfterAll
// Benchmark Process 67436 has exited with code 0.

Mean = 4.535 ms, StdErr = 0.000 ms (0.00%), N = 1, StdDev = 0.000 ms
Min = 4.535 ms, Q1 = 4.535 ms, Median = 4.535 ms, Q3 = 4.535 ms, Max = 4.535 ms
IQR = 0.000 ms, LowerFence = 4.535 ms, UpperFence = 4.535 ms
ConfidenceInterval = [NaN ms; NaN ms] (CI 99.9%), Margin = NaN ms (NaN% of Mean)
Skewness = NaN, Kurtosis = NaN, MValue = 2

// ** Remained 39 (92.9%) benchmark(s) to run. Estimated finish 2026-08-03 11:42 (0h 0m from now) **
Setup power plan (GUID: 8c5e7fda-e8bf-4a96-9a85-a6e23a8c635c FriendlyName: High performance)
// **************************
// Benchmark: ConcurrencyBenchmarks.Concurrent_Plaxion_128: Dry(IterationCount=1, LaunchCount=1, RunStrategy=ColdStart, UnrollFactor=1, WarmupCount=1)
// *** Execute ***
// Launch: 1 / 1
// Execute: dotnet fbed55cd-ae87-46ee-a39a-ce1c8134860e.dll --anonymousPipes 1772 1768 --benchmarkName Plaxion.BenchMarks.Comparison.ConcurrencyBenchmarks.Concurrent_Plaxion_128 --job Dry --benchmarkId 3 in C:\Users\Angel\RiderProjects\PlaxionMediator\benchmarks-comparison\src\Plaxion.BenchMarks.Comparison\bin\Release\net9.0\fbed55cd-ae87-46ee-a39a-ce1c8134860e\bin\Release\net9.0
// BeforeAnythingElse

// Benchmark Process Environment Information:
// BenchmarkDotNet v0.14.0
// Runtime=.NET 9.0.7 (9.0.725.31616), X64 RyuJIT AVX2
// GC=Concurrent Workstation
// HardwareIntrinsics=AVX2,AES,BMI1,BMI2,FMA,LZCNT,PCLMUL,POPCNT,AvxVnni,SERIALIZE VectorSize=256
// Job: Dry(IterationCount=1, LaunchCount=1, RunStrategy=ColdStart, UnrollFactor=1, WarmupCount=1)

// BeforeActualRun
WorkloadActual   1: 1 op, 5107500.00 ns, 5.1075 ms/op

// AfterActualRun
WorkloadResult   1: 1 op, 5107500.00 ns, 5.1075 ms/op
// GC:  0 0 0 11072 1
// Threading:  0 0 1

// AfterAll
// Benchmark Process 53984 has exited with code 0.

Mean = 5.107 ms, StdErr = 0.000 ms (0.00%), N = 1, StdDev = 0.000 ms
Min = 5.107 ms, Q1 = 5.107 ms, Median = 5.107 ms, Q3 = 5.107 ms, Max = 5.107 ms
IQR = 0.000 ms, LowerFence = 5.107 ms, UpperFence = 5.107 ms
ConfidenceInterval = [NaN ms; NaN ms] (CI 99.9%), Margin = NaN ms (NaN% of Mean)
Skewness = NaN, Kurtosis = NaN, MValue = 2

// ** Remained 38 (90.5%) benchmark(s) to run. Estimated finish 2026-08-03 11:42 (0h 0m from now) **
Setup power plan (GUID: 8c5e7fda-e8bf-4a96-9a85-a6e23a8c635c FriendlyName: High performance)
// **************************
// Benchmark: ConcurrencyBenchmarks.Concurrent_MediatR_1: Dry(IterationCount=1, LaunchCount=1, RunStrategy=ColdStart, UnrollFactor=1, WarmupCount=1)
// *** Execute ***
// Launch: 1 / 1
// Execute: dotnet fbed55cd-ae87-46ee-a39a-ce1c8134860e.dll --anonymousPipes 1784 1744 --benchmarkName Plaxion.BenchMarks.Comparison.ConcurrencyBenchmarks.Concurrent_MediatR_1 --job Dry --benchmarkId 4 in C:\Users\Angel\RiderProjects\PlaxionMediator\benchmarks-comparison\src\Plaxion.BenchMarks.Comparison\bin\Release\net9.0\fbed55cd-ae87-46ee-a39a-ce1c8134860e\bin\Release\net9.0
// BeforeAnythingElse

// Benchmark Process Environment Information:
// BenchmarkDotNet v0.14.0
// Runtime=.NET 9.0.7 (9.0.725.31616), X64 RyuJIT AVX2
// GC=Concurrent Workstation
// HardwareIntrinsics=AVX2,AES,BMI1,BMI2,FMA,LZCNT,PCLMUL,POPCNT,AvxVnni,SERIALIZE VectorSize=256
// Job: Dry(IterationCount=1, LaunchCount=1, RunStrategy=ColdStart, UnrollFactor=1, WarmupCount=1)

// BeforeActualRun
WorkloadActual   1: 1 op, 3395900.00 ns, 3.3959 ms/op

// AfterActualRun
WorkloadResult   1: 1 op, 3395900.00 ns, 3.3959 ms/op
// GC:  0 0 0 3664 1
// Threading:  0 0 1

// AfterAll
// Benchmark Process 66804 has exited with code 0.

Mean = 3.396 ms, StdErr = 0.000 ms (0.00%), N = 1, StdDev = 0.000 ms
Min = 3.396 ms, Q1 = 3.396 ms, Median = 3.396 ms, Q3 = 3.396 ms, Max = 3.396 ms
IQR = 0.000 ms, LowerFence = 3.396 ms, UpperFence = 3.396 ms
ConfidenceInterval = [NaN ms; NaN ms] (CI 99.9%), Margin = NaN ms (NaN% of Mean)
Skewness = NaN, Kurtosis = NaN, MValue = 2

// ** Remained 37 (88.1%) benchmark(s) to run. Estimated finish 2026-08-03 11:42 (0h 0m from now) **
Setup power plan (GUID: 8c5e7fda-e8bf-4a96-9a85-a6e23a8c635c FriendlyName: High performance)
// **************************
// Benchmark: ConcurrencyBenchmarks.Concurrent_MediatR_8: Dry(IterationCount=1, LaunchCount=1, RunStrategy=ColdStart, UnrollFactor=1, WarmupCount=1)
// *** Execute ***
// Launch: 1 / 1
// Execute: dotnet fbed55cd-ae87-46ee-a39a-ce1c8134860e.dll --anonymousPipes 2176 2460 --benchmarkName Plaxion.BenchMarks.Comparison.ConcurrencyBenchmarks.Concurrent_MediatR_8 --job Dry --benchmarkId 5 in C:\Users\Angel\RiderProjects\PlaxionMediator\benchmarks-comparison\src\Plaxion.BenchMarks.Comparison\bin\Release\net9.0\fbed55cd-ae87-46ee-a39a-ce1c8134860e\bin\Release\net9.0
// BeforeAnythingElse

// Benchmark Process Environment Information:
// BenchmarkDotNet v0.14.0
// Runtime=.NET 9.0.7 (9.0.725.31616), X64 RyuJIT AVX2
// GC=Concurrent Workstation
// HardwareIntrinsics=AVX2,AES,BMI1,BMI2,FMA,LZCNT,PCLMUL,POPCNT,AvxVnni,SERIALIZE VectorSize=256
// Job: Dry(IterationCount=1, LaunchCount=1, RunStrategy=ColdStart, UnrollFactor=1, WarmupCount=1)

// BeforeActualRun
WorkloadActual   1: 1 op, 3643700.00 ns, 3.6437 ms/op

// AfterActualRun
WorkloadResult   1: 1 op, 3643700.00 ns, 3.6437 ms/op
// GC:  0 0 0 3296 1
// Threading:  0 0 1

// AfterAll
// Benchmark Process 30356 has exited with code 0.

Mean = 3.644 ms, StdErr = 0.000 ms (0.00%), N = 1, StdDev = 0.000 ms
Min = 3.644 ms, Q1 = 3.644 ms, Median = 3.644 ms, Q3 = 3.644 ms, Max = 3.644 ms
IQR = 0.000 ms, LowerFence = 3.644 ms, UpperFence = 3.644 ms
ConfidenceInterval = [NaN ms; NaN ms] (CI 99.9%), Margin = NaN ms (NaN% of Mean)
Skewness = NaN, Kurtosis = NaN, MValue = 2

// ** Remained 36 (85.7%) benchmark(s) to run. Estimated finish 2026-08-03 11:42 (0h 0m from now) **
Setup power plan (GUID: 8c5e7fda-e8bf-4a96-9a85-a6e23a8c635c FriendlyName: High performance)
// **************************
// Benchmark: ConcurrencyBenchmarks.Concurrent_MediatR_32: Dry(IterationCount=1, LaunchCount=1, RunStrategy=ColdStart, UnrollFactor=1, WarmupCount=1)
// *** Execute ***
// Launch: 1 / 1
// Execute: dotnet fbed55cd-ae87-46ee-a39a-ce1c8134860e.dll --anonymousPipes 1708 1816 --benchmarkName Plaxion.BenchMarks.Comparison.ConcurrencyBenchmarks.Concurrent_MediatR_32 --job Dry --benchmarkId 6 in C:\Users\Angel\RiderProjects\PlaxionMediator\benchmarks-comparison\src\Plaxion.BenchMarks.Comparison\bin\Release\net9.0\fbed55cd-ae87-46ee-a39a-ce1c8134860e\bin\Release\net9.0
// BeforeAnythingElse

// Benchmark Process Environment Information:
// BenchmarkDotNet v0.14.0
// Runtime=.NET 9.0.7 (9.0.725.31616), X64 RyuJIT AVX2
// GC=Concurrent Workstation
// HardwareIntrinsics=AVX2,AES,BMI1,BMI2,FMA,LZCNT,PCLMUL,POPCNT,AvxVnni,SERIALIZE VectorSize=256
// Job: Dry(IterationCount=1, LaunchCount=1, RunStrategy=ColdStart, UnrollFactor=1, WarmupCount=1)

// BeforeActualRun
WorkloadActual   1: 1 op, 4676100.00 ns, 4.6761 ms/op

// AfterActualRun
WorkloadResult   1: 1 op, 4676100.00 ns, 4.6761 ms/op
// GC:  0 0 0 9824 1
// Threading:  0 0 1

// AfterAll
// Benchmark Process 54956 has exited with code 0.

Mean = 4.676 ms, StdErr = 0.000 ms (0.00%), N = 1, StdDev = 0.000 ms
Min = 4.676 ms, Q1 = 4.676 ms, Median = 4.676 ms, Q3 = 4.676 ms, Max = 4.676 ms
IQR = 0.000 ms, LowerFence = 4.676 ms, UpperFence = 4.676 ms
ConfidenceInterval = [NaN ms; NaN ms] (CI 99.9%), Margin = NaN ms (NaN% of Mean)
Skewness = NaN, Kurtosis = NaN, MValue = 2

// ** Remained 35 (83.3%) benchmark(s) to run. Estimated finish 2026-08-03 11:42 (0h 0m from now) **
Setup power plan (GUID: 8c5e7fda-e8bf-4a96-9a85-a6e23a8c635c FriendlyName: High performance)
// **************************
// Benchmark: ConcurrencyBenchmarks.Concurrent_MediatR_128: Dry(IterationCount=1, LaunchCount=1, RunStrategy=ColdStart, UnrollFactor=1, WarmupCount=1)
// *** Execute ***
// Launch: 1 / 1
// Execute: dotnet fbed55cd-ae87-46ee-a39a-ce1c8134860e.dll --anonymousPipes 1828 1744 --benchmarkName Plaxion.BenchMarks.Comparison.ConcurrencyBenchmarks.Concurrent_MediatR_128 --job Dry --benchmarkId 7 in C:\Users\Angel\RiderProjects\PlaxionMediator\benchmarks-comparison\src\Plaxion.BenchMarks.Comparison\bin\Release\net9.0\fbed55cd-ae87-46ee-a39a-ce1c8134860e\bin\Release\net9.0
// BeforeAnythingElse

// Benchmark Process Environment Information:
// BenchmarkDotNet v0.14.0
// Runtime=.NET 9.0.7 (9.0.725.31616), X64 RyuJIT AVX2
// GC=Concurrent Workstation
// HardwareIntrinsics=AVX2,AES,BMI1,BMI2,FMA,LZCNT,PCLMUL,POPCNT,AvxVnni,SERIALIZE VectorSize=256
// Job: Dry(IterationCount=1, LaunchCount=1, RunStrategy=ColdStart, UnrollFactor=1, WarmupCount=1)

// BeforeActualRun
WorkloadActual   1: 1 op, 3636800.00 ns, 3.6368 ms/op

// AfterActualRun
WorkloadResult   1: 1 op, 3636800.00 ns, 3.6368 ms/op
// GC:  0 0 0 35936 1
// Threading:  0 0 1

// AfterAll
// Benchmark Process 18080 has exited with code 0.

Mean = 3.637 ms, StdErr = 0.000 ms (0.00%), N = 1, StdDev = 0.000 ms
Min = 3.637 ms, Q1 = 3.637 ms, Median = 3.637 ms, Q3 = 3.637 ms, Max = 3.637 ms
IQR = 0.000 ms, LowerFence = 3.637 ms, UpperFence = 3.637 ms
ConfidenceInterval = [NaN ms; NaN ms] (CI 99.9%), Margin = NaN ms (NaN% of Mean)
Skewness = NaN, Kurtosis = NaN, MValue = 2

// ** Remained 34 (81.0%) benchmark(s) to run. Estimated finish 2026-08-03 11:42 (0h 0m from now) **
Setup power plan (GUID: 8c5e7fda-e8bf-4a96-9a85-a6e23a8c635c FriendlyName: High performance)
// **************************
// Benchmark: ConcurrencyBenchmarks.Concurrent_Mediator_1: Dry(IterationCount=1, LaunchCount=1, RunStrategy=ColdStart, UnrollFactor=1, WarmupCount=1)
// *** Execute ***
// Launch: 1 / 1
// Execute: dotnet fbed55cd-ae87-46ee-a39a-ce1c8134860e.dll --anonymousPipes 2388 1844 --benchmarkName Plaxion.BenchMarks.Comparison.ConcurrencyBenchmarks.Concurrent_Mediator_1 --job Dry --benchmarkId 8 in C:\Users\Angel\RiderProjects\PlaxionMediator\benchmarks-comparison\src\Plaxion.BenchMarks.Comparison\bin\Release\net9.0\fbed55cd-ae87-46ee-a39a-ce1c8134860e\bin\Release\net9.0
// BeforeAnythingElse

// Benchmark Process Environment Information:
// BenchmarkDotNet v0.14.0
// Runtime=.NET 9.0.7 (9.0.725.31616), X64 RyuJIT AVX2
// GC=Concurrent Workstation
// HardwareIntrinsics=AVX2,AES,BMI1,BMI2,FMA,LZCNT,PCLMUL,POPCNT,AvxVnni,SERIALIZE VectorSize=256
// Job: Dry(IterationCount=1, LaunchCount=1, RunStrategy=ColdStart, UnrollFactor=1, WarmupCount=1)

// BeforeActualRun
WorkloadActual   1: 1 op, 11118700.00 ns, 11.1187 ms/op

// AfterActualRun
WorkloadResult   1: 1 op, 11118700.00 ns, 11.1187 ms/op
// GC:  0 0 0 1248 1
// Threading:  0 0 1

// AfterAll
// Benchmark Process 65320 has exited with code 0.

Mean = 11.119 ms, StdErr = 0.000 ms (0.00%), N = 1, StdDev = 0.000 ms
Min = 11.119 ms, Q1 = 11.119 ms, Median = 11.119 ms, Q3 = 11.119 ms, Max = 11.119 ms
IQR = 0.000 ms, LowerFence = 11.119 ms, UpperFence = 11.119 ms
ConfidenceInterval = [NaN ms; NaN ms] (CI 99.9%), Margin = NaN ms (NaN% of Mean)
Skewness = NaN, Kurtosis = NaN, MValue = 2

// ** Remained 33 (78.6%) benchmark(s) to run. Estimated finish 2026-08-03 11:42 (0h 0m from now) **
Setup power plan (GUID: 8c5e7fda-e8bf-4a96-9a85-a6e23a8c635c FriendlyName: High performance)
// **************************
// Benchmark: ConcurrencyBenchmarks.Concurrent_Mediator_8: Dry(IterationCount=1, LaunchCount=1, RunStrategy=ColdStart, UnrollFactor=1, WarmupCount=1)
// *** Execute ***
// Launch: 1 / 1
// Execute: dotnet fbed55cd-ae87-46ee-a39a-ce1c8134860e.dll --anonymousPipes 1876 1880 --benchmarkName Plaxion.BenchMarks.Comparison.ConcurrencyBenchmarks.Concurrent_Mediator_8 --job Dry --benchmarkId 9 in C:\Users\Angel\RiderProjects\PlaxionMediator\benchmarks-comparison\src\Plaxion.BenchMarks.Comparison\bin\Release\net9.0\fbed55cd-ae87-46ee-a39a-ce1c8134860e\bin\Release\net9.0
// BeforeAnythingElse

// Benchmark Process Environment Information:
// BenchmarkDotNet v0.14.0
// Runtime=.NET 9.0.7 (9.0.725.31616), X64 RyuJIT AVX2
// GC=Concurrent Workstation
// HardwareIntrinsics=AVX2,AES,BMI1,BMI2,FMA,LZCNT,PCLMUL,POPCNT,AvxVnni,SERIALIZE VectorSize=256
// Job: Dry(IterationCount=1, LaunchCount=1, RunStrategy=ColdStart, UnrollFactor=1, WarmupCount=1)

// BeforeActualRun
WorkloadActual   1: 1 op, 13678100.00 ns, 13.6781 ms/op

// AfterActualRun
WorkloadResult   1: 1 op, 13678100.00 ns, 13.6781 ms/op
// GC:  0 0 0 1808 1
// Threading:  0 0 1

// AfterAll
// Benchmark Process 31632 has exited with code 0.

Mean = 13.678 ms, StdErr = 0.000 ms (0.00%), N = 1, StdDev = 0.000 ms
Min = 13.678 ms, Q1 = 13.678 ms, Median = 13.678 ms, Q3 = 13.678 ms, Max = 13.678 ms
IQR = 0.000 ms, LowerFence = 13.678 ms, UpperFence = 13.678 ms
ConfidenceInterval = [NaN ms; NaN ms] (CI 99.9%), Margin = NaN ms (NaN% of Mean)
Skewness = NaN, Kurtosis = NaN, MValue = 2

// ** Remained 32 (76.2%) benchmark(s) to run. Estimated finish 2026-08-03 11:42 (0h 0m from now) **
Setup power plan (GUID: 8c5e7fda-e8bf-4a96-9a85-a6e23a8c635c FriendlyName: High performance)
// **************************
// Benchmark: ConcurrencyBenchmarks.Concurrent_Mediator_32: Dry(IterationCount=1, LaunchCount=1, RunStrategy=ColdStart, UnrollFactor=1, WarmupCount=1)
// *** Execute ***
// Launch: 1 / 1
// Execute: dotnet fbed55cd-ae87-46ee-a39a-ce1c8134860e.dll --anonymousPipes 1844 1908 --benchmarkName Plaxion.BenchMarks.Comparison.ConcurrencyBenchmarks.Concurrent_Mediator_32 --job Dry --benchmarkId 10 in C:\Users\Angel\RiderProjects\PlaxionMediator\benchmarks-comparison\src\Plaxion.BenchMarks.Comparison\bin\Release\net9.0\fbed55cd-ae87-46ee-a39a-ce1c8134860e\bin\Release\net9.0
// BeforeAnythingElse

// Benchmark Process Environment Information:
// BenchmarkDotNet v0.14.0
// Runtime=.NET 9.0.7 (9.0.725.31616), X64 RyuJIT AVX2
// GC=Concurrent Workstation
// HardwareIntrinsics=AVX2,AES,BMI1,BMI2,FMA,LZCNT,PCLMUL,POPCNT,AvxVnni,SERIALIZE VectorSize=256
// Job: Dry(IterationCount=1, LaunchCount=1, RunStrategy=ColdStart, UnrollFactor=1, WarmupCount=1)

// BeforeActualRun
WorkloadActual   1: 1 op, 11247400.00 ns, 11.2474 ms/op

// AfterActualRun
WorkloadResult   1: 1 op, 11247400.00 ns, 11.2474 ms/op
// GC:  0 0 0 3440 1
// Threading:  0 0 1

// AfterAll
// Benchmark Process 15448 has exited with code 0.

Mean = 11.247 ms, StdErr = 0.000 ms (0.00%), N = 1, StdDev = 0.000 ms
Min = 11.247 ms, Q1 = 11.247 ms, Median = 11.247 ms, Q3 = 11.247 ms, Max = 11.247 ms
IQR = 0.000 ms, LowerFence = 11.247 ms, UpperFence = 11.247 ms
ConfidenceInterval = [NaN ms; NaN ms] (CI 99.9%), Margin = NaN ms (NaN% of Mean)
Skewness = NaN, Kurtosis = NaN, MValue = 2

// ** Remained 31 (73.8%) benchmark(s) to run. Estimated finish 2026-08-03 11:42 (0h 0m from now) **
Setup power plan (GUID: 8c5e7fda-e8bf-4a96-9a85-a6e23a8c635c FriendlyName: High performance)
// **************************
// Benchmark: ConcurrencyBenchmarks.Concurrent_Mediator_128: Dry(IterationCount=1, LaunchCount=1, RunStrategy=ColdStart, UnrollFactor=1, WarmupCount=1)
// *** Execute ***
// Launch: 1 / 1
// Execute: dotnet fbed55cd-ae87-46ee-a39a-ce1c8134860e.dll --anonymousPipes 1744 1772 --benchmarkName Plaxion.BenchMarks.Comparison.ConcurrencyBenchmarks.Concurrent_Mediator_128 --job Dry --benchmarkId 11 in C:\Users\Angel\RiderProjects\PlaxionMediator\benchmarks-comparison\src\Plaxion.BenchMarks.Comparison\bin\Release\net9.0\fbed55cd-ae87-46ee-a39a-ce1c8134860e\bin\Release\net9.0
// BeforeAnythingElse

// Benchmark Process Environment Information:
// BenchmarkDotNet v0.14.0
// Runtime=.NET 9.0.7 (9.0.725.31616), X64 RyuJIT AVX2
// GC=Concurrent Workstation
// HardwareIntrinsics=AVX2,AES,BMI1,BMI2,FMA,LZCNT,PCLMUL,POPCNT,AvxVnni,SERIALIZE VectorSize=256
// Job: Dry(IterationCount=1, LaunchCount=1, RunStrategy=ColdStart, UnrollFactor=1, WarmupCount=1)

// BeforeActualRun
WorkloadActual   1: 1 op, 12065500.00 ns, 12.0655 ms/op

// AfterActualRun
WorkloadResult   1: 1 op, 12065500.00 ns, 12.0655 ms/op
// GC:  0 0 0 11120 1
// Threading:  0 0 1

// AfterAll
// Benchmark Process 44648 has exited with code 0.

Mean = 12.066 ms, StdErr = 0.000 ms (0.00%), N = 1, StdDev = 0.000 ms
Min = 12.066 ms, Q1 = 12.066 ms, Median = 12.066 ms, Q3 = 12.066 ms, Max = 12.066 ms
IQR = 0.000 ms, LowerFence = 12.066 ms, UpperFence = 12.066 ms
ConfidenceInterval = [NaN ms; NaN ms] (CI 99.9%), Margin = NaN ms (NaN% of Mean)
Skewness = NaN, Kurtosis = NaN, MValue = 2

// ** Remained 30 (71.4%) benchmark(s) to run. Estimated finish 2026-08-03 11:42 (0h 0m from now) **
Successfully reverted power plan (GUID: 381b4222-f694-41f0-9685-ff5bb260df2e FriendlyName: Balanced)
// ***** BenchmarkRunner: Finish  *****

// * Export *
  benchmarks-comparison\src\Plaxion.BenchMarks.Comparison\BenchmarkDotNet.Artifacts\results\Plaxion.BenchMarks.Comparison.ConcurrencyBenchmarks-report-full.json
  benchmarks-comparison\src\Plaxion.BenchMarks.Comparison\BenchmarkDotNet.Artifacts\results\Plaxion.BenchMarks.Comparison.ConcurrencyBenchmarks-report.csv
  benchmarks-comparison\src\Plaxion.BenchMarks.Comparison\BenchmarkDotNet.Artifacts\results\Plaxion.BenchMarks.Comparison.ConcurrencyBenchmarks-report-github.md

// * Detailed results *
ConcurrencyBenchmarks.Concurrent_MediatR_1: Dry(IterationCount=1, LaunchCount=1, RunStrategy=ColdStart, UnrollFactor=1, WarmupCount=1)
Runtime = .NET 9.0.7 (9.0.725.31616), X64 RyuJIT AVX2; GC = Concurrent Workstation
Mean = 3.396 ms, StdErr = 0.000 ms (0.00%), N = 1, StdDev = 0.000 ms
Min = 3.396 ms, Q1 = 3.396 ms, Median = 3.396 ms, Q3 = 3.396 ms, Max = 3.396 ms
IQR = 0.000 ms, LowerFence = 3.396 ms, UpperFence = 3.396 ms
ConfidenceInterval = [NaN ms; NaN ms] (CI 99.9%), Margin = NaN ms (NaN% of Mean)
Skewness = NaN, Kurtosis = NaN, MValue = 2
-------------------- Histogram --------------------
[3.396 ms ; 3.396 ms) | @
---------------------------------------------------

ConcurrencyBenchmarks.Concurrent_MediatR_128: Dry(IterationCount=1, LaunchCount=1, RunStrategy=ColdStart, UnrollFactor=1, WarmupCount=1)
Runtime = .NET 9.0.7 (9.0.725.31616), X64 RyuJIT AVX2; GC = Concurrent Workstation
Mean = 3.637 ms, StdErr = 0.000 ms (0.00%), N = 1, StdDev = 0.000 ms
Min = 3.637 ms, Q1 = 3.637 ms, Median = 3.637 ms, Q3 = 3.637 ms, Max = 3.637 ms
IQR = 0.000 ms, LowerFence = 3.637 ms, UpperFence = 3.637 ms
ConfidenceInterval = [NaN ms; NaN ms] (CI 99.9%), Margin = NaN ms (NaN% of Mean)
Skewness = NaN, Kurtosis = NaN, MValue = 2
-------------------- Histogram --------------------
[3.637 ms ; 3.637 ms) | @
---------------------------------------------------

ConcurrencyBenchmarks.Concurrent_MediatR_8: Dry(IterationCount=1, LaunchCount=1, RunStrategy=ColdStart, UnrollFactor=1, WarmupCount=1)
Runtime = .NET 9.0.7 (9.0.725.31616), X64 RyuJIT AVX2; GC = Concurrent Workstation
Mean = 3.644 ms, StdErr = 0.000 ms (0.00%), N = 1, StdDev = 0.000 ms
Min = 3.644 ms, Q1 = 3.644 ms, Median = 3.644 ms, Q3 = 3.644 ms, Max = 3.644 ms
IQR = 0.000 ms, LowerFence = 3.644 ms, UpperFence = 3.644 ms
ConfidenceInterval = [NaN ms; NaN ms] (CI 99.9%), Margin = NaN ms (NaN% of Mean)
Skewness = NaN, Kurtosis = NaN, MValue = 2
-------------------- Histogram --------------------
[3.644 ms ; 3.644 ms) | @
---------------------------------------------------

ConcurrencyBenchmarks.Concurrent_Plaxion_32: Dry(IterationCount=1, LaunchCount=1, RunStrategy=ColdStart, UnrollFactor=1, WarmupCount=1)
Runtime = .NET 9.0.7 (9.0.725.31616), X64 RyuJIT AVX2; GC = Concurrent Workstation
Mean = 4.535 ms, StdErr = 0.000 ms (0.00%), N = 1, StdDev = 0.000 ms
Min = 4.535 ms, Q1 = 4.535 ms, Median = 4.535 ms, Q3 = 4.535 ms, Max = 4.535 ms
IQR = 0.000 ms, LowerFence = 4.535 ms, UpperFence = 4.535 ms
ConfidenceInterval = [NaN ms; NaN ms] (CI 99.9%), Margin = NaN ms (NaN% of Mean)
Skewness = NaN, Kurtosis = NaN, MValue = 2
-------------------- Histogram --------------------
[4.535 ms ; 4.536 ms) | @
---------------------------------------------------

ConcurrencyBenchmarks.Concurrent_Plaxion_1: Dry(IterationCount=1, LaunchCount=1, RunStrategy=ColdStart, UnrollFactor=1, WarmupCount=1)
Runtime = .NET 9.0.7 (9.0.725.31616), X64 RyuJIT AVX2; GC = Concurrent Workstation
Mean = 4.576 ms, StdErr = 0.000 ms (0.00%), N = 1, StdDev = 0.000 ms
Min = 4.576 ms, Q1 = 4.576 ms, Median = 4.576 ms, Q3 = 4.576 ms, Max = 4.576 ms
IQR = 0.000 ms, LowerFence = 4.576 ms, UpperFence = 4.576 ms
ConfidenceInterval = [NaN ms; NaN ms] (CI 99.9%), Margin = NaN ms (NaN% of Mean)
Skewness = NaN, Kurtosis = NaN, MValue = 2
-------------------- Histogram --------------------
[4.576 ms ; 4.576 ms) | @
---------------------------------------------------

ConcurrencyBenchmarks.Concurrent_MediatR_32: Dry(IterationCount=1, LaunchCount=1, RunStrategy=ColdStart, UnrollFactor=1, WarmupCount=1)
Runtime = .NET 9.0.7 (9.0.725.31616), X64 RyuJIT AVX2; GC = Concurrent Workstation
Mean = 4.676 ms, StdErr = 0.000 ms (0.00%), N = 1, StdDev = 0.000 ms
Min = 4.676 ms, Q1 = 4.676 ms, Median = 4.676 ms, Q3 = 4.676 ms, Max = 4.676 ms
IQR = 0.000 ms, LowerFence = 4.676 ms, UpperFence = 4.676 ms
ConfidenceInterval = [NaN ms; NaN ms] (CI 99.9%), Margin = NaN ms (NaN% of Mean)
Skewness = NaN, Kurtosis = NaN, MValue = 2
-------------------- Histogram --------------------
[4.676 ms ; 4.676 ms) | @
---------------------------------------------------

ConcurrencyBenchmarks.Concurrent_Plaxion_8: Dry(IterationCount=1, LaunchCount=1, RunStrategy=ColdStart, UnrollFactor=1, WarmupCount=1)
Runtime = .NET 9.0.7 (9.0.725.31616), X64 RyuJIT AVX2; GC = Concurrent Workstation
Mean = 5.032 ms, StdErr = 0.000 ms (0.00%), N = 1, StdDev = 0.000 ms
Min = 5.032 ms, Q1 = 5.032 ms, Median = 5.032 ms, Q3 = 5.032 ms, Max = 5.032 ms
IQR = 0.000 ms, LowerFence = 5.032 ms, UpperFence = 5.032 ms
ConfidenceInterval = [NaN ms; NaN ms] (CI 99.9%), Margin = NaN ms (NaN% of Mean)
Skewness = NaN, Kurtosis = NaN, MValue = 2
-------------------- Histogram --------------------
[5.031 ms ; 5.032 ms) | @
---------------------------------------------------

ConcurrencyBenchmarks.Concurrent_Plaxion_128: Dry(IterationCount=1, LaunchCount=1, RunStrategy=ColdStart, UnrollFactor=1, WarmupCount=1)
Runtime = .NET 9.0.7 (9.0.725.31616), X64 RyuJIT AVX2; GC = Concurrent Workstation
Mean = 5.107 ms, StdErr = 0.000 ms (0.00%), N = 1, StdDev = 0.000 ms
Min = 5.107 ms, Q1 = 5.107 ms, Median = 5.107 ms, Q3 = 5.107 ms, Max = 5.107 ms
IQR = 0.000 ms, LowerFence = 5.107 ms, UpperFence = 5.107 ms
ConfidenceInterval = [NaN ms; NaN ms] (CI 99.9%), Margin = NaN ms (NaN% of Mean)
Skewness = NaN, Kurtosis = NaN, MValue = 2
-------------------- Histogram --------------------
[5.107 ms ; 5.108 ms) | @
---------------------------------------------------

ConcurrencyBenchmarks.Concurrent_Mediator_1: Dry(IterationCount=1, LaunchCount=1, RunStrategy=ColdStart, UnrollFactor=1, WarmupCount=1)
Runtime = .NET 9.0.7 (9.0.725.31616), X64 RyuJIT AVX2; GC = Concurrent Workstation
Mean = 11.119 ms, StdErr = 0.000 ms (0.00%), N = 1, StdDev = 0.000 ms
Min = 11.119 ms, Q1 = 11.119 ms, Median = 11.119 ms, Q3 = 11.119 ms, Max = 11.119 ms
IQR = 0.000 ms, LowerFence = 11.119 ms, UpperFence = 11.119 ms
ConfidenceInterval = [NaN ms; NaN ms] (CI 99.9%), Margin = NaN ms (NaN% of Mean)
Skewness = NaN, Kurtosis = NaN, MValue = 2
-------------------- Histogram --------------------
[11.119 ms ; 11.119 ms) | @
---------------------------------------------------

ConcurrencyBenchmarks.Concurrent_Mediator_32: Dry(IterationCount=1, LaunchCount=1, RunStrategy=ColdStart, UnrollFactor=1, WarmupCount=1)
Runtime = .NET 9.0.7 (9.0.725.31616), X64 RyuJIT AVX2; GC = Concurrent Workstation
Mean = 11.247 ms, StdErr = 0.000 ms (0.00%), N = 1, StdDev = 0.000 ms
Min = 11.247 ms, Q1 = 11.247 ms, Median = 11.247 ms, Q3 = 11.247 ms, Max = 11.247 ms
IQR = 0.000 ms, LowerFence = 11.247 ms, UpperFence = 11.247 ms
ConfidenceInterval = [NaN ms; NaN ms] (CI 99.9%), Margin = NaN ms (NaN% of Mean)
Skewness = NaN, Kurtosis = NaN, MValue = 2
-------------------- Histogram --------------------
[11.247 ms ; 11.247 ms) | @
---------------------------------------------------

ConcurrencyBenchmarks.Concurrent_Mediator_128: Dry(IterationCount=1, LaunchCount=1, RunStrategy=ColdStart, UnrollFactor=1, WarmupCount=1)
Runtime = .NET 9.0.7 (9.0.725.31616), X64 RyuJIT AVX2; GC = Concurrent Workstation
Mean = 12.066 ms, StdErr = 0.000 ms (0.00%), N = 1, StdDev = 0.000 ms
Min = 12.066 ms, Q1 = 12.066 ms, Median = 12.066 ms, Q3 = 12.066 ms, Max = 12.066 ms
IQR = 0.000 ms, LowerFence = 12.066 ms, UpperFence = 12.066 ms
ConfidenceInterval = [NaN ms; NaN ms] (CI 99.9%), Margin = NaN ms (NaN% of Mean)
Skewness = NaN, Kurtosis = NaN, MValue = 2
-------------------- Histogram --------------------
[12.065 ms ; 12.066 ms) | @
---------------------------------------------------

ConcurrencyBenchmarks.Concurrent_Mediator_8: Dry(IterationCount=1, LaunchCount=1, RunStrategy=ColdStart, UnrollFactor=1, WarmupCount=1)
Runtime = .NET 9.0.7 (9.0.725.31616), X64 RyuJIT AVX2; GC = Concurrent Workstation
Mean = 13.678 ms, StdErr = 0.000 ms (0.00%), N = 1, StdDev = 0.000 ms
Min = 13.678 ms, Q1 = 13.678 ms, Median = 13.678 ms, Q3 = 13.678 ms, Max = 13.678 ms
IQR = 0.000 ms, LowerFence = 13.678 ms, UpperFence = 13.678 ms
ConfidenceInterval = [NaN ms; NaN ms] (CI 99.9%), Margin = NaN ms (NaN% of Mean)
Skewness = NaN, Kurtosis = NaN, MValue = 2
-------------------- Histogram --------------------
[13.678 ms ; 13.678 ms) | @
---------------------------------------------------

// * Summary *

BenchmarkDotNet v0.14.0, Windows 11 (10.0.26200.8875)
12th Gen Intel Core i7-12700K, 1 CPU, 20 logical and 12 physical cores
.NET SDK 9.0.202
  [Host] : .NET 9.0.7 (9.0.725.31616), X64 RyuJIT AVX2
  Dry    : .NET 9.0.7 (9.0.725.31616), X64 RyuJIT AVX2

Job=Dry  IterationCount=1  LaunchCount=1  
RunStrategy=ColdStart  UnrollFactor=1  WarmupCount=1  

| Method                  | Mean      | Error | Completed Work Items | Lock Contentions | Allocated |
|------------------------ |----------:|------:|---------------------:|-----------------:|----------:|
| Concurrent_MediatR_1    |  3.396 ms |    NA |                    - |                - |   3.58 KB |
| Concurrent_MediatR_128  |  3.637 ms |    NA |                    - |                - |  35.09 KB |
| Concurrent_MediatR_8    |  3.644 ms |    NA |                    - |                - |   3.22 KB |
| Concurrent_Plaxion_32   |  4.535 ms |    NA |                    - |                - |   3.31 KB |
| Concurrent_Plaxion_1    |  4.576 ms |    NA |                    - |                - |   1.65 KB |
| Concurrent_MediatR_32   |  4.676 ms |    NA |                    - |                - |   9.59 KB |
| Concurrent_Plaxion_8    |  5.032 ms |    NA |                    - |                - |   1.44 KB |
| Concurrent_Plaxion_128  |  5.107 ms |    NA |                    - |                - |  10.81 KB |
| Concurrent_Mediator_1   | 11.119 ms |    NA |                    - |                - |   1.22 KB |
| Concurrent_Mediator_32  | 11.247 ms |    NA |                    - |                - |   3.36 KB |
| Concurrent_Mediator_128 | 12.066 ms |    NA |                    - |                - |  10.86 KB |
| Concurrent_Mediator_8   | 13.678 ms |    NA |                    - |                - |   1.77 KB |

// * Legends *
  Mean                 : Arithmetic mean of all measurements
  Error                : Half of 99.9% confidence interval
  Completed Work Items : The number of work items that have been processed in ThreadPool (per single operation)
  Lock Contentions     : The number of times there was contention upon trying to take a Monitor's lock (per single operation)
  Allocated            : Allocated memory per single operation (managed only, inclusive, 1KB = 1024B)
  1 ms                 : 1 Millisecond (0.001 sec)

// * Diagnostic Output - MemoryDiagnoser *

// * Diagnostic Output - ThreadingDiagnoser *


// ***** BenchmarkRunner: End *****
Run time: 00:00:05 (5.38 sec), executed benchmarks: 12

// Found 12 benchmarks:
//   NotificationFanOutBenchmarks.Publish_Plaxion_1Handler: Dry(IterationCount=1, LaunchCount=1, RunStrategy=ColdStart, UnrollFactor=1, WarmupCount=1)
//   NotificationFanOutBenchmarks.Publish_Plaxion_10Handlers: Dry(IterationCount=1, LaunchCount=1, RunStrategy=ColdStart, UnrollFactor=1, WarmupCount=1)
//   NotificationFanOutBenchmarks.Publish_Plaxion_50Handlers: Dry(IterationCount=1, LaunchCount=1, RunStrategy=ColdStart, UnrollFactor=1, WarmupCount=1)
//   NotificationFanOutBenchmarks.Publish_Plaxion_100Handlers: Dry(IterationCount=1, LaunchCount=1, RunStrategy=ColdStart, UnrollFactor=1, WarmupCount=1)
//   NotificationFanOutBenchmarks.Publish_MediatR_1Handler: Dry(IterationCount=1, LaunchCount=1, RunStrategy=ColdStart, UnrollFactor=1, WarmupCount=1)
//   NotificationFanOutBenchmarks.Publish_MediatR_10Handlers: Dry(IterationCount=1, LaunchCount=1, RunStrategy=ColdStart, UnrollFactor=1, WarmupCount=1)
//   NotificationFanOutBenchmarks.Publish_MediatR_50Handlers: Dry(IterationCount=1, LaunchCount=1, RunStrategy=ColdStart, UnrollFactor=1, WarmupCount=1)
//   NotificationFanOutBenchmarks.Publish_MediatR_100Handlers: Dry(IterationCount=1, LaunchCount=1, RunStrategy=ColdStart, UnrollFactor=1, WarmupCount=1)
//   NotificationFanOutBenchmarks.Publish_Mediator_1Handler: Dry(IterationCount=1, LaunchCount=1, RunStrategy=ColdStart, UnrollFactor=1, WarmupCount=1)
//   NotificationFanOutBenchmarks.Publish_Mediator_10Handlers: Dry(IterationCount=1, LaunchCount=1, RunStrategy=ColdStart, UnrollFactor=1, WarmupCount=1)
//   NotificationFanOutBenchmarks.Publish_Mediator_50Handlers: Dry(IterationCount=1, LaunchCount=1, RunStrategy=ColdStart, UnrollFactor=1, WarmupCount=1)
//   NotificationFanOutBenchmarks.Publish_Mediator_100Handlers: Dry(IterationCount=1, LaunchCount=1, RunStrategy=ColdStart, UnrollFactor=1, WarmupCount=1)

Setup power plan (GUID: 8c5e7fda-e8bf-4a96-9a85-a6e23a8c635c FriendlyName: High performance)
// **************************
// Benchmark: NotificationFanOutBenchmarks.Publish_Plaxion_1Handler: Dry(IterationCount=1, LaunchCount=1, RunStrategy=ColdStart, UnrollFactor=1, WarmupCount=1)
// *** Execute ***
// Launch: 1 / 1
// Execute: dotnet fbed55cd-ae87-46ee-a39a-ce1c8134860e.dll --anonymousPipes 2380 1928 --benchmarkName Plaxion.BenchMarks.Comparison.NotificationFanOutBenchmarks.Publish_Plaxion_1Handler --job Dry --benchmarkId 12 in C:\Users\Angel\RiderProjects\PlaxionMediator\benchmarks-comparison\src\Plaxion.BenchMarks.Comparison\bin\Release\net9.0\fbed55cd-ae87-46ee-a39a-ce1c8134860e\bin\Release\net9.0
// BeforeAnythingElse

// Benchmark Process Environment Information:
// BenchmarkDotNet v0.14.0
// Runtime=.NET 9.0.7 (9.0.725.31616), X64 RyuJIT AVX2
// GC=Concurrent Workstation
// HardwareIntrinsics=AVX2,AES,BMI1,BMI2,FMA,LZCNT,PCLMUL,POPCNT,AvxVnni,SERIALIZE VectorSize=256
// Job: Dry(IterationCount=1, LaunchCount=1, RunStrategy=ColdStart, UnrollFactor=1, WarmupCount=1)

// BeforeActualRun
WorkloadActual   1: 1 op, 3668300.00 ns, 3.6683 ms/op

// AfterActualRun
WorkloadResult   1: 1 op, 3668300.00 ns, 3.6683 ms/op
// GC:  0 0 0 2000 1
// Threading:  0 0 1

// AfterAll
// Benchmark Process 73772 has exited with code 0.

Mean = 3.668 ms, StdErr = 0.000 ms (0.00%), N = 1, StdDev = 0.000 ms
Min = 3.668 ms, Q1 = 3.668 ms, Median = 3.668 ms, Q3 = 3.668 ms, Max = 3.668 ms
IQR = 0.000 ms, LowerFence = 3.668 ms, UpperFence = 3.668 ms
ConfidenceInterval = [NaN ms; NaN ms] (CI 99.9%), Margin = NaN ms (NaN% of Mean)
Skewness = NaN, Kurtosis = NaN, MValue = 2

// ** Remained 29 (69.0%) benchmark(s) to run. Estimated finish 2026-08-03 11:43 (0h 0m from now) **
Setup power plan (GUID: 8c5e7fda-e8bf-4a96-9a85-a6e23a8c635c FriendlyName: High performance)
// **************************
// Benchmark: NotificationFanOutBenchmarks.Publish_Plaxion_10Handlers: Dry(IterationCount=1, LaunchCount=1, RunStrategy=ColdStart, UnrollFactor=1, WarmupCount=1)
// *** Execute ***
// Launch: 1 / 1
// Execute: dotnet fbed55cd-ae87-46ee-a39a-ce1c8134860e.dll --anonymousPipes 2072 2272 --benchmarkName Plaxion.BenchMarks.Comparison.NotificationFanOutBenchmarks.Publish_Plaxion_10Handlers --job Dry --benchmarkId 13 in C:\Users\Angel\RiderProjects\PlaxionMediator\benchmarks-comparison\src\Plaxion.BenchMarks.Comparison\bin\Release\net9.0\fbed55cd-ae87-46ee-a39a-ce1c8134860e\bin\Release\net9.0
// BeforeAnythingElse

// Benchmark Process Environment Information:
// BenchmarkDotNet v0.14.0
// Runtime=.NET 9.0.7 (9.0.725.31616), X64 RyuJIT AVX2
// GC=Concurrent Workstation
// HardwareIntrinsics=AVX2,AES,BMI1,BMI2,FMA,LZCNT,PCLMUL,POPCNT,AvxVnni,SERIALIZE VectorSize=256
// Job: Dry(IterationCount=1, LaunchCount=1, RunStrategy=ColdStart, UnrollFactor=1, WarmupCount=1)

// BeforeActualRun
WorkloadActual   1: 1 op, 3999400.00 ns, 3.9994 ms/op

// AfterActualRun
WorkloadResult   1: 1 op, 3999400.00 ns, 3.9994 ms/op
// GC:  0 0 0 3152 1
// Threading:  0 0 1

// AfterAll
// Benchmark Process 59120 has exited with code 0.

Mean = 3.999 ms, StdErr = 0.000 ms (0.00%), N = 1, StdDev = 0.000 ms
Min = 3.999 ms, Q1 = 3.999 ms, Median = 3.999 ms, Q3 = 3.999 ms, Max = 3.999 ms
IQR = 0.000 ms, LowerFence = 3.999 ms, UpperFence = 3.999 ms
ConfidenceInterval = [NaN ms; NaN ms] (CI 99.9%), Margin = NaN ms (NaN% of Mean)
Skewness = NaN, Kurtosis = NaN, MValue = 2

// ** Remained 28 (66.7%) benchmark(s) to run. Estimated finish 2026-08-03 11:43 (0h 0m from now) **
Setup power plan (GUID: 8c5e7fda-e8bf-4a96-9a85-a6e23a8c635c FriendlyName: High performance)
// **************************
// Benchmark: NotificationFanOutBenchmarks.Publish_Plaxion_50Handlers: Dry(IterationCount=1, LaunchCount=1, RunStrategy=ColdStart, UnrollFactor=1, WarmupCount=1)
// *** Execute ***
// Launch: 1 / 1
// Execute: dotnet fbed55cd-ae87-46ee-a39a-ce1c8134860e.dll --anonymousPipes 3756 3744 --benchmarkName Plaxion.BenchMarks.Comparison.NotificationFanOutBenchmarks.Publish_Plaxion_50Handlers --job Dry --benchmarkId 14 in C:\Users\Angel\RiderProjects\PlaxionMediator\benchmarks-comparison\src\Plaxion.BenchMarks.Comparison\bin\Release\net9.0\fbed55cd-ae87-46ee-a39a-ce1c8134860e\bin\Release\net9.0
// BeforeAnythingElse

// Benchmark Process Environment Information:
// BenchmarkDotNet v0.14.0
// Runtime=.NET 9.0.7 (9.0.725.31616), X64 RyuJIT AVX2
// GC=Concurrent Workstation
// HardwareIntrinsics=AVX2,AES,BMI1,BMI2,FMA,LZCNT,PCLMUL,POPCNT,AvxVnni,SERIALIZE VectorSize=256
// Job: Dry(IterationCount=1, LaunchCount=1, RunStrategy=ColdStart, UnrollFactor=1, WarmupCount=1)

// BeforeActualRun
WorkloadActual   1: 1 op, 4954200.00 ns, 4.9542 ms/op

// AfterActualRun
WorkloadResult   1: 1 op, 4954200.00 ns, 4.9542 ms/op
// GC:  0 0 0 9192 1
// Threading:  0 0 1

// AfterAll
// Benchmark Process 43904 has exited with code 0.

Mean = 4.954 ms, StdErr = 0.000 ms (0.00%), N = 1, StdDev = 0.000 ms
Min = 4.954 ms, Q1 = 4.954 ms, Median = 4.954 ms, Q3 = 4.954 ms, Max = 4.954 ms
IQR = 0.000 ms, LowerFence = 4.954 ms, UpperFence = 4.954 ms
ConfidenceInterval = [NaN ms; NaN ms] (CI 99.9%), Margin = NaN ms (NaN% of Mean)
Skewness = NaN, Kurtosis = NaN, MValue = 2

// ** Remained 27 (64.3%) benchmark(s) to run. Estimated finish 2026-08-03 11:43 (0h 0m from now) **
Setup power plan (GUID: 8c5e7fda-e8bf-4a96-9a85-a6e23a8c635c FriendlyName: High performance)
// **************************
// Benchmark: NotificationFanOutBenchmarks.Publish_Plaxion_100Handlers: Dry(IterationCount=1, LaunchCount=1, RunStrategy=ColdStart, UnrollFactor=1, WarmupCount=1)
// *** Execute ***
// Launch: 1 / 1
// Execute: dotnet fbed55cd-ae87-46ee-a39a-ce1c8134860e.dll --anonymousPipes 3736 3764 --benchmarkName Plaxion.BenchMarks.Comparison.NotificationFanOutBenchmarks.Publish_Plaxion_100Handlers --job Dry --benchmarkId 15 in C:\Users\Angel\RiderProjects\PlaxionMediator\benchmarks-comparison\src\Plaxion.BenchMarks.Comparison\bin\Release\net9.0\fbed55cd-ae87-46ee-a39a-ce1c8134860e\bin\Release\net9.0
// BeforeAnythingElse

// Benchmark Process Environment Information:
// BenchmarkDotNet v0.14.0
// Runtime=.NET 9.0.7 (9.0.725.31616), X64 RyuJIT AVX2
// GC=Concurrent Workstation
// HardwareIntrinsics=AVX2,AES,BMI1,BMI2,FMA,LZCNT,PCLMUL,POPCNT,AvxVnni,SERIALIZE VectorSize=256
// Job: Dry(IterationCount=1, LaunchCount=1, RunStrategy=ColdStart, UnrollFactor=1, WarmupCount=1)

// BeforeActualRun
WorkloadActual   1: 1 op, 6155800.00 ns, 6.1558 ms/op

// AfterActualRun
WorkloadResult   1: 1 op, 6155800.00 ns, 6.1558 ms/op
// GC:  0 0 0 14960 1
// Threading:  0 0 1

// AfterAll
// Benchmark Process 10588 has exited with code 0.

Mean = 6.156 ms, StdErr = 0.000 ms (0.00%), N = 1, StdDev = 0.000 ms
Min = 6.156 ms, Q1 = 6.156 ms, Median = 6.156 ms, Q3 = 6.156 ms, Max = 6.156 ms
IQR = 0.000 ms, LowerFence = 6.156 ms, UpperFence = 6.156 ms
ConfidenceInterval = [NaN ms; NaN ms] (CI 99.9%), Margin = NaN ms (NaN% of Mean)
Skewness = NaN, Kurtosis = NaN, MValue = 2

// ** Remained 26 (61.9%) benchmark(s) to run. Estimated finish 2026-08-03 11:42 (0h 0m from now) **
Setup power plan (GUID: 8c5e7fda-e8bf-4a96-9a85-a6e23a8c635c FriendlyName: High performance)
// **************************
// Benchmark: NotificationFanOutBenchmarks.Publish_MediatR_1Handler: Dry(IterationCount=1, LaunchCount=1, RunStrategy=ColdStart, UnrollFactor=1, WarmupCount=1)
// *** Execute ***
// Launch: 1 / 1
// Execute: dotnet fbed55cd-ae87-46ee-a39a-ce1c8134860e.dll --anonymousPipes 1744 1844 --benchmarkName Plaxion.BenchMarks.Comparison.NotificationFanOutBenchmarks.Publish_MediatR_1Handler --job Dry --benchmarkId 16 in C:\Users\Angel\RiderProjects\PlaxionMediator\benchmarks-comparison\src\Plaxion.BenchMarks.Comparison\bin\Release\net9.0\fbed55cd-ae87-46ee-a39a-ce1c8134860e\bin\Release\net9.0
// BeforeAnythingElse

// Benchmark Process Environment Information:
// BenchmarkDotNet v0.14.0
// Runtime=.NET 9.0.7 (9.0.725.31616), X64 RyuJIT AVX2
// GC=Concurrent Workstation
// HardwareIntrinsics=AVX2,AES,BMI1,BMI2,FMA,LZCNT,PCLMUL,POPCNT,AvxVnni,SERIALIZE VectorSize=256
// Job: Dry(IterationCount=1, LaunchCount=1, RunStrategy=ColdStart, UnrollFactor=1, WarmupCount=1)

// BeforeActualRun
WorkloadActual   1: 1 op, 3809000.00 ns, 3.8090 ms/op

// AfterActualRun
WorkloadResult   1: 1 op, 3809000.00 ns, 3.8090 ms/op
// GC:  0 0 0 2200 1
// Threading:  0 0 1

// AfterAll
// Benchmark Process 56404 has exited with code 0.

Mean = 3.809 ms, StdErr = 0.000 ms (0.00%), N = 1, StdDev = 0.000 ms
Min = 3.809 ms, Q1 = 3.809 ms, Median = 3.809 ms, Q3 = 3.809 ms, Max = 3.809 ms
IQR = 0.000 ms, LowerFence = 3.809 ms, UpperFence = 3.809 ms
ConfidenceInterval = [NaN ms; NaN ms] (CI 99.9%), Margin = NaN ms (NaN% of Mean)
Skewness = NaN, Kurtosis = NaN, MValue = 2

// ** Remained 25 (59.5%) benchmark(s) to run. Estimated finish 2026-08-03 11:42 (0h 0m from now) **
Setup power plan (GUID: 8c5e7fda-e8bf-4a96-9a85-a6e23a8c635c FriendlyName: High performance)
// **************************
// Benchmark: NotificationFanOutBenchmarks.Publish_MediatR_10Handlers: Dry(IterationCount=1, LaunchCount=1, RunStrategy=ColdStart, UnrollFactor=1, WarmupCount=1)
// *** Execute ***
// Launch: 1 / 1
// Execute: dotnet fbed55cd-ae87-46ee-a39a-ce1c8134860e.dll --anonymousPipes 2272 2276 --benchmarkName Plaxion.BenchMarks.Comparison.NotificationFanOutBenchmarks.Publish_MediatR_10Handlers --job Dry --benchmarkId 17 in C:\Users\Angel\RiderProjects\PlaxionMediator\benchmarks-comparison\src\Plaxion.BenchMarks.Comparison\bin\Release\net9.0\fbed55cd-ae87-46ee-a39a-ce1c8134860e\bin\Release\net9.0
// BeforeAnythingElse

// Benchmark Process Environment Information:
// BenchmarkDotNet v0.14.0
// Runtime=.NET 9.0.7 (9.0.725.31616), X64 RyuJIT AVX2
// GC=Concurrent Workstation
// HardwareIntrinsics=AVX2,AES,BMI1,BMI2,FMA,LZCNT,PCLMUL,POPCNT,AvxVnni,SERIALIZE VectorSize=256
// Job: Dry(IterationCount=1, LaunchCount=1, RunStrategy=ColdStart, UnrollFactor=1, WarmupCount=1)

// BeforeActualRun
WorkloadActual   1: 1 op, 4749900.00 ns, 4.7499 ms/op

// AfterActualRun
WorkloadResult   1: 1 op, 4749900.00 ns, 4.7499 ms/op
// GC:  0 0 0 4712 1
// Threading:  0 0 1

// AfterAll
// Benchmark Process 30460 has exited with code 0.

Mean = 4.750 ms, StdErr = 0.000 ms (0.00%), N = 1, StdDev = 0.000 ms
Min = 4.750 ms, Q1 = 4.750 ms, Median = 4.750 ms, Q3 = 4.750 ms, Max = 4.750 ms
IQR = 0.000 ms, LowerFence = 4.750 ms, UpperFence = 4.750 ms
ConfidenceInterval = [NaN ms; NaN ms] (CI 99.9%), Margin = NaN ms (NaN% of Mean)
Skewness = NaN, Kurtosis = NaN, MValue = 2

// ** Remained 24 (57.1%) benchmark(s) to run. Estimated finish 2026-08-03 11:42 (0h 0m from now) **
Setup power plan (GUID: 8c5e7fda-e8bf-4a96-9a85-a6e23a8c635c FriendlyName: High performance)
// **************************
// Benchmark: NotificationFanOutBenchmarks.Publish_MediatR_50Handlers: Dry(IterationCount=1, LaunchCount=1, RunStrategy=ColdStart, UnrollFactor=1, WarmupCount=1)
// *** Execute ***
// Launch: 1 / 1
// Execute: dotnet fbed55cd-ae87-46ee-a39a-ce1c8134860e.dll --anonymousPipes 3828 3824 --benchmarkName Plaxion.BenchMarks.Comparison.NotificationFanOutBenchmarks.Publish_MediatR_50Handlers --job Dry --benchmarkId 18 in C:\Users\Angel\RiderProjects\PlaxionMediator\benchmarks-comparison\src\Plaxion.BenchMarks.Comparison\bin\Release\net9.0\fbed55cd-ae87-46ee-a39a-ce1c8134860e\bin\Release\net9.0
// BeforeAnythingElse

// Benchmark Process Environment Information:
// BenchmarkDotNet v0.14.0
// Runtime=.NET 9.0.7 (9.0.725.31616), X64 RyuJIT AVX2
// GC=Concurrent Workstation
// HardwareIntrinsics=AVX2,AES,BMI1,BMI2,FMA,LZCNT,PCLMUL,POPCNT,AvxVnni,SERIALIZE VectorSize=256
// Job: Dry(IterationCount=1, LaunchCount=1, RunStrategy=ColdStart, UnrollFactor=1, WarmupCount=1)

// BeforeActualRun
WorkloadActual   1: 1 op, 5183800.00 ns, 5.1838 ms/op

// AfterActualRun
WorkloadResult   1: 1 op, 5183800.00 ns, 5.1838 ms/op
// GC:  0 0 0 15120 1
// Threading:  0 0 1

// AfterAll
// Benchmark Process 73164 has exited with code 0.

Mean = 5.184 ms, StdErr = 0.000 ms (0.00%), N = 1, StdDev = 0.000 ms
Min = 5.184 ms, Q1 = 5.184 ms, Median = 5.184 ms, Q3 = 5.184 ms, Max = 5.184 ms
IQR = 0.000 ms, LowerFence = 5.184 ms, UpperFence = 5.184 ms
ConfidenceInterval = [NaN ms; NaN ms] (CI 99.9%), Margin = NaN ms (NaN% of Mean)
Skewness = NaN, Kurtosis = NaN, MValue = 2

// ** Remained 23 (54.8%) benchmark(s) to run. Estimated finish 2026-08-03 11:42 (0h 0m from now) **
Setup power plan (GUID: 8c5e7fda-e8bf-4a96-9a85-a6e23a8c635c FriendlyName: High performance)
// **************************
// Benchmark: NotificationFanOutBenchmarks.Publish_MediatR_100Handlers: Dry(IterationCount=1, LaunchCount=1, RunStrategy=ColdStart, UnrollFactor=1, WarmupCount=1)
// *** Execute ***
// Launch: 1 / 1
// Execute: dotnet fbed55cd-ae87-46ee-a39a-ce1c8134860e.dll --anonymousPipes 3852 3860 --benchmarkName Plaxion.BenchMarks.Comparison.NotificationFanOutBenchmarks.Publish_MediatR_100Handlers --job Dry --benchmarkId 19 in C:\Users\Angel\RiderProjects\PlaxionMediator\benchmarks-comparison\src\Plaxion.BenchMarks.Comparison\bin\Release\net9.0\fbed55cd-ae87-46ee-a39a-ce1c8134860e\bin\Release\net9.0
// BeforeAnythingElse

// Benchmark Process Environment Information:
// BenchmarkDotNet v0.14.0
// Runtime=.NET 9.0.7 (9.0.725.31616), X64 RyuJIT AVX2
// GC=Concurrent Workstation
// HardwareIntrinsics=AVX2,AES,BMI1,BMI2,FMA,LZCNT,PCLMUL,POPCNT,AvxVnni,SERIALIZE VectorSize=256
// Job: Dry(IterationCount=1, LaunchCount=1, RunStrategy=ColdStart, UnrollFactor=1, WarmupCount=1)

// BeforeActualRun
WorkloadActual   1: 1 op, 5901100.00 ns, 5.9011 ms/op

// AfterActualRun
WorkloadResult   1: 1 op, 5901100.00 ns, 5.9011 ms/op
// GC:  0 0 0 26832 1
// Threading:  0 0 1

// AfterAll
// Benchmark Process 28324 has exited with code 0.

Mean = 5.901 ms, StdErr = 0.000 ms (0.00%), N = 1, StdDev = 0.000 ms
Min = 5.901 ms, Q1 = 5.901 ms, Median = 5.901 ms, Q3 = 5.901 ms, Max = 5.901 ms
IQR = 0.000 ms, LowerFence = 5.901 ms, UpperFence = 5.901 ms
ConfidenceInterval = [NaN ms; NaN ms] (CI 99.9%), Margin = NaN ms (NaN% of Mean)
Skewness = NaN, Kurtosis = NaN, MValue = 2

// ** Remained 22 (52.4%) benchmark(s) to run. Estimated finish 2026-08-03 11:42 (0h 0m from now) **
Setup power plan (GUID: 8c5e7fda-e8bf-4a96-9a85-a6e23a8c635c FriendlyName: High performance)
// **************************
// Benchmark: NotificationFanOutBenchmarks.Publish_Mediator_1Handler: Dry(IterationCount=1, LaunchCount=1, RunStrategy=ColdStart, UnrollFactor=1, WarmupCount=1)
// *** Execute ***
// Launch: 1 / 1
// Execute: dotnet fbed55cd-ae87-46ee-a39a-ce1c8134860e.dll --anonymousPipes 2512 2520 --benchmarkName Plaxion.BenchMarks.Comparison.NotificationFanOutBenchmarks.Publish_Mediator_1Handler --job Dry --benchmarkId 20 in C:\Users\Angel\RiderProjects\PlaxionMediator\benchmarks-comparison\src\Plaxion.BenchMarks.Comparison\bin\Release\net9.0\fbed55cd-ae87-46ee-a39a-ce1c8134860e\bin\Release\net9.0
// BeforeAnythingElse

// Benchmark Process Environment Information:
// BenchmarkDotNet v0.14.0
// Runtime=.NET 9.0.7 (9.0.725.31616), X64 RyuJIT AVX2
// GC=Concurrent Workstation
// HardwareIntrinsics=AVX2,AES,BMI1,BMI2,FMA,LZCNT,PCLMUL,POPCNT,AvxVnni,SERIALIZE VectorSize=256
// Job: Dry(IterationCount=1, LaunchCount=1, RunStrategy=ColdStart, UnrollFactor=1, WarmupCount=1)

// BeforeActualRun
WorkloadActual   1: 1 op, 10149900.00 ns, 10.1499 ms/op

// AfterActualRun
WorkloadResult   1: 1 op, 10149900.00 ns, 10.1499 ms/op
// GC:  0 0 0 1528 1
// Threading:  0 0 1

// AfterAll
// Benchmark Process 67732 has exited with code 0.

Mean = 10.150 ms, StdErr = 0.000 ms (0.00%), N = 1, StdDev = 0.000 ms
Min = 10.150 ms, Q1 = 10.150 ms, Median = 10.150 ms, Q3 = 10.150 ms, Max = 10.150 ms
IQR = 0.000 ms, LowerFence = 10.150 ms, UpperFence = 10.150 ms
ConfidenceInterval = [NaN ms; NaN ms] (CI 99.9%), Margin = NaN ms (NaN% of Mean)
Skewness = NaN, Kurtosis = NaN, MValue = 2

// ** Remained 21 (50.0%) benchmark(s) to run. Estimated finish 2026-08-03 11:42 (0h 0m from now) **
Setup power plan (GUID: 8c5e7fda-e8bf-4a96-9a85-a6e23a8c635c FriendlyName: High performance)
// **************************
// Benchmark: NotificationFanOutBenchmarks.Publish_Mediator_10Handlers: Dry(IterationCount=1, LaunchCount=1, RunStrategy=ColdStart, UnrollFactor=1, WarmupCount=1)
// *** Execute ***
// Launch: 1 / 1
// Execute: dotnet fbed55cd-ae87-46ee-a39a-ce1c8134860e.dll --anonymousPipes 3852 3860 --benchmarkName Plaxion.BenchMarks.Comparison.NotificationFanOutBenchmarks.Publish_Mediator_10Handlers --job Dry --benchmarkId 21 in C:\Users\Angel\RiderProjects\PlaxionMediator\benchmarks-comparison\src\Plaxion.BenchMarks.Comparison\bin\Release\net9.0\fbed55cd-ae87-46ee-a39a-ce1c8134860e\bin\Release\net9.0
// BeforeAnythingElse

// Benchmark Process Environment Information:
// BenchmarkDotNet v0.14.0
// Runtime=.NET 9.0.7 (9.0.725.31616), X64 RyuJIT AVX2
// GC=Concurrent Workstation
// HardwareIntrinsics=AVX2,AES,BMI1,BMI2,FMA,LZCNT,PCLMUL,POPCNT,AvxVnni,SERIALIZE VectorSize=256
// Job: Dry(IterationCount=1, LaunchCount=1, RunStrategy=ColdStart, UnrollFactor=1, WarmupCount=1)

// BeforeActualRun
WorkloadActual   1: 1 op, 11034800.00 ns, 11.0348 ms/op

// AfterActualRun
WorkloadResult   1: 1 op, 11034800.00 ns, 11.0348 ms/op
// GC:  0 0 0 2896 1
// Threading:  0 0 1

// AfterAll
// Benchmark Process 43488 has exited with code 0.

Mean = 11.035 ms, StdErr = 0.000 ms (0.00%), N = 1, StdDev = 0.000 ms
Min = 11.035 ms, Q1 = 11.035 ms, Median = 11.035 ms, Q3 = 11.035 ms, Max = 11.035 ms
IQR = 0.000 ms, LowerFence = 11.035 ms, UpperFence = 11.035 ms
ConfidenceInterval = [NaN ms; NaN ms] (CI 99.9%), Margin = NaN ms (NaN% of Mean)
Skewness = NaN, Kurtosis = NaN, MValue = 2

// ** Remained 20 (47.6%) benchmark(s) to run. Estimated finish 2026-08-03 11:42 (0h 0m from now) **
Setup power plan (GUID: 8c5e7fda-e8bf-4a96-9a85-a6e23a8c635c FriendlyName: High performance)
// **************************
// Benchmark: NotificationFanOutBenchmarks.Publish_Mediator_50Handlers: Dry(IterationCount=1, LaunchCount=1, RunStrategy=ColdStart, UnrollFactor=1, WarmupCount=1)
// *** Execute ***
// Launch: 1 / 1
// Execute: dotnet fbed55cd-ae87-46ee-a39a-ce1c8134860e.dll --anonymousPipes 3892 3884 --benchmarkName Plaxion.BenchMarks.Comparison.NotificationFanOutBenchmarks.Publish_Mediator_50Handlers --job Dry --benchmarkId 22 in C:\Users\Angel\RiderProjects\PlaxionMediator\benchmarks-comparison\src\Plaxion.BenchMarks.Comparison\bin\Release\net9.0\fbed55cd-ae87-46ee-a39a-ce1c8134860e\bin\Release\net9.0
// BeforeAnythingElse

// Benchmark Process Environment Information:
// BenchmarkDotNet v0.14.0
// Runtime=.NET 9.0.7 (9.0.725.31616), X64 RyuJIT AVX2
// GC=Concurrent Workstation
// HardwareIntrinsics=AVX2,AES,BMI1,BMI2,FMA,LZCNT,PCLMUL,POPCNT,AvxVnni,SERIALIZE VectorSize=256
// Job: Dry(IterationCount=1, LaunchCount=1, RunStrategy=ColdStart, UnrollFactor=1, WarmupCount=1)

// BeforeActualRun
WorkloadActual   1: 1 op, 13714000.00 ns, 13.7140 ms/op

// AfterActualRun
WorkloadResult   1: 1 op, 13714000.00 ns, 13.7140 ms/op
// GC:  0 0 0 7408 1
// Threading:  0 0 1

// AfterAll
// Benchmark Process 64136 has exited with code 0.

Mean = 13.714 ms, StdErr = 0.000 ms (0.00%), N = 1, StdDev = 0.000 ms
Min = 13.714 ms, Q1 = 13.714 ms, Median = 13.714 ms, Q3 = 13.714 ms, Max = 13.714 ms
IQR = 0.000 ms, LowerFence = 13.714 ms, UpperFence = 13.714 ms
ConfidenceInterval = [NaN ms; NaN ms] (CI 99.9%), Margin = NaN ms (NaN% of Mean)
Skewness = NaN, Kurtosis = NaN, MValue = 2

// ** Remained 19 (45.2%) benchmark(s) to run. Estimated finish 2026-08-03 11:42 (0h 0m from now) **
Setup power plan (GUID: 8c5e7fda-e8bf-4a96-9a85-a6e23a8c635c FriendlyName: High performance)
// **************************
// Benchmark: NotificationFanOutBenchmarks.Publish_Mediator_100Handlers: Dry(IterationCount=1, LaunchCount=1, RunStrategy=ColdStart, UnrollFactor=1, WarmupCount=1)
// *** Execute ***
// Launch: 1 / 1
// Execute: dotnet fbed55cd-ae87-46ee-a39a-ce1c8134860e.dll --anonymousPipes 2596 2608 --benchmarkName Plaxion.BenchMarks.Comparison.NotificationFanOutBenchmarks.Publish_Mediator_100Handlers --job Dry --benchmarkId 23 in C:\Users\Angel\RiderProjects\PlaxionMediator\benchmarks-comparison\src\Plaxion.BenchMarks.Comparison\bin\Release\net9.0\fbed55cd-ae87-46ee-a39a-ce1c8134860e\bin\Release\net9.0
// BeforeAnythingElse

// Benchmark Process Environment Information:
// BenchmarkDotNet v0.14.0
// Runtime=.NET 9.0.7 (9.0.725.31616), X64 RyuJIT AVX2
// GC=Concurrent Workstation
// HardwareIntrinsics=AVX2,AES,BMI1,BMI2,FMA,LZCNT,PCLMUL,POPCNT,AvxVnni,SERIALIZE VectorSize=256
// Job: Dry(IterationCount=1, LaunchCount=1, RunStrategy=ColdStart, UnrollFactor=1, WarmupCount=1)

// BeforeActualRun
WorkloadActual   1: 1 op, 14049000.00 ns, 14.0490 ms/op

// AfterActualRun
WorkloadResult   1: 1 op, 14049000.00 ns, 14.0490 ms/op
// GC:  0 0 0 13408 1
// Threading:  0 0 1

// AfterAll
// Benchmark Process 4984 has exited with code 0.

Mean = 14.049 ms, StdErr = 0.000 ms (0.00%), N = 1, StdDev = 0.000 ms
Min = 14.049 ms, Q1 = 14.049 ms, Median = 14.049 ms, Q3 = 14.049 ms, Max = 14.049 ms
IQR = 0.000 ms, LowerFence = 14.049 ms, UpperFence = 14.049 ms
ConfidenceInterval = [NaN ms; NaN ms] (CI 99.9%), Margin = NaN ms (NaN% of Mean)
Skewness = NaN, Kurtosis = NaN, MValue = 2

// ** Remained 18 (42.9%) benchmark(s) to run. Estimated finish 2026-08-03 11:42 (0h 0m from now) **
Successfully reverted power plan (GUID: 381b4222-f694-41f0-9685-ff5bb260df2e FriendlyName: Balanced)
// ***** BenchmarkRunner: Finish  *****

// * Export *
  benchmarks-comparison\src\Plaxion.BenchMarks.Comparison\BenchmarkDotNet.Artifacts\results\Plaxion.BenchMarks.Comparison.NotificationFanOutBenchmarks-report-full.json
  benchmarks-comparison\src\Plaxion.BenchMarks.Comparison\BenchmarkDotNet.Artifacts\results\Plaxion.BenchMarks.Comparison.NotificationFanOutBenchmarks-report.csv
  benchmarks-comparison\src\Plaxion.BenchMarks.Comparison\BenchmarkDotNet.Artifacts\results\Plaxion.BenchMarks.Comparison.NotificationFanOutBenchmarks-report-github.md

// * Detailed results *
NotificationFanOutBenchmarks.Publish_Plaxion_1Handler: Dry(IterationCount=1, LaunchCount=1, RunStrategy=ColdStart, UnrollFactor=1, WarmupCount=1)
Runtime = .NET 9.0.7 (9.0.725.31616), X64 RyuJIT AVX2; GC = Concurrent Workstation
Mean = 3.668 ms, StdErr = 0.000 ms (0.00%), N = 1, StdDev = 0.000 ms
Min = 3.668 ms, Q1 = 3.668 ms, Median = 3.668 ms, Q3 = 3.668 ms, Max = 3.668 ms
IQR = 0.000 ms, LowerFence = 3.668 ms, UpperFence = 3.668 ms
ConfidenceInterval = [NaN ms; NaN ms] (CI 99.9%), Margin = NaN ms (NaN% of Mean)
Skewness = NaN, Kurtosis = NaN, MValue = 2
-------------------- Histogram --------------------
[3.668 ms ; 3.668 ms) | @
---------------------------------------------------

NotificationFanOutBenchmarks.Publish_MediatR_1Handler: Dry(IterationCount=1, LaunchCount=1, RunStrategy=ColdStart, UnrollFactor=1, WarmupCount=1)
Runtime = .NET 9.0.7 (9.0.725.31616), X64 RyuJIT AVX2; GC = Concurrent Workstation
Mean = 3.809 ms, StdErr = 0.000 ms (0.00%), N = 1, StdDev = 0.000 ms
Min = 3.809 ms, Q1 = 3.809 ms, Median = 3.809 ms, Q3 = 3.809 ms, Max = 3.809 ms
IQR = 0.000 ms, LowerFence = 3.809 ms, UpperFence = 3.809 ms
ConfidenceInterval = [NaN ms; NaN ms] (CI 99.9%), Margin = NaN ms (NaN% of Mean)
Skewness = NaN, Kurtosis = NaN, MValue = 2
-------------------- Histogram --------------------
[3.809 ms ; 3.809 ms) | @
---------------------------------------------------

NotificationFanOutBenchmarks.Publish_Plaxion_10Handlers: Dry(IterationCount=1, LaunchCount=1, RunStrategy=ColdStart, UnrollFactor=1, WarmupCount=1)
Runtime = .NET 9.0.7 (9.0.725.31616), X64 RyuJIT AVX2; GC = Concurrent Workstation
Mean = 3.999 ms, StdErr = 0.000 ms (0.00%), N = 1, StdDev = 0.000 ms
Min = 3.999 ms, Q1 = 3.999 ms, Median = 3.999 ms, Q3 = 3.999 ms, Max = 3.999 ms
IQR = 0.000 ms, LowerFence = 3.999 ms, UpperFence = 3.999 ms
ConfidenceInterval = [NaN ms; NaN ms] (CI 99.9%), Margin = NaN ms (NaN% of Mean)
Skewness = NaN, Kurtosis = NaN, MValue = 2
-------------------- Histogram --------------------
[3.999 ms ; 3.999 ms) | @
---------------------------------------------------

NotificationFanOutBenchmarks.Publish_MediatR_10Handlers: Dry(IterationCount=1, LaunchCount=1, RunStrategy=ColdStart, UnrollFactor=1, WarmupCount=1)
Runtime = .NET 9.0.7 (9.0.725.31616), X64 RyuJIT AVX2; GC = Concurrent Workstation
Mean = 4.750 ms, StdErr = 0.000 ms (0.00%), N = 1, StdDev = 0.000 ms
Min = 4.750 ms, Q1 = 4.750 ms, Median = 4.750 ms, Q3 = 4.750 ms, Max = 4.750 ms
IQR = 0.000 ms, LowerFence = 4.750 ms, UpperFence = 4.750 ms
ConfidenceInterval = [NaN ms; NaN ms] (CI 99.9%), Margin = NaN ms (NaN% of Mean)
Skewness = NaN, Kurtosis = NaN, MValue = 2
-------------------- Histogram --------------------
[4.750 ms ; 4.750 ms) | @
---------------------------------------------------

NotificationFanOutBenchmarks.Publish_Plaxion_50Handlers: Dry(IterationCount=1, LaunchCount=1, RunStrategy=ColdStart, UnrollFactor=1, WarmupCount=1)
Runtime = .NET 9.0.7 (9.0.725.31616), X64 RyuJIT AVX2; GC = Concurrent Workstation
Mean = 4.954 ms, StdErr = 0.000 ms (0.00%), N = 1, StdDev = 0.000 ms
Min = 4.954 ms, Q1 = 4.954 ms, Median = 4.954 ms, Q3 = 4.954 ms, Max = 4.954 ms
IQR = 0.000 ms, LowerFence = 4.954 ms, UpperFence = 4.954 ms
ConfidenceInterval = [NaN ms; NaN ms] (CI 99.9%), Margin = NaN ms (NaN% of Mean)
Skewness = NaN, Kurtosis = NaN, MValue = 2
-------------------- Histogram --------------------
[4.954 ms ; 4.954 ms) | @
---------------------------------------------------

NotificationFanOutBenchmarks.Publish_MediatR_50Handlers: Dry(IterationCount=1, LaunchCount=1, RunStrategy=ColdStart, UnrollFactor=1, WarmupCount=1)
Runtime = .NET 9.0.7 (9.0.725.31616), X64 RyuJIT AVX2; GC = Concurrent Workstation
Mean = 5.184 ms, StdErr = 0.000 ms (0.00%), N = 1, StdDev = 0.000 ms
Min = 5.184 ms, Q1 = 5.184 ms, Median = 5.184 ms, Q3 = 5.184 ms, Max = 5.184 ms
IQR = 0.000 ms, LowerFence = 5.184 ms, UpperFence = 5.184 ms
ConfidenceInterval = [NaN ms; NaN ms] (CI 99.9%), Margin = NaN ms (NaN% of Mean)
Skewness = NaN, Kurtosis = NaN, MValue = 2
-------------------- Histogram --------------------
[5.184 ms ; 5.184 ms) | @
---------------------------------------------------

NotificationFanOutBenchmarks.Publish_MediatR_100Handlers: Dry(IterationCount=1, LaunchCount=1, RunStrategy=ColdStart, UnrollFactor=1, WarmupCount=1)
Runtime = .NET 9.0.7 (9.0.725.31616), X64 RyuJIT AVX2; GC = Concurrent Workstation
Mean = 5.901 ms, StdErr = 0.000 ms (0.00%), N = 1, StdDev = 0.000 ms
Min = 5.901 ms, Q1 = 5.901 ms, Median = 5.901 ms, Q3 = 5.901 ms, Max = 5.901 ms
IQR = 0.000 ms, LowerFence = 5.901 ms, UpperFence = 5.901 ms
ConfidenceInterval = [NaN ms; NaN ms] (CI 99.9%), Margin = NaN ms (NaN% of Mean)
Skewness = NaN, Kurtosis = NaN, MValue = 2
-------------------- Histogram --------------------
[5.901 ms ; 5.901 ms) | @
---------------------------------------------------

NotificationFanOutBenchmarks.Publish_Plaxion_100Handlers: Dry(IterationCount=1, LaunchCount=1, RunStrategy=ColdStart, UnrollFactor=1, WarmupCount=1)
Runtime = .NET 9.0.7 (9.0.725.31616), X64 RyuJIT AVX2; GC = Concurrent Workstation
Mean = 6.156 ms, StdErr = 0.000 ms (0.00%), N = 1, StdDev = 0.000 ms
Min = 6.156 ms, Q1 = 6.156 ms, Median = 6.156 ms, Q3 = 6.156 ms, Max = 6.156 ms
IQR = 0.000 ms, LowerFence = 6.156 ms, UpperFence = 6.156 ms
ConfidenceInterval = [NaN ms; NaN ms] (CI 99.9%), Margin = NaN ms (NaN% of Mean)
Skewness = NaN, Kurtosis = NaN, MValue = 2
-------------------- Histogram --------------------
[6.156 ms ; 6.156 ms) | @
---------------------------------------------------

NotificationFanOutBenchmarks.Publish_Mediator_1Handler: Dry(IterationCount=1, LaunchCount=1, RunStrategy=ColdStart, UnrollFactor=1, WarmupCount=1)
Runtime = .NET 9.0.7 (9.0.725.31616), X64 RyuJIT AVX2; GC = Concurrent Workstation
Mean = 10.150 ms, StdErr = 0.000 ms (0.00%), N = 1, StdDev = 0.000 ms
Min = 10.150 ms, Q1 = 10.150 ms, Median = 10.150 ms, Q3 = 10.150 ms, Max = 10.150 ms
IQR = 0.000 ms, LowerFence = 10.150 ms, UpperFence = 10.150 ms
ConfidenceInterval = [NaN ms; NaN ms] (CI 99.9%), Margin = NaN ms (NaN% of Mean)
Skewness = NaN, Kurtosis = NaN, MValue = 2
-------------------- Histogram --------------------
[10.150 ms ; 10.150 ms) | @
---------------------------------------------------

NotificationFanOutBenchmarks.Publish_Mediator_10Handlers: Dry(IterationCount=1, LaunchCount=1, RunStrategy=ColdStart, UnrollFactor=1, WarmupCount=1)
Runtime = .NET 9.0.7 (9.0.725.31616), X64 RyuJIT AVX2; GC = Concurrent Workstation
Mean = 11.035 ms, StdErr = 0.000 ms (0.00%), N = 1, StdDev = 0.000 ms
Min = 11.035 ms, Q1 = 11.035 ms, Median = 11.035 ms, Q3 = 11.035 ms, Max = 11.035 ms
IQR = 0.000 ms, LowerFence = 11.035 ms, UpperFence = 11.035 ms
ConfidenceInterval = [NaN ms; NaN ms] (CI 99.9%), Margin = NaN ms (NaN% of Mean)
Skewness = NaN, Kurtosis = NaN, MValue = 2
-------------------- Histogram --------------------
[11.035 ms ; 11.035 ms) | @
---------------------------------------------------

NotificationFanOutBenchmarks.Publish_Mediator_50Handlers: Dry(IterationCount=1, LaunchCount=1, RunStrategy=ColdStart, UnrollFactor=1, WarmupCount=1)
Runtime = .NET 9.0.7 (9.0.725.31616), X64 RyuJIT AVX2; GC = Concurrent Workstation
Mean = 13.714 ms, StdErr = 0.000 ms (0.00%), N = 1, StdDev = 0.000 ms
Min = 13.714 ms, Q1 = 13.714 ms, Median = 13.714 ms, Q3 = 13.714 ms, Max = 13.714 ms
IQR = 0.000 ms, LowerFence = 13.714 ms, UpperFence = 13.714 ms
ConfidenceInterval = [NaN ms; NaN ms] (CI 99.9%), Margin = NaN ms (NaN% of Mean)
Skewness = NaN, Kurtosis = NaN, MValue = 2
-------------------- Histogram --------------------
[13.714 ms ; 13.714 ms) | @
---------------------------------------------------

NotificationFanOutBenchmarks.Publish_Mediator_100Handlers: Dry(IterationCount=1, LaunchCount=1, RunStrategy=ColdStart, UnrollFactor=1, WarmupCount=1)
Runtime = .NET 9.0.7 (9.0.725.31616), X64 RyuJIT AVX2; GC = Concurrent Workstation
Mean = 14.049 ms, StdErr = 0.000 ms (0.00%), N = 1, StdDev = 0.000 ms
Min = 14.049 ms, Q1 = 14.049 ms, Median = 14.049 ms, Q3 = 14.049 ms, Max = 14.049 ms
IQR = 0.000 ms, LowerFence = 14.049 ms, UpperFence = 14.049 ms
ConfidenceInterval = [NaN ms; NaN ms] (CI 99.9%), Margin = NaN ms (NaN% of Mean)
Skewness = NaN, Kurtosis = NaN, MValue = 2
-------------------- Histogram --------------------
[14.049 ms ; 14.049 ms) | @
---------------------------------------------------

// * Summary *

BenchmarkDotNet v0.14.0, Windows 11 (10.0.26200.8875)
12th Gen Intel Core i7-12700K, 1 CPU, 20 logical and 12 physical cores
.NET SDK 9.0.202
  [Host] : .NET 9.0.7 (9.0.725.31616), X64 RyuJIT AVX2
  Dry    : .NET 9.0.7 (9.0.725.31616), X64 RyuJIT AVX2

Job=Dry  IterationCount=1  LaunchCount=1  
RunStrategy=ColdStart  UnrollFactor=1  WarmupCount=1  

| Method                       | Mean      | Error | Allocated |
|----------------------------- |----------:|------:|----------:|
| Publish_Plaxion_1Handler     |  3.668 ms |    NA |   1.95 KB |
| Publish_MediatR_1Handler     |  3.809 ms |    NA |   2.15 KB |
| Publish_Plaxion_10Handlers   |  3.999 ms |    NA |   3.08 KB |
| Publish_MediatR_10Handlers   |  4.750 ms |    NA |    4.6 KB |
| Publish_Plaxion_50Handlers   |  4.954 ms |    NA |   8.98 KB |
| Publish_MediatR_50Handlers   |  5.184 ms |    NA |  14.77 KB |
| Publish_MediatR_100Handlers  |  5.901 ms |    NA |   26.2 KB |
| Publish_Plaxion_100Handlers  |  6.156 ms |    NA |  14.61 KB |
| Publish_Mediator_1Handler    | 10.150 ms |    NA |   1.49 KB |
| Publish_Mediator_10Handlers  | 11.035 ms |    NA |   2.83 KB |
| Publish_Mediator_50Handlers  | 13.714 ms |    NA |   7.23 KB |
| Publish_Mediator_100Handlers | 14.049 ms |    NA |  13.09 KB |

// * Legends *
  Mean      : Arithmetic mean of all measurements
  Error     : Half of 99.9% confidence interval
  Allocated : Allocated memory per single operation (managed only, inclusive, 1KB = 1024B)
  1 ms      : 1 Millisecond (0.001 sec)

// * Diagnostic Output - MemoryDiagnoser *


// ***** BenchmarkRunner: End *****
Run time: 00:00:04 (4.63 sec), executed benchmarks: 12

// Found 15 benchmarks:
//   PipelineBehaviorBenchmarks.Send_Plaxion_0Behaviors: Dry(IterationCount=1, LaunchCount=1, RunStrategy=ColdStart, UnrollFactor=1, WarmupCount=1)
//   PipelineBehaviorBenchmarks.Send_Plaxion_1Behavior: Dry(IterationCount=1, LaunchCount=1, RunStrategy=ColdStart, UnrollFactor=1, WarmupCount=1)
//   PipelineBehaviorBenchmarks.Send_Plaxion_5Behaviors: Dry(IterationCount=1, LaunchCount=1, RunStrategy=ColdStart, UnrollFactor=1, WarmupCount=1)
//   PipelineBehaviorBenchmarks.Send_Plaxion_10Behaviors: Dry(IterationCount=1, LaunchCount=1, RunStrategy=ColdStart, UnrollFactor=1, WarmupCount=1)
//   PipelineBehaviorBenchmarks.Send_Plaxion_20Behaviors: Dry(IterationCount=1, LaunchCount=1, RunStrategy=ColdStart, UnrollFactor=1, WarmupCount=1)
//   PipelineBehaviorBenchmarks.Send_MediatR_0Behaviors: Dry(IterationCount=1, LaunchCount=1, RunStrategy=ColdStart, UnrollFactor=1, WarmupCount=1)
//   PipelineBehaviorBenchmarks.Send_MediatR_1Behavior: Dry(IterationCount=1, LaunchCount=1, RunStrategy=ColdStart, UnrollFactor=1, WarmupCount=1)
//   PipelineBehaviorBenchmarks.Send_MediatR_5Behaviors: Dry(IterationCount=1, LaunchCount=1, RunStrategy=ColdStart, UnrollFactor=1, WarmupCount=1)
//   PipelineBehaviorBenchmarks.Send_MediatR_10Behaviors: Dry(IterationCount=1, LaunchCount=1, RunStrategy=ColdStart, UnrollFactor=1, WarmupCount=1)
//   PipelineBehaviorBenchmarks.Send_MediatR_20Behaviors: Dry(IterationCount=1, LaunchCount=1, RunStrategy=ColdStart, UnrollFactor=1, WarmupCount=1)
//   PipelineBehaviorBenchmarks.Send_Mediator_0Behaviors: Dry(IterationCount=1, LaunchCount=1, RunStrategy=ColdStart, UnrollFactor=1, WarmupCount=1)
//   PipelineBehaviorBenchmarks.Send_Mediator_1Behavior: Dry(IterationCount=1, LaunchCount=1, RunStrategy=ColdStart, UnrollFactor=1, WarmupCount=1)
//   PipelineBehaviorBenchmarks.Send_Mediator_5Behaviors: Dry(IterationCount=1, LaunchCount=1, RunStrategy=ColdStart, UnrollFactor=1, WarmupCount=1)
//   PipelineBehaviorBenchmarks.Send_Mediator_10Behaviors: Dry(IterationCount=1, LaunchCount=1, RunStrategy=ColdStart, UnrollFactor=1, WarmupCount=1)
//   PipelineBehaviorBenchmarks.Send_Mediator_20Behaviors: Dry(IterationCount=1, LaunchCount=1, RunStrategy=ColdStart, UnrollFactor=1, WarmupCount=1)

Setup power plan (GUID: 8c5e7fda-e8bf-4a96-9a85-a6e23a8c635c FriendlyName: High performance)
// **************************
// Benchmark: PipelineBehaviorBenchmarks.Send_Plaxion_0Behaviors: Dry(IterationCount=1, LaunchCount=1, RunStrategy=ColdStart, UnrollFactor=1, WarmupCount=1)
// *** Execute ***
// Launch: 1 / 1
// Execute: dotnet fbed55cd-ae87-46ee-a39a-ce1c8134860e.dll --anonymousPipes 2564 2576 --benchmarkName Plaxion.BenchMarks.Comparison.PipelineBehaviorBenchmarks.Send_Plaxion_0Behaviors --job Dry --benchmarkId 24 in C:\Users\Angel\RiderProjects\PlaxionMediator\benchmarks-comparison\src\Plaxion.BenchMarks.Comparison\bin\Release\net9.0\fbed55cd-ae87-46ee-a39a-ce1c8134860e\bin\Release\net9.0
// BeforeAnythingElse

// Benchmark Process Environment Information:
// BenchmarkDotNet v0.14.0
// Runtime=.NET 9.0.7 (9.0.725.31616), X64 RyuJIT AVX2
// GC=Concurrent Workstation
// HardwareIntrinsics=AVX2,AES,BMI1,BMI2,FMA,LZCNT,PCLMUL,POPCNT,AvxVnni,SERIALIZE VectorSize=256
// Job: Dry(IterationCount=1, LaunchCount=1, RunStrategy=ColdStart, UnrollFactor=1, WarmupCount=1)

// BeforeActualRun
WorkloadActual   1: 1 op, 4414200.00 ns, 4.4142 ms/op

// AfterActualRun
WorkloadResult   1: 1 op, 4414200.00 ns, 4.4142 ms/op
// GC:  0 0 0 1512 1
// Threading:  0 0 1

// AfterAll
// Benchmark Process 71848 has exited with code 0.

Mean = 4.414 ms, StdErr = 0.000 ms (0.00%), N = 1, StdDev = 0.000 ms
Min = 4.414 ms, Q1 = 4.414 ms, Median = 4.414 ms, Q3 = 4.414 ms, Max = 4.414 ms
IQR = 0.000 ms, LowerFence = 4.414 ms, UpperFence = 4.414 ms
ConfidenceInterval = [NaN ms; NaN ms] (CI 99.9%), Margin = NaN ms (NaN% of Mean)
Skewness = NaN, Kurtosis = NaN, MValue = 2

// ** Remained 17 (40.5%) benchmark(s) to run. Estimated finish 2026-08-03 11:42 (0h 0m from now) **
Setup power plan (GUID: 8c5e7fda-e8bf-4a96-9a85-a6e23a8c635c FriendlyName: High performance)
// **************************
// Benchmark: PipelineBehaviorBenchmarks.Send_Plaxion_1Behavior: Dry(IterationCount=1, LaunchCount=1, RunStrategy=ColdStart, UnrollFactor=1, WarmupCount=1)
// *** Execute ***
// Launch: 1 / 1
// Execute: dotnet fbed55cd-ae87-46ee-a39a-ce1c8134860e.dll --anonymousPipes 2260 1224 --benchmarkName Plaxion.BenchMarks.Comparison.PipelineBehaviorBenchmarks.Send_Plaxion_1Behavior --job Dry --benchmarkId 25 in C:\Users\Angel\RiderProjects\PlaxionMediator\benchmarks-comparison\src\Plaxion.BenchMarks.Comparison\bin\Release\net9.0\fbed55cd-ae87-46ee-a39a-ce1c8134860e\bin\Release\net9.0
// BeforeAnythingElse

// Benchmark Process Environment Information:
// BenchmarkDotNet v0.14.0
// Runtime=.NET 9.0.7 (9.0.725.31616), X64 RyuJIT AVX2
// GC=Concurrent Workstation
// HardwareIntrinsics=AVX2,AES,BMI1,BMI2,FMA,LZCNT,PCLMUL,POPCNT,AvxVnni,SERIALIZE VectorSize=256
// Job: Dry(IterationCount=1, LaunchCount=1, RunStrategy=ColdStart, UnrollFactor=1, WarmupCount=1)

// BeforeActualRun
WorkloadActual   1: 1 op, 6368700.00 ns, 6.3687 ms/op

// AfterActualRun
WorkloadResult   1: 1 op, 6368700.00 ns, 6.3687 ms/op
// GC:  0 0 0 2232 1
// Threading:  0 0 1

// AfterAll
// Benchmark Process 32756 has exited with code 0.

Mean = 6.369 ms, StdErr = 0.000 ms (0.00%), N = 1, StdDev = 0.000 ms
Min = 6.369 ms, Q1 = 6.369 ms, Median = 6.369 ms, Q3 = 6.369 ms, Max = 6.369 ms
IQR = 0.000 ms, LowerFence = 6.369 ms, UpperFence = 6.369 ms
ConfidenceInterval = [NaN ms; NaN ms] (CI 99.9%), Margin = NaN ms (NaN% of Mean)
Skewness = NaN, Kurtosis = NaN, MValue = 2

// ** Remained 16 (38.1%) benchmark(s) to run. Estimated finish 2026-08-03 11:42 (0h 0m from now) **
Setup power plan (GUID: 8c5e7fda-e8bf-4a96-9a85-a6e23a8c635c FriendlyName: High performance)
// **************************
// Benchmark: PipelineBehaviorBenchmarks.Send_Plaxion_5Behaviors: Dry(IterationCount=1, LaunchCount=1, RunStrategy=ColdStart, UnrollFactor=1, WarmupCount=1)
// *** Execute ***
// Launch: 1 / 1
// Execute: dotnet fbed55cd-ae87-46ee-a39a-ce1c8134860e.dll --anonymousPipes 2588 2600 --benchmarkName Plaxion.BenchMarks.Comparison.PipelineBehaviorBenchmarks.Send_Plaxion_5Behaviors --job Dry --benchmarkId 26 in C:\Users\Angel\RiderProjects\PlaxionMediator\benchmarks-comparison\src\Plaxion.BenchMarks.Comparison\bin\Release\net9.0\fbed55cd-ae87-46ee-a39a-ce1c8134860e\bin\Release\net9.0
// BeforeAnythingElse

// Benchmark Process Environment Information:
// BenchmarkDotNet v0.14.0
// Runtime=.NET 9.0.7 (9.0.725.31616), X64 RyuJIT AVX2
// GC=Concurrent Workstation
// HardwareIntrinsics=AVX2,AES,BMI1,BMI2,FMA,LZCNT,PCLMUL,POPCNT,AvxVnni,SERIALIZE VectorSize=256
// Job: Dry(IterationCount=1, LaunchCount=1, RunStrategy=ColdStart, UnrollFactor=1, WarmupCount=1)

// BeforeActualRun
WorkloadActual   1: 1 op, 8006200.00 ns, 8.0062 ms/op

// AfterActualRun
WorkloadResult   1: 1 op, 8006200.00 ns, 8.0062 ms/op
// GC:  0 0 0 3776 1
// Threading:  0 0 1

// AfterAll
// Benchmark Process 51628 has exited with code 0.

Mean = 8.006 ms, StdErr = 0.000 ms (0.00%), N = 1, StdDev = 0.000 ms
Min = 8.006 ms, Q1 = 8.006 ms, Median = 8.006 ms, Q3 = 8.006 ms, Max = 8.006 ms
IQR = 0.000 ms, LowerFence = 8.006 ms, UpperFence = 8.006 ms
ConfidenceInterval = [NaN ms; NaN ms] (CI 99.9%), Margin = NaN ms (NaN% of Mean)
Skewness = NaN, Kurtosis = NaN, MValue = 2

// ** Remained 15 (35.7%) benchmark(s) to run. Estimated finish 2026-08-03 11:42 (0h 0m from now) **
Setup power plan (GUID: 8c5e7fda-e8bf-4a96-9a85-a6e23a8c635c FriendlyName: High performance)
// **************************
// Benchmark: PipelineBehaviorBenchmarks.Send_Plaxion_10Behaviors: Dry(IterationCount=1, LaunchCount=1, RunStrategy=ColdStart, UnrollFactor=1, WarmupCount=1)
// *** Execute ***
// Launch: 1 / 1
// Execute: dotnet fbed55cd-ae87-46ee-a39a-ce1c8134860e.dll --anonymousPipes 3832 2520 --benchmarkName Plaxion.BenchMarks.Comparison.PipelineBehaviorBenchmarks.Send_Plaxion_10Behaviors --job Dry --benchmarkId 27 in C:\Users\Angel\RiderProjects\PlaxionMediator\benchmarks-comparison\src\Plaxion.BenchMarks.Comparison\bin\Release\net9.0\fbed55cd-ae87-46ee-a39a-ce1c8134860e\bin\Release\net9.0
// BeforeAnythingElse

// Benchmark Process Environment Information:
// BenchmarkDotNet v0.14.0
// Runtime=.NET 9.0.7 (9.0.725.31616), X64 RyuJIT AVX2
// GC=Concurrent Workstation
// HardwareIntrinsics=AVX2,AES,BMI1,BMI2,FMA,LZCNT,PCLMUL,POPCNT,AvxVnni,SERIALIZE VectorSize=256
// Job: Dry(IterationCount=1, LaunchCount=1, RunStrategy=ColdStart, UnrollFactor=1, WarmupCount=1)

// BeforeActualRun
WorkloadActual   1: 1 op, 10364100.00 ns, 10.3641 ms/op

// AfterActualRun
WorkloadResult   1: 1 op, 10364100.00 ns, 10.3641 ms/op
// GC:  0 0 0 4104 1
// Threading:  0 0 1

// AfterAll
// Benchmark Process 73284 has exited with code 0.

Mean = 10.364 ms, StdErr = 0.000 ms (0.00%), N = 1, StdDev = 0.000 ms
Min = 10.364 ms, Q1 = 10.364 ms, Median = 10.364 ms, Q3 = 10.364 ms, Max = 10.364 ms
IQR = 0.000 ms, LowerFence = 10.364 ms, UpperFence = 10.364 ms
ConfidenceInterval = [NaN ms; NaN ms] (CI 99.9%), Margin = NaN ms (NaN% of Mean)
Skewness = NaN, Kurtosis = NaN, MValue = 2

// ** Remained 14 (33.3%) benchmark(s) to run. Estimated finish 2026-08-03 11:42 (0h 0m from now) **
Setup power plan (GUID: 8c5e7fda-e8bf-4a96-9a85-a6e23a8c635c FriendlyName: High performance)
// **************************
// Benchmark: PipelineBehaviorBenchmarks.Send_Plaxion_20Behaviors: Dry(IterationCount=1, LaunchCount=1, RunStrategy=ColdStart, UnrollFactor=1, WarmupCount=1)
// *** Execute ***
// Launch: 1 / 1
// Execute: dotnet fbed55cd-ae87-46ee-a39a-ce1c8134860e.dll --anonymousPipes 1892 1172 --benchmarkName Plaxion.BenchMarks.Comparison.PipelineBehaviorBenchmarks.Send_Plaxion_20Behaviors --job Dry --benchmarkId 28 in C:\Users\Angel\RiderProjects\PlaxionMediator\benchmarks-comparison\src\Plaxion.BenchMarks.Comparison\bin\Release\net9.0\fbed55cd-ae87-46ee-a39a-ce1c8134860e\bin\Release\net9.0
// BeforeAnythingElse

// Benchmark Process Environment Information:
// BenchmarkDotNet v0.14.0
// Runtime=.NET 9.0.7 (9.0.725.31616), X64 RyuJIT AVX2
// GC=Concurrent Workstation
// HardwareIntrinsics=AVX2,AES,BMI1,BMI2,FMA,LZCNT,PCLMUL,POPCNT,AvxVnni,SERIALIZE VectorSize=256
// Job: Dry(IterationCount=1, LaunchCount=1, RunStrategy=ColdStart, UnrollFactor=1, WarmupCount=1)

// BeforeActualRun
WorkloadActual   1: 1 op, 15042500.00 ns, 15.0425 ms/op

// AfterActualRun
WorkloadResult   1: 1 op, 15042500.00 ns, 15.0425 ms/op
// GC:  0 0 0 6792 1
// Threading:  0 0 1

// AfterAll
// Benchmark Process 74080 has exited with code 0.

Mean = 15.043 ms, StdErr = 0.000 ms (0.00%), N = 1, StdDev = 0.000 ms
Min = 15.043 ms, Q1 = 15.043 ms, Median = 15.043 ms, Q3 = 15.043 ms, Max = 15.043 ms
IQR = 0.000 ms, LowerFence = 15.043 ms, UpperFence = 15.043 ms
ConfidenceInterval = [NaN ms; NaN ms] (CI 99.9%), Margin = NaN ms (NaN% of Mean)
Skewness = NaN, Kurtosis = NaN, MValue = 2

// ** Remained 13 (31.0%) benchmark(s) to run. Estimated finish 2026-08-03 11:42 (0h 0m from now) **
Setup power plan (GUID: 8c5e7fda-e8bf-4a96-9a85-a6e23a8c635c FriendlyName: High performance)
// **************************
// Benchmark: PipelineBehaviorBenchmarks.Send_MediatR_0Behaviors: Dry(IterationCount=1, LaunchCount=1, RunStrategy=ColdStart, UnrollFactor=1, WarmupCount=1)
// *** Execute ***
// Launch: 1 / 1
// Execute: dotnet fbed55cd-ae87-46ee-a39a-ce1c8134860e.dll --anonymousPipes 3860 1880 --benchmarkName Plaxion.BenchMarks.Comparison.PipelineBehaviorBenchmarks.Send_MediatR_0Behaviors --job Dry --benchmarkId 29 in C:\Users\Angel\RiderProjects\PlaxionMediator\benchmarks-comparison\src\Plaxion.BenchMarks.Comparison\bin\Release\net9.0\fbed55cd-ae87-46ee-a39a-ce1c8134860e\bin\Release\net9.0
// BeforeAnythingElse

// Benchmark Process Environment Information:
// BenchmarkDotNet v0.14.0
// Runtime=.NET 9.0.7 (9.0.725.31616), X64 RyuJIT AVX2
// GC=Concurrent Workstation
// HardwareIntrinsics=AVX2,AES,BMI1,BMI2,FMA,LZCNT,PCLMUL,POPCNT,AvxVnni,SERIALIZE VectorSize=256
// Job: Dry(IterationCount=1, LaunchCount=1, RunStrategy=ColdStart, UnrollFactor=1, WarmupCount=1)

// BeforeActualRun
WorkloadActual   1: 1 op, 2432400.00 ns, 2.4324 ms/op

// AfterActualRun
WorkloadResult   1: 1 op, 2432400.00 ns, 2.4324 ms/op
// GC:  0 0 0 3560 1
// Threading:  0 0 1

// AfterAll
// Benchmark Process 40020 has exited with code 0.

Mean = 2.432 ms, StdErr = 0.000 ms (0.00%), N = 1, StdDev = 0.000 ms
Min = 2.432 ms, Q1 = 2.432 ms, Median = 2.432 ms, Q3 = 2.432 ms, Max = 2.432 ms
IQR = 0.000 ms, LowerFence = 2.432 ms, UpperFence = 2.432 ms
ConfidenceInterval = [NaN ms; NaN ms] (CI 99.9%), Margin = NaN ms (NaN% of Mean)
Skewness = NaN, Kurtosis = NaN, MValue = 2

// ** Remained 12 (28.6%) benchmark(s) to run. Estimated finish 2026-08-03 11:42 (0h 0m from now) **
Setup power plan (GUID: 8c5e7fda-e8bf-4a96-9a85-a6e23a8c635c FriendlyName: High performance)
// **************************
// Benchmark: PipelineBehaviorBenchmarks.Send_MediatR_1Behavior: Dry(IterationCount=1, LaunchCount=1, RunStrategy=ColdStart, UnrollFactor=1, WarmupCount=1)
// *** Execute ***
// Launch: 1 / 1
// Execute: dotnet fbed55cd-ae87-46ee-a39a-ce1c8134860e.dll --anonymousPipes 2204 2608 --benchmarkName Plaxion.BenchMarks.Comparison.PipelineBehaviorBenchmarks.Send_MediatR_1Behavior --job Dry --benchmarkId 30 in C:\Users\Angel\RiderProjects\PlaxionMediator\benchmarks-comparison\src\Plaxion.BenchMarks.Comparison\bin\Release\net9.0\fbed55cd-ae87-46ee-a39a-ce1c8134860e\bin\Release\net9.0
// BeforeAnythingElse

// Benchmark Process Environment Information:
// BenchmarkDotNet v0.14.0
// Runtime=.NET 9.0.7 (9.0.725.31616), X64 RyuJIT AVX2
// GC=Concurrent Workstation
// HardwareIntrinsics=AVX2,AES,BMI1,BMI2,FMA,LZCNT,PCLMUL,POPCNT,AvxVnni,SERIALIZE VectorSize=256
// Job: Dry(IterationCount=1, LaunchCount=1, RunStrategy=ColdStart, UnrollFactor=1, WarmupCount=1)

// BeforeActualRun
WorkloadActual   1: 1 op, 3726400.00 ns, 3.7264 ms/op

// AfterActualRun
WorkloadResult   1: 1 op, 3726400.00 ns, 3.7264 ms/op
// GC:  0 0 0 3656 1
// Threading:  0 0 1

// AfterAll
// Benchmark Process 33780 has exited with code 0.

Mean = 3.726 ms, StdErr = 0.000 ms (0.00%), N = 1, StdDev = 0.000 ms
Min = 3.726 ms, Q1 = 3.726 ms, Median = 3.726 ms, Q3 = 3.726 ms, Max = 3.726 ms
IQR = 0.000 ms, LowerFence = 3.726 ms, UpperFence = 3.726 ms
ConfidenceInterval = [NaN ms; NaN ms] (CI 99.9%), Margin = NaN ms (NaN% of Mean)
Skewness = NaN, Kurtosis = NaN, MValue = 2

// ** Remained 11 (26.2%) benchmark(s) to run. Estimated finish 2026-08-03 11:42 (0h 0m from now) **
Setup power plan (GUID: 8c5e7fda-e8bf-4a96-9a85-a6e23a8c635c FriendlyName: High performance)
// **************************
// Benchmark: PipelineBehaviorBenchmarks.Send_MediatR_5Behaviors: Dry(IterationCount=1, LaunchCount=1, RunStrategy=ColdStart, UnrollFactor=1, WarmupCount=1)
// *** Execute ***
// Launch: 1 / 1
// Execute: dotnet fbed55cd-ae87-46ee-a39a-ce1c8134860e.dll --anonymousPipes 3904 1892 --benchmarkName Plaxion.BenchMarks.Comparison.PipelineBehaviorBenchmarks.Send_MediatR_5Behaviors --job Dry --benchmarkId 31 in C:\Users\Angel\RiderProjects\PlaxionMediator\benchmarks-comparison\src\Plaxion.BenchMarks.Comparison\bin\Release\net9.0\fbed55cd-ae87-46ee-a39a-ce1c8134860e\bin\Release\net9.0
// BeforeAnythingElse

// Benchmark Process Environment Information:
// BenchmarkDotNet v0.14.0
// Runtime=.NET 9.0.7 (9.0.725.31616), X64 RyuJIT AVX2
// GC=Concurrent Workstation
// HardwareIntrinsics=AVX2,AES,BMI1,BMI2,FMA,LZCNT,PCLMUL,POPCNT,AvxVnni,SERIALIZE VectorSize=256
// Job: Dry(IterationCount=1, LaunchCount=1, RunStrategy=ColdStart, UnrollFactor=1, WarmupCount=1)

// BeforeActualRun
WorkloadActual   1: 1 op, 5840800.00 ns, 5.8408 ms/op

// AfterActualRun
WorkloadResult   1: 1 op, 5840800.00 ns, 5.8408 ms/op
// GC:  0 0 0 5320 1
// Threading:  0 0 1

// AfterAll
// Benchmark Process 50720 has exited with code 0.

Mean = 5.841 ms, StdErr = 0.000 ms (0.00%), N = 1, StdDev = 0.000 ms
Min = 5.841 ms, Q1 = 5.841 ms, Median = 5.841 ms, Q3 = 5.841 ms, Max = 5.841 ms
IQR = 0.000 ms, LowerFence = 5.841 ms, UpperFence = 5.841 ms
ConfidenceInterval = [NaN ms; NaN ms] (CI 99.9%), Margin = NaN ms (NaN% of Mean)
Skewness = NaN, Kurtosis = NaN, MValue = 2

// ** Remained 10 (23.8%) benchmark(s) to run. Estimated finish 2026-08-03 11:42 (0h 0m from now) **
Setup power plan (GUID: 8c5e7fda-e8bf-4a96-9a85-a6e23a8c635c FriendlyName: High performance)
// **************************
// Benchmark: PipelineBehaviorBenchmarks.Send_MediatR_10Behaviors: Dry(IterationCount=1, LaunchCount=1, RunStrategy=ColdStart, UnrollFactor=1, WarmupCount=1)
// *** Execute ***
// Launch: 1 / 1
// Execute: dotnet fbed55cd-ae87-46ee-a39a-ce1c8134860e.dll --anonymousPipes 1272 1268 --benchmarkName Plaxion.BenchMarks.Comparison.PipelineBehaviorBenchmarks.Send_MediatR_10Behaviors --job Dry --benchmarkId 32 in C:\Users\Angel\RiderProjects\PlaxionMediator\benchmarks-comparison\src\Plaxion.BenchMarks.Comparison\bin\Release\net9.0\fbed55cd-ae87-46ee-a39a-ce1c8134860e\bin\Release\net9.0
// BeforeAnythingElse

// Benchmark Process Environment Information:
// BenchmarkDotNet v0.14.0
// Runtime=.NET 9.0.7 (9.0.725.31616), X64 RyuJIT AVX2
// GC=Concurrent Workstation
// HardwareIntrinsics=AVX2,AES,BMI1,BMI2,FMA,LZCNT,PCLMUL,POPCNT,AvxVnni,SERIALIZE VectorSize=256
// Job: Dry(IterationCount=1, LaunchCount=1, RunStrategy=ColdStart, UnrollFactor=1, WarmupCount=1)

// BeforeActualRun
WorkloadActual   1: 1 op, 7648700.00 ns, 7.6487 ms/op

// AfterActualRun
WorkloadResult   1: 1 op, 7648700.00 ns, 7.6487 ms/op
// GC:  0 0 0 6752 1
// Threading:  0 0 1

// AfterAll
// Benchmark Process 46220 has exited with code 0.

Mean = 7.649 ms, StdErr = 0.000 ms (0.00%), N = 1, StdDev = 0.000 ms
Min = 7.649 ms, Q1 = 7.649 ms, Median = 7.649 ms, Q3 = 7.649 ms, Max = 7.649 ms
IQR = 0.000 ms, LowerFence = 7.649 ms, UpperFence = 7.649 ms
ConfidenceInterval = [NaN ms; NaN ms] (CI 99.9%), Margin = NaN ms (NaN% of Mean)
Skewness = NaN, Kurtosis = NaN, MValue = 2

// ** Remained 9 (21.4%) benchmark(s) to run. Estimated finish 2026-08-03 11:42 (0h 0m from now) **
Setup power plan (GUID: 8c5e7fda-e8bf-4a96-9a85-a6e23a8c635c FriendlyName: High performance)
// **************************
// Benchmark: PipelineBehaviorBenchmarks.Send_MediatR_20Behaviors: Dry(IterationCount=1, LaunchCount=1, RunStrategy=ColdStart, UnrollFactor=1, WarmupCount=1)
// *** Execute ***
// Launch: 1 / 1
// Execute: dotnet fbed55cd-ae87-46ee-a39a-ce1c8134860e.dll --anonymousPipes 1224 2568 --benchmarkName Plaxion.BenchMarks.Comparison.PipelineBehaviorBenchmarks.Send_MediatR_20Behaviors --job Dry --benchmarkId 33 in C:\Users\Angel\RiderProjects\PlaxionMediator\benchmarks-comparison\src\Plaxion.BenchMarks.Comparison\bin\Release\net9.0\fbed55cd-ae87-46ee-a39a-ce1c8134860e\bin\Release\net9.0
// BeforeAnythingElse

// Benchmark Process Environment Information:
// BenchmarkDotNet v0.14.0
// Runtime=.NET 9.0.7 (9.0.725.31616), X64 RyuJIT AVX2
// GC=Concurrent Workstation
// HardwareIntrinsics=AVX2,AES,BMI1,BMI2,FMA,LZCNT,PCLMUL,POPCNT,AvxVnni,SERIALIZE VectorSize=256
// Job: Dry(IterationCount=1, LaunchCount=1, RunStrategy=ColdStart, UnrollFactor=1, WarmupCount=1)

// BeforeActualRun
WorkloadActual   1: 1 op, 12176400.00 ns, 12.1764 ms/op

// AfterActualRun
WorkloadResult   1: 1 op, 12176400.00 ns, 12.1764 ms/op
// GC:  0 0 0 9584 1
// Threading:  0 0 1

// AfterAll
// Benchmark Process 15332 has exited with code 0.

Mean = 12.176 ms, StdErr = 0.000 ms (0.00%), N = 1, StdDev = 0.000 ms
Min = 12.176 ms, Q1 = 12.176 ms, Median = 12.176 ms, Q3 = 12.176 ms, Max = 12.176 ms
IQR = 0.000 ms, LowerFence = 12.176 ms, UpperFence = 12.176 ms
ConfidenceInterval = [NaN ms; NaN ms] (CI 99.9%), Margin = NaN ms (NaN% of Mean)
Skewness = NaN, Kurtosis = NaN, MValue = 2

// ** Remained 8 (19.0%) benchmark(s) to run. Estimated finish 2026-08-03 11:42 (0h 0m from now) **
Setup power plan (GUID: 8c5e7fda-e8bf-4a96-9a85-a6e23a8c635c FriendlyName: High performance)
// **************************
// Benchmark: PipelineBehaviorBenchmarks.Send_Mediator_0Behaviors: Dry(IterationCount=1, LaunchCount=1, RunStrategy=ColdStart, UnrollFactor=1, WarmupCount=1)
// *** Execute ***
// Launch: 1 / 1
// Execute: dotnet fbed55cd-ae87-46ee-a39a-ce1c8134860e.dll --anonymousPipes 3928 3920 --benchmarkName Plaxion.BenchMarks.Comparison.PipelineBehaviorBenchmarks.Send_Mediator_0Behaviors --job Dry --benchmarkId 34 in C:\Users\Angel\RiderProjects\PlaxionMediator\benchmarks-comparison\src\Plaxion.BenchMarks.Comparison\bin\Release\net9.0\fbed55cd-ae87-46ee-a39a-ce1c8134860e\bin\Release\net9.0
// BeforeAnythingElse

// Benchmark Process Environment Information:
// BenchmarkDotNet v0.14.0
// Runtime=.NET 9.0.7 (9.0.725.31616), X64 RyuJIT AVX2
// GC=Concurrent Workstation
// HardwareIntrinsics=AVX2,AES,BMI1,BMI2,FMA,LZCNT,PCLMUL,POPCNT,AvxVnni,SERIALIZE VectorSize=256
// Job: Dry(IterationCount=1, LaunchCount=1, RunStrategy=ColdStart, UnrollFactor=1, WarmupCount=1)

// BeforeActualRun
WorkloadActual   1: 1 op, 11891800.00 ns, 11.8918 ms/op

// AfterActualRun
WorkloadResult   1: 1 op, 11891800.00 ns, 11.8918 ms/op
// GC:  0 0 0 784 1
// Threading:  0 0 1

// AfterAll
// Benchmark Process 12992 has exited with code 0.

Mean = 11.892 ms, StdErr = 0.000 ms (0.00%), N = 1, StdDev = 0.000 ms
Min = 11.892 ms, Q1 = 11.892 ms, Median = 11.892 ms, Q3 = 11.892 ms, Max = 11.892 ms
IQR = 0.000 ms, LowerFence = 11.892 ms, UpperFence = 11.892 ms
ConfidenceInterval = [NaN ms; NaN ms] (CI 99.9%), Margin = NaN ms (NaN% of Mean)
Skewness = NaN, Kurtosis = NaN, MValue = 2

// ** Remained 7 (16.7%) benchmark(s) to run. Estimated finish 2026-08-03 11:42 (0h 0m from now) **
Setup power plan (GUID: 8c5e7fda-e8bf-4a96-9a85-a6e23a8c635c FriendlyName: High performance)
// **************************
// Benchmark: PipelineBehaviorBenchmarks.Send_Mediator_1Behavior: Dry(IterationCount=1, LaunchCount=1, RunStrategy=ColdStart, UnrollFactor=1, WarmupCount=1)
// *** Execute ***
// Launch: 1 / 1
// Execute: dotnet fbed55cd-ae87-46ee-a39a-ce1c8134860e.dll --anonymousPipes 3952 3940 --benchmarkName Plaxion.BenchMarks.Comparison.PipelineBehaviorBenchmarks.Send_Mediator_1Behavior --job Dry --benchmarkId 35 in C:\Users\Angel\RiderProjects\PlaxionMediator\benchmarks-comparison\src\Plaxion.BenchMarks.Comparison\bin\Release\net9.0\fbed55cd-ae87-46ee-a39a-ce1c8134860e\bin\Release\net9.0
// BeforeAnythingElse

// Benchmark Process Environment Information:
// BenchmarkDotNet v0.14.0
// Runtime=.NET 9.0.7 (9.0.725.31616), X64 RyuJIT AVX2
// GC=Concurrent Workstation
// HardwareIntrinsics=AVX2,AES,BMI1,BMI2,FMA,LZCNT,PCLMUL,POPCNT,AvxVnni,SERIALIZE VectorSize=256
// Job: Dry(IterationCount=1, LaunchCount=1, RunStrategy=ColdStart, UnrollFactor=1, WarmupCount=1)

// BeforeActualRun
WorkloadActual   1: 1 op, 12547300.00 ns, 12.5473 ms/op

// AfterActualRun
WorkloadResult   1: 1 op, 12547300.00 ns, 12.5473 ms/op
// GC:  0 0 0 912 1
// Threading:  0 0 1

// AfterAll
// Benchmark Process 32356 has exited with code 0.

Mean = 12.547 ms, StdErr = 0.000 ms (0.00%), N = 1, StdDev = 0.000 ms
Min = 12.547 ms, Q1 = 12.547 ms, Median = 12.547 ms, Q3 = 12.547 ms, Max = 12.547 ms
IQR = 0.000 ms, LowerFence = 12.547 ms, UpperFence = 12.547 ms
ConfidenceInterval = [NaN ms; NaN ms] (CI 99.9%), Margin = NaN ms (NaN% of Mean)
Skewness = NaN, Kurtosis = NaN, MValue = 2

// ** Remained 6 (14.3%) benchmark(s) to run. Estimated finish 2026-08-03 11:42 (0h 0m from now) **
Setup power plan (GUID: 8c5e7fda-e8bf-4a96-9a85-a6e23a8c635c FriendlyName: High performance)
// **************************
// Benchmark: PipelineBehaviorBenchmarks.Send_Mediator_5Behaviors: Dry(IterationCount=1, LaunchCount=1, RunStrategy=ColdStart, UnrollFactor=1, WarmupCount=1)
// *** Execute ***
// Launch: 1 / 1
// Execute: dotnet fbed55cd-ae87-46ee-a39a-ce1c8134860e.dll --anonymousPipes 3988 3976 --benchmarkName Plaxion.BenchMarks.Comparison.PipelineBehaviorBenchmarks.Send_Mediator_5Behaviors --job Dry --benchmarkId 36 in C:\Users\Angel\RiderProjects\PlaxionMediator\benchmarks-comparison\src\Plaxion.BenchMarks.Comparison\bin\Release\net9.0\fbed55cd-ae87-46ee-a39a-ce1c8134860e\bin\Release\net9.0
// BeforeAnythingElse

// Benchmark Process Environment Information:
// BenchmarkDotNet v0.14.0
// Runtime=.NET 9.0.7 (9.0.725.31616), X64 RyuJIT AVX2
// GC=Concurrent Workstation
// HardwareIntrinsics=AVX2,AES,BMI1,BMI2,FMA,LZCNT,PCLMUL,POPCNT,AvxVnni,SERIALIZE VectorSize=256
// Job: Dry(IterationCount=1, LaunchCount=1, RunStrategy=ColdStart, UnrollFactor=1, WarmupCount=1)

// BeforeActualRun
WorkloadActual   1: 1 op, 15685200.00 ns, 15.6852 ms/op

// AfterActualRun
WorkloadResult   1: 1 op, 15685200.00 ns, 15.6852 ms/op
// GC:  0 0 0 1424 1
// Threading:  0 0 1

// AfterAll
// Benchmark Process 61048 has exited with code 0.

Mean = 15.685 ms, StdErr = 0.000 ms (0.00%), N = 1, StdDev = 0.000 ms
Min = 15.685 ms, Q1 = 15.685 ms, Median = 15.685 ms, Q3 = 15.685 ms, Max = 15.685 ms
IQR = 0.000 ms, LowerFence = 15.685 ms, UpperFence = 15.685 ms
ConfidenceInterval = [NaN ms; NaN ms] (CI 99.9%), Margin = NaN ms (NaN% of Mean)
Skewness = NaN, Kurtosis = NaN, MValue = 2

// ** Remained 5 (11.9%) benchmark(s) to run. Estimated finish 2026-08-03 11:42 (0h 0m from now) **
Setup power plan (GUID: 8c5e7fda-e8bf-4a96-9a85-a6e23a8c635c FriendlyName: High performance)
// **************************
// Benchmark: PipelineBehaviorBenchmarks.Send_Mediator_10Behaviors: Dry(IterationCount=1, LaunchCount=1, RunStrategy=ColdStart, UnrollFactor=1, WarmupCount=1)
// *** Execute ***
// Launch: 1 / 1
// Execute: dotnet fbed55cd-ae87-46ee-a39a-ce1c8134860e.dll --anonymousPipes 1892 1864 --benchmarkName Plaxion.BenchMarks.Comparison.PipelineBehaviorBenchmarks.Send_Mediator_10Behaviors --job Dry --benchmarkId 37 in C:\Users\Angel\RiderProjects\PlaxionMediator\benchmarks-comparison\src\Plaxion.BenchMarks.Comparison\bin\Release\net9.0\fbed55cd-ae87-46ee-a39a-ce1c8134860e\bin\Release\net9.0
// BeforeAnythingElse

// Benchmark Process Environment Information:
// BenchmarkDotNet v0.14.0
// Runtime=.NET 9.0.7 (9.0.725.31616), X64 RyuJIT AVX2
// GC=Concurrent Workstation
// HardwareIntrinsics=AVX2,AES,BMI1,BMI2,FMA,LZCNT,PCLMUL,POPCNT,AvxVnni,SERIALIZE VectorSize=256
// Job: Dry(IterationCount=1, LaunchCount=1, RunStrategy=ColdStart, UnrollFactor=1, WarmupCount=1)

// BeforeActualRun
WorkloadActual   1: 1 op, 18747700.00 ns, 18.7477 ms/op

// AfterActualRun
WorkloadResult   1: 1 op, 18747700.00 ns, 18.7477 ms/op
// GC:  0 0 0 2064 1
// Threading:  0 0 1

// AfterAll
// Benchmark Process 40468 has exited with code 0.

Mean = 18.748 ms, StdErr = 0.000 ms (0.00%), N = 1, StdDev = 0.000 ms
Min = 18.748 ms, Q1 = 18.748 ms, Median = 18.748 ms, Q3 = 18.748 ms, Max = 18.748 ms
IQR = 0.000 ms, LowerFence = 18.748 ms, UpperFence = 18.748 ms
ConfidenceInterval = [NaN ms; NaN ms] (CI 99.9%), Margin = NaN ms (NaN% of Mean)
Skewness = NaN, Kurtosis = NaN, MValue = 2

// ** Remained 4 (9.5%) benchmark(s) to run. Estimated finish 2026-08-03 11:42 (0h 0m from now) **
Setup power plan (GUID: 8c5e7fda-e8bf-4a96-9a85-a6e23a8c635c FriendlyName: High performance)
// **************************
// Benchmark: PipelineBehaviorBenchmarks.Send_Mediator_20Behaviors: Dry(IterationCount=1, LaunchCount=1, RunStrategy=ColdStart, UnrollFactor=1, WarmupCount=1)
// *** Execute ***
// Launch: 1 / 1
// Execute: dotnet fbed55cd-ae87-46ee-a39a-ce1c8134860e.dll --anonymousPipes 2032 2040 --benchmarkName Plaxion.BenchMarks.Comparison.PipelineBehaviorBenchmarks.Send_Mediator_20Behaviors --job Dry --benchmarkId 38 in C:\Users\Angel\RiderProjects\PlaxionMediator\benchmarks-comparison\src\Plaxion.BenchMarks.Comparison\bin\Release\net9.0\fbed55cd-ae87-46ee-a39a-ce1c8134860e\bin\Release\net9.0
// BeforeAnythingElse

// Benchmark Process Environment Information:
// BenchmarkDotNet v0.14.0
// Runtime=.NET 9.0.7 (9.0.725.31616), X64 RyuJIT AVX2
// GC=Concurrent Workstation
// HardwareIntrinsics=AVX2,AES,BMI1,BMI2,FMA,LZCNT,PCLMUL,POPCNT,AvxVnni,SERIALIZE VectorSize=256
// Job: Dry(IterationCount=1, LaunchCount=1, RunStrategy=ColdStart, UnrollFactor=1, WarmupCount=1)

// BeforeActualRun
WorkloadActual   1: 1 op, 25021400.00 ns, 25.0214 ms/op

// AfterActualRun
WorkloadResult   1: 1 op, 25021400.00 ns, 25.0214 ms/op
// GC:  0 0 0 3632 1
// Threading:  0 0 1

// AfterAll
// Benchmark Process 65200 has exited with code 0.

Mean = 25.021 ms, StdErr = 0.000 ms (0.00%), N = 1, StdDev = 0.000 ms
Min = 25.021 ms, Q1 = 25.021 ms, Median = 25.021 ms, Q3 = 25.021 ms, Max = 25.021 ms
IQR = 0.000 ms, LowerFence = 25.021 ms, UpperFence = 25.021 ms
ConfidenceInterval = [NaN ms; NaN ms] (CI 99.9%), Margin = NaN ms (NaN% of Mean)
Skewness = NaN, Kurtosis = NaN, MValue = 2

// ** Remained 3 (7.1%) benchmark(s) to run. Estimated finish 2026-08-03 11:42 (0h 0m from now) **
Successfully reverted power plan (GUID: 381b4222-f694-41f0-9685-ff5bb260df2e FriendlyName: Balanced)
// ***** BenchmarkRunner: Finish  *****

// * Export *
  benchmarks-comparison\src\Plaxion.BenchMarks.Comparison\BenchmarkDotNet.Artifacts\results\Plaxion.BenchMarks.Comparison.PipelineBehaviorBenchmarks-report-full.json
  benchmarks-comparison\src\Plaxion.BenchMarks.Comparison\BenchmarkDotNet.Artifacts\results\Plaxion.BenchMarks.Comparison.PipelineBehaviorBenchmarks-report.csv
  benchmarks-comparison\src\Plaxion.BenchMarks.Comparison\BenchmarkDotNet.Artifacts\results\Plaxion.BenchMarks.Comparison.PipelineBehaviorBenchmarks-report-github.md

// * Detailed results *
PipelineBehaviorBenchmarks.Send_MediatR_0Behaviors: Dry(IterationCount=1, LaunchCount=1, RunStrategy=ColdStart, UnrollFactor=1, WarmupCount=1)
Runtime = .NET 9.0.7 (9.0.725.31616), X64 RyuJIT AVX2; GC = Concurrent Workstation
Mean = 2.432 ms, StdErr = 0.000 ms (0.00%), N = 1, StdDev = 0.000 ms
Min = 2.432 ms, Q1 = 2.432 ms, Median = 2.432 ms, Q3 = 2.432 ms, Max = 2.432 ms
IQR = 0.000 ms, LowerFence = 2.432 ms, UpperFence = 2.432 ms
ConfidenceInterval = [NaN ms; NaN ms] (CI 99.9%), Margin = NaN ms (NaN% of Mean)
Skewness = NaN, Kurtosis = NaN, MValue = 2
-------------------- Histogram --------------------
[2.432 ms ; 2.432 ms) | @
---------------------------------------------------

PipelineBehaviorBenchmarks.Send_MediatR_1Behavior: Dry(IterationCount=1, LaunchCount=1, RunStrategy=ColdStart, UnrollFactor=1, WarmupCount=1)
Runtime = .NET 9.0.7 (9.0.725.31616), X64 RyuJIT AVX2; GC = Concurrent Workstation
Mean = 3.726 ms, StdErr = 0.000 ms (0.00%), N = 1, StdDev = 0.000 ms
Min = 3.726 ms, Q1 = 3.726 ms, Median = 3.726 ms, Q3 = 3.726 ms, Max = 3.726 ms
IQR = 0.000 ms, LowerFence = 3.726 ms, UpperFence = 3.726 ms
ConfidenceInterval = [NaN ms; NaN ms] (CI 99.9%), Margin = NaN ms (NaN% of Mean)
Skewness = NaN, Kurtosis = NaN, MValue = 2
-------------------- Histogram --------------------
[3.726 ms ; 3.726 ms) | @
---------------------------------------------------

PipelineBehaviorBenchmarks.Send_Plaxion_0Behaviors: Dry(IterationCount=1, LaunchCount=1, RunStrategy=ColdStart, UnrollFactor=1, WarmupCount=1)
Runtime = .NET 9.0.7 (9.0.725.31616), X64 RyuJIT AVX2; GC = Concurrent Workstation
Mean = 4.414 ms, StdErr = 0.000 ms (0.00%), N = 1, StdDev = 0.000 ms
Min = 4.414 ms, Q1 = 4.414 ms, Median = 4.414 ms, Q3 = 4.414 ms, Max = 4.414 ms
IQR = 0.000 ms, LowerFence = 4.414 ms, UpperFence = 4.414 ms
ConfidenceInterval = [NaN ms; NaN ms] (CI 99.9%), Margin = NaN ms (NaN% of Mean)
Skewness = NaN, Kurtosis = NaN, MValue = 2
-------------------- Histogram --------------------
[4.414 ms ; 4.414 ms) | @
---------------------------------------------------

PipelineBehaviorBenchmarks.Send_MediatR_5Behaviors: Dry(IterationCount=1, LaunchCount=1, RunStrategy=ColdStart, UnrollFactor=1, WarmupCount=1)
Runtime = .NET 9.0.7 (9.0.725.31616), X64 RyuJIT AVX2; GC = Concurrent Workstation
Mean = 5.841 ms, StdErr = 0.000 ms (0.00%), N = 1, StdDev = 0.000 ms
Min = 5.841 ms, Q1 = 5.841 ms, Median = 5.841 ms, Q3 = 5.841 ms, Max = 5.841 ms
IQR = 0.000 ms, LowerFence = 5.841 ms, UpperFence = 5.841 ms
ConfidenceInterval = [NaN ms; NaN ms] (CI 99.9%), Margin = NaN ms (NaN% of Mean)
Skewness = NaN, Kurtosis = NaN, MValue = 2
-------------------- Histogram --------------------
[5.841 ms ; 5.841 ms) | @
---------------------------------------------------

PipelineBehaviorBenchmarks.Send_Plaxion_1Behavior: Dry(IterationCount=1, LaunchCount=1, RunStrategy=ColdStart, UnrollFactor=1, WarmupCount=1)
Runtime = .NET 9.0.7 (9.0.725.31616), X64 RyuJIT AVX2; GC = Concurrent Workstation
Mean = 6.369 ms, StdErr = 0.000 ms (0.00%), N = 1, StdDev = 0.000 ms
Min = 6.369 ms, Q1 = 6.369 ms, Median = 6.369 ms, Q3 = 6.369 ms, Max = 6.369 ms
IQR = 0.000 ms, LowerFence = 6.369 ms, UpperFence = 6.369 ms
ConfidenceInterval = [NaN ms; NaN ms] (CI 99.9%), Margin = NaN ms (NaN% of Mean)
Skewness = NaN, Kurtosis = NaN, MValue = 2
-------------------- Histogram --------------------
[6.369 ms ; 6.369 ms) | @
---------------------------------------------------

PipelineBehaviorBenchmarks.Send_MediatR_10Behaviors: Dry(IterationCount=1, LaunchCount=1, RunStrategy=ColdStart, UnrollFactor=1, WarmupCount=1)
Runtime = .NET 9.0.7 (9.0.725.31616), X64 RyuJIT AVX2; GC = Concurrent Workstation
Mean = 7.649 ms, StdErr = 0.000 ms (0.00%), N = 1, StdDev = 0.000 ms
Min = 7.649 ms, Q1 = 7.649 ms, Median = 7.649 ms, Q3 = 7.649 ms, Max = 7.649 ms
IQR = 0.000 ms, LowerFence = 7.649 ms, UpperFence = 7.649 ms
ConfidenceInterval = [NaN ms; NaN ms] (CI 99.9%), Margin = NaN ms (NaN% of Mean)
Skewness = NaN, Kurtosis = NaN, MValue = 2
-------------------- Histogram --------------------
[7.649 ms ; 7.649 ms) | @
---------------------------------------------------

PipelineBehaviorBenchmarks.Send_Plaxion_5Behaviors: Dry(IterationCount=1, LaunchCount=1, RunStrategy=ColdStart, UnrollFactor=1, WarmupCount=1)
Runtime = .NET 9.0.7 (9.0.725.31616), X64 RyuJIT AVX2; GC = Concurrent Workstation
Mean = 8.006 ms, StdErr = 0.000 ms (0.00%), N = 1, StdDev = 0.000 ms
Min = 8.006 ms, Q1 = 8.006 ms, Median = 8.006 ms, Q3 = 8.006 ms, Max = 8.006 ms
IQR = 0.000 ms, LowerFence = 8.006 ms, UpperFence = 8.006 ms
ConfidenceInterval = [NaN ms; NaN ms] (CI 99.9%), Margin = NaN ms (NaN% of Mean)
Skewness = NaN, Kurtosis = NaN, MValue = 2
-------------------- Histogram --------------------
[8.006 ms ; 8.006 ms) | @
---------------------------------------------------

PipelineBehaviorBenchmarks.Send_Plaxion_10Behaviors: Dry(IterationCount=1, LaunchCount=1, RunStrategy=ColdStart, UnrollFactor=1, WarmupCount=1)
Runtime = .NET 9.0.7 (9.0.725.31616), X64 RyuJIT AVX2; GC = Concurrent Workstation
Mean = 10.364 ms, StdErr = 0.000 ms (0.00%), N = 1, StdDev = 0.000 ms
Min = 10.364 ms, Q1 = 10.364 ms, Median = 10.364 ms, Q3 = 10.364 ms, Max = 10.364 ms
IQR = 0.000 ms, LowerFence = 10.364 ms, UpperFence = 10.364 ms
ConfidenceInterval = [NaN ms; NaN ms] (CI 99.9%), Margin = NaN ms (NaN% of Mean)
Skewness = NaN, Kurtosis = NaN, MValue = 2
-------------------- Histogram --------------------
[10.364 ms ; 10.364 ms) | @
---------------------------------------------------

PipelineBehaviorBenchmarks.Send_Mediator_0Behaviors: Dry(IterationCount=1, LaunchCount=1, RunStrategy=ColdStart, UnrollFactor=1, WarmupCount=1)
Runtime = .NET 9.0.7 (9.0.725.31616), X64 RyuJIT AVX2; GC = Concurrent Workstation
Mean = 11.892 ms, StdErr = 0.000 ms (0.00%), N = 1, StdDev = 0.000 ms
Min = 11.892 ms, Q1 = 11.892 ms, Median = 11.892 ms, Q3 = 11.892 ms, Max = 11.892 ms
IQR = 0.000 ms, LowerFence = 11.892 ms, UpperFence = 11.892 ms
ConfidenceInterval = [NaN ms; NaN ms] (CI 99.9%), Margin = NaN ms (NaN% of Mean)
Skewness = NaN, Kurtosis = NaN, MValue = 2
-------------------- Histogram --------------------
[11.892 ms ; 11.892 ms) | @
---------------------------------------------------

PipelineBehaviorBenchmarks.Send_MediatR_20Behaviors: Dry(IterationCount=1, LaunchCount=1, RunStrategy=ColdStart, UnrollFactor=1, WarmupCount=1)
Runtime = .NET 9.0.7 (9.0.725.31616), X64 RyuJIT AVX2; GC = Concurrent Workstation
Mean = 12.176 ms, StdErr = 0.000 ms (0.00%), N = 1, StdDev = 0.000 ms
Min = 12.176 ms, Q1 = 12.176 ms, Median = 12.176 ms, Q3 = 12.176 ms, Max = 12.176 ms
IQR = 0.000 ms, LowerFence = 12.176 ms, UpperFence = 12.176 ms
ConfidenceInterval = [NaN ms; NaN ms] (CI 99.9%), Margin = NaN ms (NaN% of Mean)
Skewness = NaN, Kurtosis = NaN, MValue = 2
-------------------- Histogram --------------------
[12.176 ms ; 12.176 ms) | @
---------------------------------------------------

PipelineBehaviorBenchmarks.Send_Mediator_1Behavior: Dry(IterationCount=1, LaunchCount=1, RunStrategy=ColdStart, UnrollFactor=1, WarmupCount=1)
Runtime = .NET 9.0.7 (9.0.725.31616), X64 RyuJIT AVX2; GC = Concurrent Workstation
Mean = 12.547 ms, StdErr = 0.000 ms (0.00%), N = 1, StdDev = 0.000 ms
Min = 12.547 ms, Q1 = 12.547 ms, Median = 12.547 ms, Q3 = 12.547 ms, Max = 12.547 ms
IQR = 0.000 ms, LowerFence = 12.547 ms, UpperFence = 12.547 ms
ConfidenceInterval = [NaN ms; NaN ms] (CI 99.9%), Margin = NaN ms (NaN% of Mean)
Skewness = NaN, Kurtosis = NaN, MValue = 2
-------------------- Histogram --------------------
[12.547 ms ; 12.547 ms) | @
---------------------------------------------------

PipelineBehaviorBenchmarks.Send_Plaxion_20Behaviors: Dry(IterationCount=1, LaunchCount=1, RunStrategy=ColdStart, UnrollFactor=1, WarmupCount=1)
Runtime = .NET 9.0.7 (9.0.725.31616), X64 RyuJIT AVX2; GC = Concurrent Workstation
Mean = 15.043 ms, StdErr = 0.000 ms (0.00%), N = 1, StdDev = 0.000 ms
Min = 15.043 ms, Q1 = 15.043 ms, Median = 15.043 ms, Q3 = 15.043 ms, Max = 15.043 ms
IQR = 0.000 ms, LowerFence = 15.043 ms, UpperFence = 15.043 ms
ConfidenceInterval = [NaN ms; NaN ms] (CI 99.9%), Margin = NaN ms (NaN% of Mean)
Skewness = NaN, Kurtosis = NaN, MValue = 2
-------------------- Histogram --------------------
[15.042 ms ; 15.043 ms) | @
---------------------------------------------------

PipelineBehaviorBenchmarks.Send_Mediator_5Behaviors: Dry(IterationCount=1, LaunchCount=1, RunStrategy=ColdStart, UnrollFactor=1, WarmupCount=1)
Runtime = .NET 9.0.7 (9.0.725.31616), X64 RyuJIT AVX2; GC = Concurrent Workstation
Mean = 15.685 ms, StdErr = 0.000 ms (0.00%), N = 1, StdDev = 0.000 ms
Min = 15.685 ms, Q1 = 15.685 ms, Median = 15.685 ms, Q3 = 15.685 ms, Max = 15.685 ms
IQR = 0.000 ms, LowerFence = 15.685 ms, UpperFence = 15.685 ms
ConfidenceInterval = [NaN ms; NaN ms] (CI 99.9%), Margin = NaN ms (NaN% of Mean)
Skewness = NaN, Kurtosis = NaN, MValue = 2
-------------------- Histogram --------------------
[15.685 ms ; 15.685 ms) | @
---------------------------------------------------

PipelineBehaviorBenchmarks.Send_Mediator_10Behaviors: Dry(IterationCount=1, LaunchCount=1, RunStrategy=ColdStart, UnrollFactor=1, WarmupCount=1)
Runtime = .NET 9.0.7 (9.0.725.31616), X64 RyuJIT AVX2; GC = Concurrent Workstation
Mean = 18.748 ms, StdErr = 0.000 ms (0.00%), N = 1, StdDev = 0.000 ms
Min = 18.748 ms, Q1 = 18.748 ms, Median = 18.748 ms, Q3 = 18.748 ms, Max = 18.748 ms
IQR = 0.000 ms, LowerFence = 18.748 ms, UpperFence = 18.748 ms
ConfidenceInterval = [NaN ms; NaN ms] (CI 99.9%), Margin = NaN ms (NaN% of Mean)
Skewness = NaN, Kurtosis = NaN, MValue = 2
-------------------- Histogram --------------------
[18.748 ms ; 18.748 ms) | @
---------------------------------------------------

PipelineBehaviorBenchmarks.Send_Mediator_20Behaviors: Dry(IterationCount=1, LaunchCount=1, RunStrategy=ColdStart, UnrollFactor=1, WarmupCount=1)
Runtime = .NET 9.0.7 (9.0.725.31616), X64 RyuJIT AVX2; GC = Concurrent Workstation
Mean = 25.021 ms, StdErr = 0.000 ms (0.00%), N = 1, StdDev = 0.000 ms
Min = 25.021 ms, Q1 = 25.021 ms, Median = 25.021 ms, Q3 = 25.021 ms, Max = 25.021 ms
IQR = 0.000 ms, LowerFence = 25.021 ms, UpperFence = 25.021 ms
ConfidenceInterval = [NaN ms; NaN ms] (CI 99.9%), Margin = NaN ms (NaN% of Mean)
Skewness = NaN, Kurtosis = NaN, MValue = 2
-------------------- Histogram --------------------
[25.021 ms ; 25.021 ms) | @
---------------------------------------------------

// * Summary *

BenchmarkDotNet v0.14.0, Windows 11 (10.0.26200.8875)
12th Gen Intel Core i7-12700K, 1 CPU, 20 logical and 12 physical cores
.NET SDK 9.0.202
  [Host] : .NET 9.0.7 (9.0.725.31616), X64 RyuJIT AVX2
  Dry    : .NET 9.0.7 (9.0.725.31616), X64 RyuJIT AVX2

Job=Dry  IterationCount=1  LaunchCount=1  
RunStrategy=ColdStart  UnrollFactor=1  WarmupCount=1  

| Method                    | Mean      | Error | Allocated |
|-------------------------- |----------:|------:|----------:|
| Send_MediatR_0Behaviors   |  2.432 ms |    NA |    3560 B |
| Send_MediatR_1Behavior    |  3.726 ms |    NA |    3656 B |
| Send_Plaxion_0Behaviors   |  4.414 ms |    NA |    1512 B |
| Send_MediatR_5Behaviors   |  5.841 ms |    NA |    5320 B |
| Send_Plaxion_1Behavior    |  6.369 ms |    NA |    2232 B |
| Send_MediatR_10Behaviors  |  7.649 ms |    NA |    6752 B |
| Send_Plaxion_5Behaviors   |  8.006 ms |    NA |    3776 B |
| Send_Plaxion_10Behaviors  | 10.364 ms |    NA |    4104 B |
| Send_Mediator_0Behaviors  | 11.892 ms |    NA |     784 B |
| Send_MediatR_20Behaviors  | 12.176 ms |    NA |    9584 B |
| Send_Mediator_1Behavior   | 12.547 ms |    NA |     912 B |
| Send_Plaxion_20Behaviors  | 15.043 ms |    NA |    6792 B |
| Send_Mediator_5Behaviors  | 15.685 ms |    NA |    1424 B |
| Send_Mediator_10Behaviors | 18.748 ms |    NA |    2064 B |
| Send_Mediator_20Behaviors | 25.021 ms |    NA |    3632 B |

// * Legends *
  Mean      : Arithmetic mean of all measurements
  Error     : Half of 99.9% confidence interval
  Allocated : Allocated memory per single operation (managed only, inclusive, 1KB = 1024B)
  1 ms      : 1 Millisecond (0.001 sec)

// * Diagnostic Output - MemoryDiagnoser *


// ***** BenchmarkRunner: End *****
Run time: 00:00:05 (5.7 sec), executed benchmarks: 15

// Found 3 benchmarks:
//   TypeVarietyBenchmarks.Dispatch_Plaxion_50Types: Dry(IterationCount=1, LaunchCount=1, RunStrategy=ColdStart, UnrollFactor=1, WarmupCount=1)
//   TypeVarietyBenchmarks.Dispatch_MediatR_50Types: Dry(IterationCount=1, LaunchCount=1, RunStrategy=ColdStart, UnrollFactor=1, WarmupCount=1)
//   TypeVarietyBenchmarks.Dispatch_Mediator_50Types: Dry(IterationCount=1, LaunchCount=1, RunStrategy=ColdStart, UnrollFactor=1, WarmupCount=1)

Setup power plan (GUID: 8c5e7fda-e8bf-4a96-9a85-a6e23a8c635c FriendlyName: High performance)
// **************************
// Benchmark: TypeVarietyBenchmarks.Dispatch_Plaxion_50Types: Dry(IterationCount=1, LaunchCount=1, RunStrategy=ColdStart, UnrollFactor=1, WarmupCount=1)
// *** Execute ***
// Launch: 1 / 1
// Execute: dotnet fbed55cd-ae87-46ee-a39a-ce1c8134860e.dll --anonymousPipes 1332 2068 --benchmarkName Plaxion.BenchMarks.Comparison.TypeVarietyBenchmarks.Dispatch_Plaxion_50Types --job Dry --benchmarkId 39 in C:\Users\Angel\RiderProjects\PlaxionMediator\benchmarks-comparison\src\Plaxion.BenchMarks.Comparison\bin\Release\net9.0\fbed55cd-ae87-46ee-a39a-ce1c8134860e\bin\Release\net9.0
// BeforeAnythingElse

// Benchmark Process Environment Information:
// BenchmarkDotNet v0.14.0
// Runtime=.NET 9.0.7 (9.0.725.31616), X64 RyuJIT AVX2
// GC=Concurrent Workstation
// HardwareIntrinsics=AVX2,AES,BMI1,BMI2,FMA,LZCNT,PCLMUL,POPCNT,AvxVnni,SERIALIZE VectorSize=256
// Job: Dry(IterationCount=1, LaunchCount=1, RunStrategy=ColdStart, UnrollFactor=1, WarmupCount=1)

// BeforeActualRun
WorkloadActual   1: 1 op, 12058300.00 ns, 12.0583 ms/op

// AfterActualRun
WorkloadResult   1: 1 op, 12058300.00 ns, 12.0583 ms/op
// GC:  0 0 0 8368 1
// Threading:  0 0 1

// AfterAll
// Benchmark Process 29796 has exited with code 0.

Mean = 12.058 ms, StdErr = 0.000 ms (0.00%), N = 1, StdDev = 0.000 ms
Min = 12.058 ms, Q1 = 12.058 ms, Median = 12.058 ms, Q3 = 12.058 ms, Max = 12.058 ms
IQR = 0.000 ms, LowerFence = 12.058 ms, UpperFence = 12.058 ms
ConfidenceInterval = [NaN ms; NaN ms] (CI 99.9%), Margin = NaN ms (NaN% of Mean)
Skewness = NaN, Kurtosis = NaN, MValue = 2

// ** Remained 2 (4.8%) benchmark(s) to run. Estimated finish 2026-08-03 11:42 (0h 0m from now) **
Setup power plan (GUID: 8c5e7fda-e8bf-4a96-9a85-a6e23a8c635c FriendlyName: High performance)
// **************************
// Benchmark: TypeVarietyBenchmarks.Dispatch_MediatR_50Types: Dry(IterationCount=1, LaunchCount=1, RunStrategy=ColdStart, UnrollFactor=1, WarmupCount=1)
// *** Execute ***
// Launch: 1 / 1
// Execute: dotnet fbed55cd-ae87-46ee-a39a-ce1c8134860e.dll --anonymousPipes 2564 2568 --benchmarkName Plaxion.BenchMarks.Comparison.TypeVarietyBenchmarks.Dispatch_MediatR_50Types --job Dry --benchmarkId 40 in C:\Users\Angel\RiderProjects\PlaxionMediator\benchmarks-comparison\src\Plaxion.BenchMarks.Comparison\bin\Release\net9.0\fbed55cd-ae87-46ee-a39a-ce1c8134860e\bin\Release\net9.0
// BeforeAnythingElse

// Benchmark Process Environment Information:
// BenchmarkDotNet v0.14.0
// Runtime=.NET 9.0.7 (9.0.725.31616), X64 RyuJIT AVX2
// GC=Concurrent Workstation
// HardwareIntrinsics=AVX2,AES,BMI1,BMI2,FMA,LZCNT,PCLMUL,POPCNT,AvxVnni,SERIALIZE VectorSize=256
// Job: Dry(IterationCount=1, LaunchCount=1, RunStrategy=ColdStart, UnrollFactor=1, WarmupCount=1)

// BeforeActualRun
WorkloadActual   1: 1 op, 6853100.00 ns, 6.8531 ms/op

// AfterActualRun
WorkloadResult   1: 1 op, 6853100.00 ns, 6.8531 ms/op
// GC:  0 0 0 98080 1
// Threading:  0 0 1

// AfterAll
// Benchmark Process 67824 has exited with code 0.

Mean = 6.853 ms, StdErr = 0.000 ms (0.00%), N = 1, StdDev = 0.000 ms
Min = 6.853 ms, Q1 = 6.853 ms, Median = 6.853 ms, Q3 = 6.853 ms, Max = 6.853 ms
IQR = 0.000 ms, LowerFence = 6.853 ms, UpperFence = 6.853 ms
ConfidenceInterval = [NaN ms; NaN ms] (CI 99.9%), Margin = NaN ms (NaN% of Mean)
Skewness = NaN, Kurtosis = NaN, MValue = 2

// ** Remained 1 (2.4%) benchmark(s) to run. Estimated finish 2026-08-03 11:42 (0h 0m from now) **
Setup power plan (GUID: 8c5e7fda-e8bf-4a96-9a85-a6e23a8c635c FriendlyName: High performance)
// **************************
// Benchmark: TypeVarietyBenchmarks.Dispatch_Mediator_50Types: Dry(IterationCount=1, LaunchCount=1, RunStrategy=ColdStart, UnrollFactor=1, WarmupCount=1)
// *** Execute ***
// Launch: 1 / 1
// Execute: dotnet fbed55cd-ae87-46ee-a39a-ce1c8134860e.dll --anonymousPipes 4020 4016 --benchmarkName Plaxion.BenchMarks.Comparison.TypeVarietyBenchmarks.Dispatch_Mediator_50Types --job Dry --benchmarkId 41 in C:\Users\Angel\RiderProjects\PlaxionMediator\benchmarks-comparison\src\Plaxion.BenchMarks.Comparison\bin\Release\net9.0\fbed55cd-ae87-46ee-a39a-ce1c8134860e\bin\Release\net9.0
// BeforeAnythingElse

// Benchmark Process Environment Information:
// BenchmarkDotNet v0.14.0
// Runtime=.NET 9.0.7 (9.0.725.31616), X64 RyuJIT AVX2
// GC=Concurrent Workstation
// HardwareIntrinsics=AVX2,AES,BMI1,BMI2,FMA,LZCNT,PCLMUL,POPCNT,AvxVnni,SERIALIZE VectorSize=256
// Job: Dry(IterationCount=1, LaunchCount=1, RunStrategy=ColdStart, UnrollFactor=1, WarmupCount=1)

// BeforeActualRun
WorkloadActual   1: 1 op, 12338600.00 ns, 12.3386 ms/op

// AfterActualRun
WorkloadResult   1: 1 op, 12338600.00 ns, 12.3386 ms/op
// GC:  0 0 0 1072 1
// Threading:  0 0 1

// AfterAll
// Benchmark Process 31916 has exited with code 0.

Mean = 12.339 ms, StdErr = 0.000 ms (0.00%), N = 1, StdDev = 0.000 ms
Min = 12.339 ms, Q1 = 12.339 ms, Median = 12.339 ms, Q3 = 12.339 ms, Max = 12.339 ms
IQR = 0.000 ms, LowerFence = 12.339 ms, UpperFence = 12.339 ms
ConfidenceInterval = [NaN ms; NaN ms] (CI 99.9%), Margin = NaN ms (NaN% of Mean)
Skewness = NaN, Kurtosis = NaN, MValue = 2

// ** Remained 0 (0.0%) benchmark(s) to run. Estimated finish 2026-08-03 11:42 (0h 0m from now) **
Successfully reverted power plan (GUID: 381b4222-f694-41f0-9685-ff5bb260df2e FriendlyName: Balanced)
// ***** BenchmarkRunner: Finish  *****

// * Export *
  benchmarks-comparison\src\Plaxion.BenchMarks.Comparison\BenchmarkDotNet.Artifacts\results\Plaxion.BenchMarks.Comparison.TypeVarietyBenchmarks-report-full.json
  benchmarks-comparison\src\Plaxion.BenchMarks.Comparison\BenchmarkDotNet.Artifacts\results\Plaxion.BenchMarks.Comparison.TypeVarietyBenchmarks-report.csv
  benchmarks-comparison\src\Plaxion.BenchMarks.Comparison\BenchmarkDotNet.Artifacts\results\Plaxion.BenchMarks.Comparison.TypeVarietyBenchmarks-report-github.md

// * Detailed results *
TypeVarietyBenchmarks.Dispatch_MediatR_50Types: Dry(IterationCount=1, LaunchCount=1, RunStrategy=ColdStart, UnrollFactor=1, WarmupCount=1)
Runtime = .NET 9.0.7 (9.0.725.31616), X64 RyuJIT AVX2; GC = Concurrent Workstation
Mean = 6.853 ms, StdErr = 0.000 ms (0.00%), N = 1, StdDev = 0.000 ms
Min = 6.853 ms, Q1 = 6.853 ms, Median = 6.853 ms, Q3 = 6.853 ms, Max = 6.853 ms
IQR = 0.000 ms, LowerFence = 6.853 ms, UpperFence = 6.853 ms
ConfidenceInterval = [NaN ms; NaN ms] (CI 99.9%), Margin = NaN ms (NaN% of Mean)
Skewness = NaN, Kurtosis = NaN, MValue = 2
-------------------- Histogram --------------------
[6.853 ms ; 6.853 ms) | @
---------------------------------------------------

TypeVarietyBenchmarks.Dispatch_Plaxion_50Types: Dry(IterationCount=1, LaunchCount=1, RunStrategy=ColdStart, UnrollFactor=1, WarmupCount=1)
Runtime = .NET 9.0.7 (9.0.725.31616), X64 RyuJIT AVX2; GC = Concurrent Workstation
Mean = 12.058 ms, StdErr = 0.000 ms (0.00%), N = 1, StdDev = 0.000 ms
Min = 12.058 ms, Q1 = 12.058 ms, Median = 12.058 ms, Q3 = 12.058 ms, Max = 12.058 ms
IQR = 0.000 ms, LowerFence = 12.058 ms, UpperFence = 12.058 ms
ConfidenceInterval = [NaN ms; NaN ms] (CI 99.9%), Margin = NaN ms (NaN% of Mean)
Skewness = NaN, Kurtosis = NaN, MValue = 2
-------------------- Histogram --------------------
[12.058 ms ; 12.058 ms) | @
---------------------------------------------------

TypeVarietyBenchmarks.Dispatch_Mediator_50Types: Dry(IterationCount=1, LaunchCount=1, RunStrategy=ColdStart, UnrollFactor=1, WarmupCount=1)
Runtime = .NET 9.0.7 (9.0.725.31616), X64 RyuJIT AVX2; GC = Concurrent Workstation
Mean = 12.339 ms, StdErr = 0.000 ms (0.00%), N = 1, StdDev = 0.000 ms
Min = 12.339 ms, Q1 = 12.339 ms, Median = 12.339 ms, Q3 = 12.339 ms, Max = 12.339 ms
IQR = 0.000 ms, LowerFence = 12.339 ms, UpperFence = 12.339 ms
ConfidenceInterval = [NaN ms; NaN ms] (CI 99.9%), Margin = NaN ms (NaN% of Mean)
Skewness = NaN, Kurtosis = NaN, MValue = 2
-------------------- Histogram --------------------
[12.339 ms ; 12.339 ms) | @
---------------------------------------------------

// * Summary *

BenchmarkDotNet v0.14.0, Windows 11 (10.0.26200.8875)
12th Gen Intel Core i7-12700K, 1 CPU, 20 logical and 12 physical cores
.NET SDK 9.0.202
  [Host] : .NET 9.0.7 (9.0.725.31616), X64 RyuJIT AVX2
  Dry    : .NET 9.0.7 (9.0.725.31616), X64 RyuJIT AVX2

Job=Dry  IterationCount=1  LaunchCount=1  
RunStrategy=ColdStart  UnrollFactor=1  WarmupCount=1  

| Method                    | Mean      | Error | Allocated |
|-------------------------- |----------:|------:|----------:|
| Dispatch_MediatR_50Types  |  6.853 ms |    NA |  95.78 KB |
| Dispatch_Plaxion_50Types  | 12.058 ms |    NA |   8.17 KB |
| Dispatch_Mediator_50Types | 12.339 ms |    NA |   1.05 KB |

// * Legends *
  Mean      : Arithmetic mean of all measurements
  Error     : Half of 99.9% confidence interval
  Allocated : Allocated memory per single operation (managed only, inclusive, 1KB = 1024B)
  1 ms      : 1 Millisecond (0.001 sec)

// * Diagnostic Output - MemoryDiagnoser *


// ***** BenchmarkRunner: End *****
Run time: 00:00:01 (1.35 sec), executed benchmarks: 3

Global total time: 00:00:38 (38.28 sec), executed benchmarks: 42
// * Artifacts cleanup *
Artifacts cleanup is finished
